GEO.id,GEO.id2,GEO.display-label,HD01_VD01,HD02_VD01,HD01_VD02,HD02_VD02,HD01_VD03,HD02_VD03,HD01_VD04,HD02_VD04,HD01_VD05,HD02_VD05,HD01_VD06,HD02_VD06
Id,Id2,Geography,Estimate; Total:,Margin of Error; Total:,Estimate; In family households:,Margin of Error; In family households:,Estimate; In family households: - In married-couple family,Margin of Error; In family households: - In married-couple family,"Estimate; In family households: - In male householder, no wife present, family","Margin of Error; In family households: - In male householder, no wife present, family","Estimate; In family households: - In female householder, no husband present, family","Margin of Error; In family households: - In female householder, no husband present, family",Estimate; In nonfamily households,Margin of Error; In nonfamily households
310M300US10140,10140,"Aberdeen, WA Micro Area",14559,234,14439,287,9852,1450,1924,883,2663,1085,120,173
310M300US10180,10180,"Abilene, TX Metro Area",39751,1375,39501,1416,26515,2641,1776,755,11210,2519,250,292
310M300US10300,10300,"Adrian, MI Micro Area",20974,143,20952,147,14550,1540,1670,713,4732,1397,22,37
310M300US10380,10380,"Aguadilla-Isabela, PR Metro Area",62133,1424,62133,1424,30044,3369,6464,2088,25625,2990,0,222
310M300US10420,10420,"Akron, OH Metro Area",144798,499,143567,899,94653,4517,10112,2358,38802,4076,1231,760
310M300US10460,10460,"Alamogordo, NM Micro Area",15433,363,15294,429,10090,1407,642,438,4562,1292,139,208
310M300US10500,10500,"Albany, GA Metro Area",37687,1083,37260,1179,17772,2516,2472,1665,17016,2733,427,443
310M300US10540,10540,"Albany, OR Metro Area",27951,523,27951,523,18638,2125,3454,1702,5859,1798,0,201
310M300US10580,10580,"Albany-Schenectady-Troy, NY Metro Area",174650,985,173159,1286,113972,4590,14414,3107,44773,4340,1491,733
310M300US10700,10700,"Albertville, AL Micro Area",23493,144,22473,664,15045,1949,1844,772,5584,1969,1020,658
310M300US10740,10740,"Albuquerque, NM Metro Area",207468,1171,206081,1417,125810,7149,16111,3070,64160,6757,1387,817
310M300US10780,10780,"Alexandria, LA Metro Area",37883,278,36991,1343,19511,1995,3586,1740,13894,2658,892,1332
310M300US10900,10900,"Allentown-Bethlehem-Easton, PA-NJ Metro Area",177502,379,175872,981,114635,5277,16518,3498,44719,4337,1630,851
310M300US11020,11020,"Altoona, PA Metro Area",25647,404,25576,407,16063,1915,2222,825,7291,1956,71,87
310M300US11100,11100,"Amarillo, TX Metro Area",67871,903,67364,966,47814,3200,4286,1863,15264,2760,507,325
310M300US11180,11180,"Ames, IA Metro Area",15384,374,15338,380,12026,1033,891,364,2421,1011,46,84
310M300US11260,11260,"Anchorage, AK Metro Area",102059,220,101563,472,72991,3536,10022,2477,18550,2894,496,442
310M300US11460,11460,"Ann Arbor, MI Metro Area",68813,478,68652,505,50452,2358,5058,1784,13142,2264,161,146
310M300US11500,11500,"Anniston-Oxford-Jacksonville, AL Metro Area",24760,351,24659,343,15032,1652,1107,683,8520,1555,101,129
310M300US11540,11540,"Appleton, WI Metro Area",55906,465,55244,612,42548,2041,4859,1476,7837,1827,662,428
310M300US11640,11640,"Arecibo, PR Metro Area",36142,1287,35586,1509,17504,2721,2196,994,15886,2449,556,697
310M300US11700,11700,"Asheville, NC Metro Area",84429,890,83367,1045,59208,4223,4373,1377,19786,3577,1062,582
310M300US11780,11780,"Ashtabula, OH Micro Area",21898,157,21603,284,13776,1447,2589,1230,5238,1171,295,253
310M300US11900,11900,"Athens, OH Micro Area",9501,534,9175,641,6621,815,793,448,1761,735,326,424
310M300US11980,11980,"Athens, TX Micro Area",17381,146,17077,377,13048,1162,668,420,3361,1077,304,344
310M300US12020,12020,"Athens-Clarke County, GA Metro Area",41656,1013,41255,1098,27012,3043,2324,1208,11919,2807,401,412
310M300US12060,12060,"Atlanta-Sandy Springs-Roswell, GA Metro Area",1445844,2277,1436953,3350,924808,17418,104234,8703,407911,17144,8891,2833
310M300US12100,12100,"Atlantic City-Hammonton, NJ Metro Area",58825,211,58075,1014,33256,2750,4570,1699,20249,2656,750,969
310M300US12180,12180,"Auburn, NY Micro Area",15268,303,15140,332,9064,1015,1584,567,4492,1123,128,166
310M300US12220,12220,"Auburn-Opelika, AL Metro Area",33963,143,33921,163,22867,1980,1835,1629,9219,2110,42,76
310M300US12260,12260,"Augusta-Richmond County, GA-SC Metro Area",137762,1646,137387,1762,79845,4966,9372,2402,48170,5073,375,367
310M300US12300,12300,"Augusta-Waterville, ME Micro Area",23766,208,23466,471,14991,1514,3262,1646,5213,1217,300,424
310M300US12420,12420,"Austin-Round Rock, TX Metro Area",484170,1596,482636,1886,343678,8198,25514,4580,113444,8515,1534,810
310M300US12540,12540,"Bakersfield, CA Metro Area",257768,467,256414,1067,163188,7496,18615,4606,74611,7170,1354,919
310M300US12580,12580,"Baltimore-Columbia-Towson, MD Metro Area",615696,792,608835,2456,390620,8479,47725,6058,170490,8372,6861,2308
310M300US12620,12620,"Bangor, ME Metro Area",27739,507,27514,659,17568,1543,3019,1159,6927,1550,225,273
310M300US12700,12700,"Barnstable Town, MA Metro Area",33663,629,33438,684,21558,1984,3369,1028,8511,1760,225,215
310M300US12940,12940,"Baton Rouge, LA Metro Area",198145,1283,195837,1677,117933,7555,12165,3276,65739,6823,2308,1095
310M300US12980,12980,"Battle Creek, MI Metro Area",30871,427,30519,437,17566,1803,4141,1517,8812,1930,352,247
310M300US13020,13020,"Bay City, MI Metro Area",21372,193,21188,312,13316,1687,1975,968,5897,1407,184,257
310M300US13140,13140,"Beaumont-Port Arthur, TX Metro Area",99241,1119,98783,1199,59982,3731,7595,2405,31206,4106,458,491
310M300US13180,13180,"Beaver Dam, WI Micro Area",17818,7,17521,257,11934,1188,1364,588,4223,1125,297,257
310M300US13220,13220,"Beckley, WV Metro Area",24938,530,24429,625,15047,2107,1912,932,7470,1983,509,495
310M300US13380,13380,"Bellingham, WA Metro Area",42492,240,42187,342,32917,2129,3772,1677,5498,1423,305,243
310M300US13460,13460,"Bend-Redmond, OR Metro Area",37302,458,37302,458,22707,3271,4091,1815,10504,2848,0,201
310M300US13740,13740,"Billings, MT Metro Area",38822,855,38388,1133,29530,2281,3590,1223,5268,1705,434,683
310M300US13780,13780,"Binghamton, NY Metro Area",48908,433,47842,1094,31507,2206,3804,1387,12531,1880,1066,997
310M300US13820,13820,"Birmingham-Hoover, AL Metro Area",265104,1521,264391,1653,171074,5318,18504,3021,74813,4988,713,643
310M300US13900,13900,"Bismarck, ND Metro Area",30556,890,29445,1386,19919,1937,3322,1502,6204,1805,1111,933
310M300US13980,13980,"Blacksburg-Christiansburg-Radford, VA Metro Area",29464,1422,28947,1456,22905,1997,2364,1354,3678,1210,517,549
310M300US14010,14010,"Bloomington, IL Metro Area",40970,626,40748,639,30673,1552,2741,1090,7334,1348,222,187
310M300US14020,14020,"Bloomington, IN Metro Area",26765,614,26630,619,18936,2000,1992,945,5702,1689,135,172
310M300US14100,14100,"Bloomsburg-Berwick, PA Metro Area",15312,242,14943,376,10753,802,876,394,3314,631,369,340
310M300US14140,14140,"Bluefield, WV-VA Micro Area",21133,319,21133,319,13178,1919,2674,1233,5281,1767,0,193
310M300US14260,14260,"Boise City, ID Metro Area",175997,1368,175224,1491,130423,5711,12575,3035,32226,5166,773,648
310M300US14460,14460,"Boston-Cambridge-Newton, MA-NH Metro Area",965333,1000,960803,1625,683168,10307,62703,7628,214932,10270,4530,1427
310M300US14500,14500,"Boulder, CO Metro Area",63369,185,63085,447,47832,2567,4997,1592,10256,2007,284,409
310M300US14540,14540,"Bowling Green, KY Metro Area",39201,1572,39130,1572,25172,2370,3129,1296,10829,1947,71,118
310M300US14580,14580,"Bozeman, MT Micro Area",21261,301,21227,306,18416,1179,918,678,1893,788,34,56
310M300US14660,14660,"Brainerd, MN Micro Area",20346,318,20075,424,13597,1179,2272,964,4206,1017,271,241
310M300US14700,14700,"Branson, MO Micro Area",16901,292,16901,292,11132,1266,2401,1190,3368,939,0,187
310M300US14740,14740,"Bremerton-Silverdale, WA Metro Area",54618,71,54166,406,40102,1860,4986,1115,9078,1766,452,402
310M300US14860,14860,"Bridgeport-Stamford-Norwalk, CT Metro Area",217351,180,216314,640,160649,3924,11309,2002,44356,3603,1037,634
310M300US15180,15180,"Brownsville-Harlingen, TX Metro Area",130149,881,129352,1449,83769,5329,6535,1940,39048,5087,797,840
310M300US15260,15260,"Brunswick, GA Metro Area",26730,1472,26605,1482,17366,2620,2818,2049,6421,1795,125,183
310M300US15380,15380,"Buffalo-Cheektowaga-Niagara Falls, NY Metro Area",231050,482,229879,769,146101,5860,16416,2489,67362,4863,1171,516
310M300US15500,15500,"Burlington, NC Metro Area",35596,236,35516,252,20222,2135,3200,1039,12094,2095,80,100
310M300US15540,15540,"Burlington-South Burlington, VT Metro Area",42078,1018,41829,1077,30863,2590,3354,1451,7612,1872,249,269
310M300US15680,15680,"California-Lexington Park, MD Metro Area",27642,5,27262,588,21192,1579,505,367,5565,1526,380,586
310M300US15940,15940,"Canton-Massillon, OH Metro Area",86557,374,85928,535,54856,3236,8876,2083,22196,2773,629,356
310M300US15980,15980,"Cape Coral-Fort Myers, FL Metro Area",131181,141,130322,611,80654,5291,16155,3357,33513,5233,859,586
310M300US16020,16020,"Cape Girardeau, MO-IL Metro Area",19734,1274,19596,1345,13446,1865,1713,887,4437,1451,138,219
310M300US16060,16060,"Carbondale-Marion, IL Metro Area",25803,487,25573,528,15675,1673,2029,784,7869,1593,230,268
310M300US16180,16180,"Carson City, NV Metro Area",11595,119,11494,158,6349,1547,1601,1040,3544,1470,101,121
310M300US16220,16220,"Casper, WY Metro Area",19711,434,19020,524,12123,1486,800,610,6097,1509,691,670
310M300US16300,16300,"Cedar Rapids, IA Metro Area",62906,321,61988,824,45594,2937,4851,1479,11543,2712,918,764
310M300US16500,16500,"Centralia, WA Micro Area",16144,120,16007,229,10443,1410,1394,687,4170,1316,137,187
310M300US16540,16540,"Chambersburg-Waynesboro, PA Metro Area",34582,502,34381,507,25008,1803,2678,1322,6695,1694,201,247
310M300US16580,16580,"Champaign-Urbana, IL Metro Area",45165,1135,44945,1168,29526,2186,4311,1721,11108,1780,220,249
310M300US16620,16620,"Charleston, WV Metro Area",44414,1427,44328,1442,27323,3195,4026,1375,12979,2759,86,119
310M300US16660,16660,"Charleston-Mattoon, IL Micro Area",12264,1015,12264,1015,8301,1249,616,444,3347,1339,0,185
310M300US16700,16700,"Charleston-North Charleston, SC Metro Area",168630,418,167132,1067,110951,5360,7340,2109,48841,4925,1498,1039
310M300US16740,16740,"Charlotte-Concord-Gastonia, NC-SC Metro Area",598073,1199,593969,1746,400721,8882,41453,4584,151795,8420,4104,1336
310M300US16820,16820,"Charlottesville, VA Metro Area",44317,1955,43838,2015,31521,2184,3382,1207,8935,1802,479,466
310M300US16860,16860,"Chattanooga, TN-GA Metro Area",117881,1590,117019,1718,81774,3831,8853,2464,26392,3001,862,733
310M300US16940,16940,"Cheyenne, WY Metro Area",22723,372,22532,535,14738,2056,2783,1527,5011,1557,191,254
310M300US16980,16980,"Chicago-Naperville-Elgin, IL-IN-WI Metro Area",2213452,1821,2198886,2910,1489343,15326,167279,10202,542264,15010,14566,2618
310M300US17020,17020,"Chico, CA Metro Area",45575,347,45298,414,31994,2493,4286,1265,9018,2210,277,200
310M300US17060,17060,"Chillicothe, OH Micro Area",16371,130,16201,228,10638,1337,1224,680,4339,1215,170,180
310M300US17140,17140,"Cincinnati, OH-KY-IN Metro Area",511389,2082,508144,2099,335193,8097,39012,4115,133939,8209,3245,1236
310M300US17200,17200,"Claremont-Lebanon, NH-VT Micro Area",38360,957,38051,1006,25712,1954,4098,1106,8241,1814,309,284
310M300US17220,17220,"Clarksburg, WV Micro Area",18295,1230,18034,1268,12505,1708,1337,715,4192,1377,261,254
310M300US17300,17300,"Clarksville, TN-KY Metro Area",75178,981,74721,1039,50913,3078,5156,1483,18652,2929,457,373
310M300US17340,17340,"Clearlake, CA Micro Area",13273,31,13273,31,7492,1738,819,552,4962,1705,0,206
310M300US17420,17420,"Cleveland, TN Metro Area",26719,1415,26442,1444,18164,2089,1580,1007,6698,2055,277,449
310M300US17460,17460,"Cleveland-Elyria, OH Metro Area",441203,448,437690,1302,262581,6622,36644,4435,138465,6476,3513,1117
310M300US17660,17660,"Coeur d'Alene, ID Metro Area",35314,567,35302,565,22379,2562,3696,1600,9227,2236,12,21
310M300US17780,17780,"College Station-Bryan, TX Metro Area",52830,1525,52757,1525,34857,3400,4269,1765,13631,3069,73,128
310M300US17820,17820,"Colorado Springs, CO Metro Area",172972,1265,171555,1305,124757,5339,11503,2771,35295,5096,1417,755
310M300US17860,17860,"Columbia, MO Metro Area",35579,393,35376,484,23316,2400,1926,900,10134,2411,203,237
310M300US17900,17900,"Columbia, SC Metro Area",181061,1941,179301,2036,107705,7023,13518,2565,58078,6563,1760,933
310M300US17980,17980,"Columbus, GA-AL Metro Area",74686,1558,74450,1509,41070,2951,6872,1908,26508,2896,236,304
310M300US18020,18020,"Columbus, IN Metro Area",19394,124,19394,124,13955,1334,1372,747,4067,1266,0,192
310M300US18140,18140,"Columbus, OH Metro Area",487826,1325,483327,1795,311974,9196,42165,5315,129188,7826,4499,1359
310M300US18180,18180,"Concord, NH Micro Area",28537,442,27941,826,20342,1581,2634,962,4965,1264,596,729
310M300US18260,18260,"Cookeville, TN Micro Area",23894,943,23634,1042,15435,1852,1365,743,6834,1606,260,292
310M300US18300,18300,"Coos Bay, OR Micro Area",11908,326,11908,326,6741,1251,2575,1076,2592,1014,0,201
310M300US18500,18500,"Corning, NY Micro Area",21095,212,20602,737,12611,1469,1924,852,6067,1170,493,729
310M300US18580,18580,"Corpus Christi, TX Metro Area",113475,1692,112050,2140,66702,4754,12418,2710,32930,4578,1425,1202
310M300US18700,18700,"Corvallis, OR Metro Area",14880,331,14880,331,11719,936,1071,604,2090,878,0,201
310M300US18880,18880,"Crestview-Fort Walton Beach-Destin, FL Metro Area",57090,434,56801,584,40492,2923,5644,1712,10665,2655,289,384
310M300US18980,18980,"Cullman, AL Micro Area",17941,387,17826,417,13736,1387,845,692,3245,1242,115,152
310M300US19060,19060,"Cumberland, MD-WV Metro Area",18185,329,17938,437,11891,1339,1674,739,4373,1192,247,312
310M300US19100,19100,"Dallas-Fort Worth-Arlington, TX Metro Area",1908811,1861,1900928,2639,1279726,20375,137801,11403,483401,16413,7883,1845
310M300US19140,19140,"Dalton, GA Metro Area",38029,581,37703,588,27685,2120,2277,1152,7741,1733,326,265
310M300US19180,19180,"Danville, IL Metro Area",18625,241,18457,295,11420,1203,1471,818,5566,1170,168,188
310M300US19260,19260,"Danville, VA Micro Area",20788,346,20788,346,11761,1498,1184,768,7843,1541,0,201
310M300US19300,19300,"Daphne-Fairhope-Foley, AL Metro Area",45831,773,45631,817,32863,3137,2308,1263,10460,2835,200,283
310M300US19340,19340,"Davenport-Moline-Rock Island, IA-IL Metro Area",88307,662,87989,692,54584,3591,7631,2389,25774,3621,318,267
310M300US19380,19380,"Dayton, OH Metro Area",175988,568,174650,993,105775,4760,17491,3131,51384,4674,1338,756
310M300US19460,19460,"Decatur, AL Metro Area",34769,329,34769,329,24708,2031,3491,1367,6570,1787,0,195
310M300US19500,19500,"Decatur, IL Metro Area",23566,284,23426,295,13752,1419,1750,826,7924,1594,140,153
310M300US19660,19660,"Deltona-Daytona Beach-Ormond Beach, FL Metro Area",112515,784,110478,1771,70511,4657,8606,2063,31361,4287,2037,1581
310M300US19740,19740,"Denver-Aurora-Lakewood, CO Metro Area",659338,1357,655024,1714,475675,8444,53673,5575,125676,7749,4314,1014
310M300US19780,19780,"Des Moines-West Des Moines, IA Metro Area",161575,451,160890,559,115622,4596,10100,2090,35168,4060,685,348
310M300US19820,19820,"Detroit-Warren-Dearborn, MI Metro Area",965983,1072,959029,2129,610416,11081,67585,5988,281028,9863,6954,1966
310M300US20020,20020,"Dothan, AL Metro Area",34112,384,33766,553,19811,1237,2998,859,10957,1273,346,343
310M300US20100,20100,"Dover, DE Metro Area",40335,321,40246,365,21420,2229,3747,1283,15079,2173,89,101
310M300US20180,20180,"DuBois, PA Micro Area",14773,555,14624,599,11091,979,1702,781,1831,693,149,186
310M300US20220,20220,"Dubuque, IA Metro Area",22019,336,22019,336,16292,1169,1155,531,4572,1008,0,159
310M300US20260,20260,"Duluth, MN-WI Metro Area",54736,595,54370,664,36249,2159,4588,1112,13533,1896,366,192
310M300US20380,20380,"Dunn, NC Micro Area",35024,55,34257,1013,22387,1832,2087,906,9783,1728,767,1013
310M300US20500,20500,"Durham-Chapel Hill, NC Metro Area",117884,436,117297,780,74476,4667,9098,2389,33723,4468,587,613
310M300US20700,20700,"East Stroudsburg, PA Metro Area",33466,116,33081,376,21175,2655,2335,1019,9571,2595,385,354
310M300US20740,20740,"Eau Claire, WI Metro Area",36240,519,36038,505,25124,1973,4393,1647,6521,1649,202,200
310M300US20940,20940,"El Centro, CA Metro Area",51728,197,51638,240,34891,2814,3626,1295,13121,2898,90,150
310M300US21020,21020,"Elizabeth City, NC Micro Area",12643,1191,12467,1218,7976,1742,927,742,3564,1287,176,282
310M300US21060,21060,"Elizabethtown-Fort Knox, KY Metro Area",36639,1075,35874,1347,24796,1851,2612,1115,8466,1748,765,698
310M300US21140,21140,"Elkhart-Goshen, IN Metro Area",56431,126,56179,313,39797,2894,5671,1986,10711,2252,252,292
310M300US21300,21300,"Elmira, NY Metro Area",18286,375,18104,407,12938,1363,1330,624,3836,1131,182,203
310M300US21340,21340,"El Paso, TX Metro Area",232794,1027,231634,1492,140959,6805,14527,2931,76148,6676,1160,948
310M300US21420,21420,"Enid, OK Metro Area",15700,653,15679,647,10864,1661,836,450,3979,1932,21,36
310M300US21500,21500,"Erie, PA Metro Area",59459,229,58809,493,34350,2391,7632,2077,16827,2518,650,446
310M300US21660,21660,"Eugene, OR Metro Area",69335,170,68308,1061,45535,3135,8928,1984,13845,2980,1027,1049
310M300US21700,21700,"Eureka-Arcata-Fortuna, CA Micro Area",26502,67,26409,172,14500,1931,4261,1464,7648,1949,93,166
310M300US21780,21780,"Evansville, IN-KY Metro Area",71288,779,70918,896,42506,3501,6251,1793,22161,2887,370,363
310M300US21820,21820,"Fairbanks, AK Metro Area",24432,233,24336,362,15697,2571,2340,1191,6299,2477,96,222
310M300US22020,22020,"Fargo, ND-MN Metro Area",53909,452,53897,453,39679,2740,3432,1302,10786,2406,12,20
310M300US22060,22060,"Faribault-Northfield, MN Micro Area",14028,173,13923,208,10061,1187,1438,871,2424,825,105,113
310M300US22100,22100,"Farmington, MO Micro Area",13891,592,13891,592,9596,1581,1230,623,3065,1175,0,187
310M300US22140,22140,"Farmington, NM Metro Area",29484,306,29101,439,20056,1945,2514,1340,6531,1623,383,365
310M300US22180,22180,"Fayetteville, NC Metro Area",97815,568,97023,836,56873,3274,5114,1407,35036,3310,792,591
310M300US22220,22220,"Fayetteville-Springdale-Rogers, AR-MO Metro Area",136274,1535,135957,1594,103957,3890,8559,2446,23441,3287,317,215
310M300US22300,22300,"Findlay, OH Micro Area",16828,305,16623,444,11868,2106,2544,2000,2211,1106,205,300
310M300US22380,22380,"Flagstaff, AZ Metro Area",28668,342,28668,342,19172,1560,2590,1082,6906,1333,0,204
310M300US22420,22420,"Flint, MI Metro Area",93880,196,93583,353,54368,3430,10936,2625,28279,3578,297,281
310M300US22500,22500,"Florence, SC Metro Area",48437,75,48132,479,26624,2552,1828,992,19680,2725,305,469
310M300US22520,22520,"Florence-Muscle Shoals, AL Metro Area",30383,763,30086,853,19962,2102,1040,577,9084,1804,297,301
310M300US22540,22540,"Fond du Lac, WI Metro Area",22236,527,22083,575,16509,1448,2166,917,3408,1098,153,175
310M300US22580,22580,"Forest City, NC Micro Area",13510,618,13510,618,9569,1571,810,563,3131,1227,0,203
310M300US22660,22660,"Fort Collins, CO Metro Area",67794,191,67151,516,48704,3278,3671,1188,14776,3242,643,513
310M300US22840,22840,"Fort Payne, AL Micro Area",17102,233,16984,333,10003,1679,697,542,6284,1562,118,201
310M300US22900,22900,"Fort Smith, AR-OK Metro Area",67553,269,67119,478,46156,2825,4910,1292,16053,2741,434,372
310M300US23060,23060,"Fort Wayne, IN Metro Area",110864,540,109736,773,70918,3820,7866,2033,30952,3695,1128,581
310M300US23180,23180,"Frankfort, KY Micro Area",15674,1507,15141,1488,9615,1614,989,711,4537,1707,533,605
310M300US23420,23420,"Fresno, CA Metro Area",280057,171,278796,1132,165840,7077,32410,4312,80546,7012,1261,1112
310M300US23460,23460,"Gadsden, AL Metro Area",22542,588,22390,611,12824,2077,1014,787,8552,1915,152,180
310M300US23540,23540,"Gainesville, FL Metro Area",50550,1018,50114,1189,30487,3340,2612,1125,17015,3067,436,456
310M300US23580,23580,"Gainesville, GA Metro Area",51002,108,50974,116,35334,2545,4076,1765,11564,2145,28,45
310M300US23700,23700,"Gallup, NM Micro Area",22409,438,22409,438,9068,1851,1946,885,11395,1956,0,195
310M300US23900,23900,"Gettysburg, PA Metro Area",20723,186,20476,318,14074,1556,1656,608,4746,1506,247,250
310M300US24020,24020,"Glens Falls, NY Metro Area",23473,399,23244,449,14719,1622,2414,871,6111,1479,229,242
310M300US24060,24060,"Glenwood Springs, CO Micro Area",18759,951,18611,966,14224,1646,838,466,3549,1480,148,175
310M300US24140,24140,"Goldsboro, NC Metro Area",29826,136,29605,364,16319,2179,2594,1336,10692,2103,221,343
310M300US24220,24220,"Grand Forks, ND-MN Metro Area",21847,495,21682,506,14734,1532,2677,1044,4271,1054,165,147
310M300US24260,24260,"Grand Island, NE Metro Area",22655,445,22540,501,13184,1966,2575,1269,6781,1668,115,154
310M300US24300,24300,"Grand Junction, CO Metro Area",33682,523,33519,602,23253,2262,3209,1514,7057,2303,163,259
310M300US24340,24340,"Grand Rapids-Wyoming, MI Metro Area",254465,590,252712,1270,180237,6144,20029,3356,52446,5350,1753,1094
310M300US24420,24420,"Grants Pass, OR Metro Area",16025,434,15320,861,11493,1438,765,455,3062,1299,705,642
310M300US24500,24500,"Great Falls, MT Metro Area",18267,451,17960,285,12479,1215,1228,754,4253,1174,307,383
310M300US24540,24540,"Greeley, CO Metro Area",78243,140,77426,695,62444,3507,3483,1300,11499,2784,817,681
310M300US24580,24580,"Green Bay, WI Metro Area",74291,316,73680,568,53960,3003,6637,1951,13083,2476,611,470
310M300US24620,24620,"Greeneville, TN Micro Area",12641,253,12576,277,8152,1305,785,438,3639,1286,65,116
310M300US24640,24640,"Greenfield Town, MA Micro Area",12358,106,12043,251,8498,1002,709,422,2836,889,315,230
310M300US24660,24660,"Greensboro-High Point, NC Metro Area",169235,507,168299,820,99890,5122,10917,2669,57492,5175,936,500
310M300US24780,24780,"Greenville, NC Metro Area",38538,255,38112,474,23324,2850,2515,1381,12273,2962,426,448
310M300US24860,24860,"Greenville-Anderson-Mauldin, SC Metro Area",199263,676,198098,1097,127698,5184,15109,3258,55291,4728,1165,723
310M300US24940,24940,"Greenwood, SC Micro Area",22886,815,22886,815,11890,2693,3193,1798,7803,2025,0,207
310M300US25020,25020,"Guayama, PR Metro Area",17168,789,17168,789,8417,1889,2118,1109,6633,1981,0,222
310M300US25060,25060,"Gulfport-Biloxi-Pascagoula, MS Metro Area",93185,737,92699,869,53681,3375,6927,2632,32091,3524,486,593
310M300US25180,25180,"Hagerstown-Martinsburg, MD-WV Metro Area",60460,455,59951,702,37626,2990,5532,1850,16793,2950,509,423
310M300US25220,25220,"Hammond, LA Metro Area",31774,275,31774,275,17291,2173,2108,1178,12375,2029,0,208
310M300US25260,25260,"Hanford-Corcoran, CA Metro Area",40910,32,40498,520,27569,2243,2961,1290,9968,2038,412,520
310M300US25420,25420,"Harrisburg-Carlisle, PA Metro Area",121556,440,121029,535,77917,3420,11353,3041,31759,3568,527,363
310M300US25500,25500,"Harrisonburg, VA Metro Area",26138,183,25854,464,16670,2104,2581,1001,6603,1964,284,425
310M300US25540,25540,"Hartford-West Hartford-East Hartford, CT Metro Area",246548,460,245057,828,160801,5680,13446,2652,70810,5347,1491,704
310M300US25620,25620,"Hattiesburg, MS Metro Area",36308,1200,35738,1318,22060,2805,1496,929,12182,2497,570,689
310M300US25740,25740,"Helena, MT Micro Area",17154,755,17047,784,13204,1212,765,469,3078,1028,107,120
310M300US25840,25840,"Hermiston-Pendleton, OR Micro Area",23955,1025,23811,1017,15184,2087,1654,825,6973,2182,144,122
310M300US25860,25860,"Hickory-Lenoir-Morganton, NC Metro Area",76092,1106,75594,1302,49689,3405,6753,1921,19152,3148,498,467
310M300US25900,25900,"Hilo, HI Micro Area",42671,272,42643,277,27135,2837,3761,1376,11747,2727,28,47
310M300US25940,25940,"Hilton Head Island-Bluffton-Beaufort, SC Metro Area",42221,685,42221,685,25598,2703,2598,1194,14025,2799,0,207
310M300US25980,25980,"Hinesville, GA Metro Area",22658,1591,22615,1580,13387,1620,1503,858,7725,1396,43,88
310M300US26020,26020,"Hobbs, NM Micro Area",21228,330,21228,330,15716,1721,741,644,4771,1741,0,195
310M300US26090,26090,"Holland, MI Micro Area",28344,448,28337,448,21735,2149,2296,1080,4306,1835,7,12
310M300US26140,26140,"Homosassa Springs, FL Metro Area",20064,777,19918,820,8572,2134,3104,1417,8242,2129,146,260
310M300US26300,26300,"Hot Springs, AR Metro Area",20272,575,20043,614,11808,3115,414,371,7821,3018,229,344
310M300US26380,26380,"Houma-Thibodaux, LA Metro Area",52145,222,51706,450,31785,3734,4410,2208,15511,3245,439,376
310M300US26420,26420,"Houston-The Woodlands-Sugar Land, TX Metro Area",1816197,1479,1804884,4665,1195107,19233,138193,11998,471584,18291,11313,4254
310M300US26580,26580,"Huntington-Ashland, WV-KY-OH Metro Area",77190,1189,76564,1339,48531,3193,7424,2386,20609,2816,626,572
310M300US26620,26620,"Huntsville, AL Metro Area",100022,382,99217,753,69382,3712,7072,1854,22763,3338,805,686
310M300US26660,26660,"Huntsville, TX Micro Area",13655,1000,13655,1000,11521,1286,472,504,1662,1022,0,220
310M300US26740,26740,"Hutchinson, KS Micro Area",14510,252,14483,257,8946,1769,851,483,4686,1937,27,50
310M300US26820,26820,"Idaho Falls, ID Metro Area",44852,442,44415,670,37181,1897,2863,1314,4371,1562,437,473
310M300US26860,26860,"Indiana, PA Micro Area",15632,190,15595,191,11112,1255,1387,557,3096,1206,37,40
310M300US26900,26900,"Indianapolis-Carmel-Anderson, IN Metro Area",498035,1775,494080,1982,328362,8866,34010,4993,131708,8733,3955,1075
310M300US26980,26980,"Iowa City, IA Metro Area",35134,160,34885,353,25655,2057,2055,1161,7175,1618,249,359
310M300US27060,27060,"Ithaca, NY Metro Area",14748,605,14527,673,10160,1166,839,529,3528,1044,221,250
310M300US27100,27100,"Jackson, MI Metro Area",34185,198,33870,180,19431,1882,3667,1011,10772,1912,315,234
310M300US27140,27140,"Jackson, MS Metro Area",141362,2161,140094,2224,78072,4529,5556,1408,56466,4204,1268,782
310M300US27180,27180,"Jackson, TN Metro Area",29361,277,29361,277,15598,2185,1802,999,11961,2296,0,204
310M300US27260,27260,"Jacksonville, FL Metro Area",334041,1392,329789,3258,213735,7629,27561,3949,88493,7694,4252,2677
310M300US27340,27340,"Jacksonville, NC Metro Area",47428,239,47369,259,32932,2677,4216,1631,10221,2133,59,103
310M300US27460,27460,"Jamestown-Dunkirk-Fredonia, NY Micro Area",26426,269,26248,318,17864,1512,2531,837,5853,1624,178,165
310M300US27500,27500,"Janesville-Beloit, WI Metro Area",38148,235,37766,468,23355,1884,3219,992,11192,1885,382,400
310M300US27620,27620,"Jefferson City, MO Metro Area",32654,1274,32062,1371,24329,2053,2205,842,5528,1733,592,435
310M300US27740,27740,"Johnson City, TN Metro Area",39069,984,38969,987,25801,2306,4038,1789,9130,2041,100,113
310M300US27780,27780,"Johnstown, PA Metro Area",25740,207,25232,542,16624,1408,1868,624,6740,1389,508,495
310M300US27860,27860,"Jonesboro, AR Metro Area",31823,189,31152,639,16194,2325,4954,1831,10004,1766,671,612
310M300US27900,27900,"Joplin, MO Metro Area",44512,644,44130,788,29514,2670,2579,1054,12037,2672,382,412
310M300US27980,27980,"Kahului-Wailuku-Lahaina, HI Metro Area",36847,550,36560,649,23149,2978,5738,2038,7673,2254,287,311
310M300US28020,28020,"Kalamazoo-Portage, MI Metro Area",74391,690,73668,839,48184,3155,7273,2142,18211,2407,723,483
310M300US28060,28060,"Kalispell, MT Micro Area",21759,76,21698,108,19140,888,1074,587,1484,648,61,83
310M300US28100,28100,"Kankakee, IL Metro Area",25852,238,25133,937,14808,1639,2372,1526,7953,1590,719,896
310M300US28140,28140,"Kansas City, MO-KS Metro Area",515042,1912,510332,2717,343047,7943,43840,4973,123445,7414,4710,1714
310M300US28180,28180,"Kapaa, HI Micro Area",16147,175,16147,175,10022,1734,4081,1890,2044,920,0,185
310M300US28300,28300,"Keene, NH Micro Area",13532,477,13475,490,9191,1149,1731,834,2553,724,57,78
310M300US28420,28420,"Kennewick-Richland, WA Metro Area",82512,569,82224,621,57595,4036,3865,1422,20764,4071,288,263
310M300US28580,28580,"Key West, FL Micro Area",11838,77,11838,77,7560,1200,1346,838,2932,1404,0,221
310M300US28660,28660,"Killeen-Temple, TX Metro Area",117288,1194,115828,1574,77205,4505,8463,2034,30160,4464,1460,1000
310M300US28700,28700,"Kingsport-Bristol-Bristol, TN-VA Metro Area",60774,1099,60328,1232,41690,2483,5588,1486,13050,2248,446,421
310M300US28740,28740,"Kingston, NY Metro Area",32211,551,31802,764,18670,2207,3882,1226,9250,2412,409,412
310M300US28900,28900,"Klamath Falls, OR Micro Area",14524,244,14448,273,9078,1266,1266,859,4104,1229,76,122
310M300US28940,28940,"Knoxville, TN Metro Area",181101,1142,180236,1259,126089,4996,18959,3210,35188,4380,865,492
310M300US29020,29020,"Kokomo, IN Metro Area",18663,225,18663,225,11008,1513,871,498,6784,1544,0,192
310M300US29100,29100,"La Crosse-Onalaska, WI-MN Metro Area",27581,326,27523,333,20593,1520,1919,866,5011,1298,58,79
310M300US29180,29180,"Lafayette, LA Metro Area",123038,790,121152,1477,67128,4168,10624,2933,43400,4305,1886,1174
310M300US29200,29200,"Lafayette-West Lafayette, IN Metro Area",45955,1087,45578,1112,32855,2353,3564,1603,9159,2146,377,400
310M300US29300,29300,"LaGrange, GA Micro Area",17455,99,17295,286,8837,1425,709,628,7749,1319,160,266
310M300US29340,29340,"Lake Charles, LA Metro Area",50791,869,50284,1031,30194,3638,3757,1691,16333,3535,507,663
310M300US29380,29380,"Lake City, FL Micro Area",14748,315,14337,577,9650,1464,970,921,3717,1670,411,449
310M300US29420,29420,"Lake Havasu City-Kingman, AZ Metro Area",36807,503,36300,810,21523,2605,4339,1573,10438,2498,507,660
310M300US29460,29460,"Lakeland-Winter Haven, FL Metro Area",149122,311,147877,710,89915,5008,13148,3028,44814,5166,1245,673
310M300US29540,29540,"Lancaster, PA Metro Area",128270,332,127094,926,99079,4052,8849,2265,19166,3453,1176,834
310M300US29620,29620,"Lansing-East Lansing, MI Metro Area",98052,362,96638,889,64513,3309,5774,1574,26351,3118,1414,731
310M300US29700,29700,"Laredo, TX Metro Area",92168,632,91981,666,56477,4842,4798,1633,30706,5139,187,317
310M300US29740,29740,"Las Cruces, NM Metro Area",53203,915,52780,1015,34014,3524,3422,1712,15344,3166,423,544
310M300US29820,29820,"Las Vegas-Henderson-Paradise, NV Metro Area",505616,528,502558,1056,307003,10729,58237,7011,137318,8912,3058,936
310M300US29860,29860,"Laurel, MS Micro Area",21403,1082,21403,1082,13152,1851,1151,846,7100,1779,0,213
310M300US29940,29940,"Lawrence, KS Metro Area",21634,913,21634,913,15702,1895,999,589,4933,1912,0,174
310M300US30020,30020,"Lawton, OK Metro Area",30702,446,29989,781,18407,2065,4020,1672,7562,1863,713,615
310M300US30140,30140,"Lebanon, PA Metro Area",32039,153,31369,656,19832,2176,2329,932,9208,2223,670,660
310M300US30300,30300,"Lewiston, ID-WA Metro Area",12366,1019,12259,1018,7820,1079,818,481,3621,1216,107,157
310M300US30340,30340,"Lewiston-Auburn, ME Metro Area",22905,532,22631,574,13831,1742,3943,1413,4857,1470,274,257
310M300US30460,30460,"Lexington-Fayette, KY Metro Area",111080,782,110384,914,69161,3433,7333,2006,33890,3556,696,458
310M300US30620,30620,"Lima, OH Metro Area",23917,112,23758,224,13573,1506,1218,706,8967,1495,159,193
310M300US30700,30700,"Lincoln, NE Metro Area",74640,744,74266,786,54365,2793,3434,1035,16467,2460,374,301
310M300US30780,30780,"Little Rock-North Little Rock-Conway, AR Metro Area",173374,1209,172282,1499,110084,4676,12884,3119,49314,4546,1092,876
310M300US30860,30860,"Logan, UT-ID Metro Area",41683,899,41593,909,37708,1594,817,590,3068,1172,90,146
310M300US30940,30940,"London, KY Micro Area",30419,1188,30228,1222,19325,1894,3430,1507,7473,1975,191,271
310M300US30980,30980,"Longview, TX Metro Area",53699,402,53495,503,36448,2582,3897,1530,13150,2259,204,259
310M300US31020,31020,"Longview, WA Metro Area",23803,169,22768,1035,14901,1922,4322,1741,3545,1344,1035,1019
310M300US31080,31080,"Los Angeles-Long Beach-Anaheim, CA Metro Area",2957588,1395,2943064,3104,1983504,22349,262694,12662,696866,19541,14524,2757
310M300US31140,31140,"Louisville/Jefferson County, KY-IN Metro Area",291981,2521,289468,2641,188239,6750,24559,3647,76670,6087,2513,1235
310M300US31180,31180,"Lubbock, TX Metro Area",75731,789,75422,848,45963,3637,6492,2567,22967,3363,309,358
310M300US31260,31260,"Lufkin, TX Micro Area",22615,250,22119,546,14076,1752,841,625,7202,1664,496,529
310M300US31300,31300,"Lumberton, NC Micro Area",34137,90,33954,196,17606,2103,4445,1414,11903,1723,183,191
310M300US31340,31340,"Lynchburg, VA Metro Area",52310,1440,51509,1532,33697,2693,2823,1262,14989,2394,801,633
310M300US31420,31420,"Macon-Bibb County, GA Metro Area",54283,1193,54283,1193,28926,3100,3886,1580,21471,2775,0,218
310M300US31460,31460,"Madera, CA Metro Area",42532,22,42425,189,28482,3014,2112,1260,11831,3069,107,190
310M300US31540,31540,"Madison, WI Metro Area",137000,556,135899,651,105894,3375,9127,2190,20878,2852,1101,378
310M300US31700,31700,"Manchester-Nashua, NH Metro Area",85306,264,84710,654,61070,2741,5893,1532,17747,2723,596,622
310M300US31740,31740,"Manhattan, KS Metro Area",19006,732,18875,780,16676,1032,1265,671,934,562,131,213
310M300US31820,31820,"Manitowoc, WI Micro Area",16533,206,15651,877,12698,1240,1131,500,1822,853,882,755
310M300US31860,31860,"Mankato-North Mankato, MN Metro Area",20020,283,19782,397,15318,918,1352,606,3112,869,238,257
310M300US31900,31900,"Mansfield, OH Metro Area",26008,266,25643,604,16035,1815,3435,1343,6173,1460,365,506
310M300US31940,31940,"Marinette, WI-MI Micro Area",11667,263,11340,384,7246,927,1556,576,2538,827,327,290
310M300US31980,31980,"Marion, IN Micro Area",13908,24,13840,86,6461,1592,1737,1066,5642,1381,68,84
310M300US32020,32020,"Marion, OH Micro Area",13598,221,13184,484,8091,1321,1359,809,3734,1325,414,422
310M300US32100,32100,"Marquette, MI Micro Area",12344,340,12278,354,8980,840,1097,648,2201,711,66,81
310M300US32220,32220,"Marshall, TX Micro Area",16843,200,16843,200,11290,1930,1543,786,4010,1710,0,220
310M300US32300,32300,"Martinsville, VA Micro Area",13433,1309,13433,1309,8339,1318,381,367,4713,1445,0,201
310M300US32420,32420,"Mayagüez, PR Metro Area",16941,1121,16760,1107,5371,1520,516,386,10873,1433,181,240
310M300US32580,32580,"McAllen-Edinburg-Mission, TX Metro Area",282584,262,281398,1203,176618,8297,12988,3487,91792,7518,1186,1193
310M300US32740,32740,"Meadville, PA Micro Area",18058,302,17745,395,12609,1212,1415,526,3721,1193,313,281
310M300US32780,32780,"Medford, OR Metro Area",44803,301,44559,364,31501,2733,3867,1521,9191,2640,244,209
310M300US32820,32820,"Memphis, TN-MS-AR Metro Area",337208,1715,335038,1955,173039,6811,30558,5292,131441,7697,2170,922
310M300US32900,32900,"Merced, CA Metro Area",80144,405,80003,416,47875,3838,8724,2095,23404,3435,141,155
310M300US32940,32940,"Meridian, MS Micro Area",24207,1445,24158,1441,13581,1729,452,526,10125,1902,49,89
310M300US33100,33100,"Miami-Fort Lauderdale-West Palm Beach, FL Metro Area",1236508,852,1230051,2249,734829,14189,101515,8064,393707,13871,6457,2018
310M300US33140,33140,"Michigan City-La Porte, IN Metro Area",23901,109,23901,109,12164,1715,2324,925,9413,1566,0,192
310M300US33220,33220,"Midland, MI Metro Area",17852,448,17649,557,13574,1073,1911,840,2164,752,203,326
310M300US33260,33260,"Midland, TX Metro Area",48114,721,47296,1124,34236,2599,2962,1586,10098,2406,818,908
310M300US33340,33340,"Milwaukee-Waukesha-West Allis, WI Metro Area",366730,661,365292,917,219765,6413,34049,4394,111478,5645,1438,737
310M300US33460,33460,"Minneapolis-St. Paul-Bloomington, MN-WI Metro Area",844707,1645,839090,2255,609587,9767,65341,5774,164162,8554,5617,1526
310M300US33500,33500,"Minot, ND Micro Area",18239,567,18225,568,14997,1407,1610,889,1618,975,14,32
310M300US33540,33540,"Missoula, MT Metro Area",21967,943,21881,950,15493,1734,1521,848,4867,1557,86,120
310M300US33660,33660,"Mobile, AL Metro Area",98154,149,98009,269,53077,3473,6464,2015,38468,3756,145,208
310M300US33700,33700,"Modesto, CA Metro Area",146833,180,146196,541,99254,5496,12207,2623,34735,5230,637,516
310M300US33740,33740,"Monroe, LA Metro Area",45570,766,45570,766,21530,2776,2325,1151,21715,2718,0,208
310M300US33780,33780,"Monroe, MI Metro Area",32827,343,32827,343,25744,1653,1894,710,5189,1562,0,168
310M300US33860,33860,"Montgomery, AL Metro Area",87994,786,86898,1329,49646,3282,8077,2203,29175,3226,1096,1091
310M300US33980,33980,"Morehead City, NC Micro Area",12499,97,12451,123,8385,883,889,520,3177,939,48,79
310M300US34060,34060,"Morgantown, WV Metro Area",23790,601,23614,648,15910,1516,2508,1289,5196,1451,176,236
310M300US34100,34100,"Morristown, TN Metro Area",25147,375,24576,607,17625,1802,1557,885,5394,1707,571,462
310M300US34180,34180,"Moses Lake, WA Micro Area",27206,524,27206,524,18476,2426,2867,1715,5863,2104,0,198
310M300US34340,34340,"Mount Airy, NC Micro Area",15357,333,15357,333,10255,1438,1567,948,3535,1236,0,203
310M300US34380,34380,"Mount Pleasant, MI Micro Area",12288,380,12272,385,7111,1086,1193,646,3968,1147,16,27
310M300US34580,34580,"Mount Vernon-Anacortes, WA Metro Area",27109,101,26525,403,17642,1696,3192,1259,5691,1458,584,393
310M300US34620,34620,"Muncie, IN Metro Area",20992,264,20876,300,12119,1973,1798,863,6959,1839,116,142
310M300US34740,34740,"Muskegon, MI Metro Area",40557,290,39986,453,23276,2602,4630,2086,12080,2278,571,455
310M300US34780,34780,"Muskogee, OK Micro Area",17081,117,17071,119,9708,1237,1265,554,6098,1249,10,18
310M300US34820,34820,"Myrtle Beach-Conway-North Myrtle Beach, SC-NC Metro Area",79945,1230,79419,1335,51181,3196,5218,1484,23020,3115,526,545
310M300US34860,34860,"Nacogdoches, TX Micro Area",15492,45,15492,45,8952,1425,854,577,5686,1324,0,220
310M300US34900,34900,"Napa, CA Metro Area",29822,267,29530,365,21529,1762,1820,908,6181,1615,292,248
310M300US34940,34940,"Naples-Immokalee-Marco Island, FL Metro Area",63850,176,63655,305,41437,4089,6126,2042,16092,3291,195,244
310M300US34980,34980,"Nashville-Davidson--Murfreesboro--Franklin, TN Metro Area",437469,1751,435167,1946,302274,7849,30713,4244,102180,7162,2302,1098
310M300US35100,35100,"New Bern, NC Metro Area",26832,1262,26506,1298,17951,1878,2685,1698,5870,1464,326,505
310M300US35260,35260,"New Castle, PA Micro Area",17350,304,17251,314,11353,1247,1224,579,4674,1202,99,127
310M300US35300,35300,"New Haven-Milford, CT Metro Area",176114,464,175424,699,107775,5471,12997,3130,54652,5034,690,593
310M300US35380,35380,"New Orleans-Metairie, LA Metro Area",283248,1045,280704,1310,160517,8282,26411,4671,93776,7307,2544,941
310M300US35420,35420,"New Philadelphia-Dover, OH Micro Area",20965,63,20928,95,14013,1543,2749,1295,4166,1232,37,68
310M300US35620,35620,"New York-Newark-Jersey City, NY-NJ-PA Metro Area",4369544,2673,4349696,3598,2999302,26011,281176,11672,1069218,23180,19848,3190
310M300US35660,35660,"Niles-Benton Harbor, MI Metro Area",34224,27,34016,255,21617,1504,2011,872,10388,1364,208,255
310M300US35840,35840,"North Port-Sarasota-Bradenton, FL Metro Area",130646,364,129530,721,81535,5869,10275,3057,37720,5431,1116,581
310M300US35900,35900,"North Wilkesboro, NC Micro Area",14204,156,14204,156,8702,1454,1676,991,3826,1188,0,203
310M300US35980,35980,"Norwich-New London, CT Metro Area",53552,65,53517,83,35539,2302,5469,1596,12509,2190,35,55
310M300US36020,36020,"Oak Harbor, WA Micro Area",14954,623,14875,622,10159,1376,2051,1124,2665,945,79,134
310M300US36100,36100,"Ocala, FL Metro Area",64816,528,64240,741,37150,4744,3689,1413,23401,4850,576,552
310M300US36140,36140,"Ocean City, NJ Metro Area",16544,234,16397,273,11178,1172,1658,759,3561,1135,147,187
310M300US36220,36220,"Odessa, TX Metro Area",47383,393,47304,363,28845,3581,3901,1832,14558,3267,79,131
310M300US36260,36260,"Ogden-Clearfield, UT Metro Area",204700,1259,203983,1324,165909,4977,14415,4185,23659,3269,717,505
310M300US36300,36300,"Ogdensburg-Massena, NY Micro Area",22055,286,21699,390,13442,1497,3296,1081,4961,1139,356,278
310M300US36420,36420,"Oklahoma City, OK Metro Area",340878,484,338919,869,226283,6697,29121,4088,83515,6042,1959,787
310M300US36460,36460,"Olean, NY Micro Area",17418,148,17160,255,10919,1356,2336,814,3905,901,258,187
310M300US36500,36500,"Olympia-Tumwater, WA Metro Area",59602,96,59207,306,45214,2553,3306,946,10687,2284,395,298
310M300US36540,36540,"Omaha-Council Bluffs, NE-IA Metro Area",237565,662,235349,1215,166699,5810,17944,3518,50706,4773,2216,971
310M300US36660,36660,"Opelousas, LA Micro Area",22694,42,22175,597,13240,1856,934,747,8001,1868,519,597
310M300US36700,36700,"Orangeburg, SC Micro Area",20454,180,20433,185,8519,1824,896,597,11018,2031,21,39
310M300US36740,36740,"Orlando-Kissimmee-Sanford, FL Metro Area",539350,743,536467,1311,336677,8453,41108,5992,158682,8939,2883,1043
310M300US36780,36780,"Oshkosh-Neenah, WI Metro Area",34864,121,34175,542,22534,2092,2862,1204,8779,1919,689,524
310M300US36860,36860,"Ottawa-Peru, IL Micro Area",31902,754,31768,749,21514,1962,2398,803,7856,1738,134,136
310M300US36980,36980,"Owensboro, KY Metro Area",28580,1219,28168,1352,19740,1798,2366,1040,6062,1683,412,415
310M300US37020,37020,"Owosso, MI Micro Area",14664,189,14610,235,9064,1359,2492,965,3054,1192,54,92
310M300US37100,37100,"Oxnard-Thousand Oaks-Ventura, CA Metro Area",200020,352,197942,1267,139842,5144,15574,2877,42526,5434,2078,1208
310M300US37140,37140,"Paducah, KY-IL Micro Area",21080,891,20870,966,12654,1935,1446,733,6770,1782,210,324
310M300US37260,37260,"Palatka, FL Micro Area",15591,61,15357,366,7338,1464,2083,996,5936,1514,234,359
310M300US37340,37340,"Palm Bay-Melbourne-Titusville, FL Metro Area",106772,341,106369,474,70818,4586,9239,2782,26312,4206,403,347
310M300US37460,37460,"Panama City, FL Metro Area",43053,1258,42908,1256,28710,2801,2061,918,12137,2876,145,196
310M300US37620,37620,"Parkersburg-Vienna, WV Metro Area",19364,864,19251,878,12483,1657,1188,757,5580,1479,113,153
310M300US37860,37860,"Pensacola-Ferry Pass-Brent, FL Metro Area",103395,559,102411,911,65117,3777,8894,2679,28400,3900,984,632
310M300US37900,37900,"Peoria, IL Metro Area",87351,890,86640,958,57166,2478,4931,1152,24543,2760,711,432
310M300US37980,37980,"Philadelphia-Camden-Wilmington, PA-NJ-DE-MD Metro Area",1331445,1509,1324626,2280,838576,11106,104246,8972,381804,13775,6819,1863
310M300US38060,38060,"Phoenix-Mesa-Scottsdale, AZ Metro Area",1136273,725,1125969,2648,737320,12335,107694,7464,280955,11610,10304,2550
310M300US38220,38220,"Pine Bluff, AR Metro Area",19966,600,19943,601,9313,1333,1390,833,9240,1607,23,46
310M300US38240,38240,"Pinehurst-Southern Pines, NC Micro Area",20061,328,20061,328,13688,1609,795,665,5578,1521,0,203
310M300US38300,38300,"Pittsburgh, PA Metro Area",445879,1062,443298,1518,307206,6968,32597,4564,103495,6057,2581,823
310M300US38340,38340,"Pittsfield, MA Metro Area",21728,388,21689,386,13029,1637,1973,1001,6687,1590,39,45
310M300US38460,38460,"Plattsburgh, NY Micro Area",13738,348,13622,398,8889,1218,2206,969,2527,1080,116,136
310M300US38540,38540,"Pocatello, ID Metro Area",22394,464,22394,464,17508,1388,1433,1043,3453,1056,0,198
310M300US38660,38660,"Ponce, PR Metro Area",66876,1570,66321,1732,27423,3209,6419,1897,32479,3220,555,648
310M300US38820,38820,"Port Angeles, WA Micro Area",13441,494,12833,741,8615,1349,788,592,3430,1269,608,600
310M300US38860,38860,"Portland-South Portland, ME Metro Area",101801,404,100987,772,73095,3746,7667,1739,20225,3221,814,632
310M300US38900,38900,"Portland-Vancouver-Hillsboro, OR-WA Metro Area",531911,1419,526612,2073,393699,8128,36946,5237,95967,6461,5299,1756
310M300US38940,38940,"Port St. Lucie, FL Metro Area",88910,633,88643,712,56244,4364,7630,2893,24769,4344,267,344
310M300US39020,39020,"Portsmouth, OH Micro Area",16686,191,16241,467,9934,1716,2048,985,4259,1528,445,420
310M300US39060,39060,"Pottsville, PA Micro Area",27828,199,27695,213,18348,1543,1815,583,7532,1599,133,90
310M300US39140,39140,"Prescott, AZ Metro Area",37180,477,36936,577,27849,2977,2477,1280,6610,2615,244,285
310M300US39300,39300,"Providence-Warwick, RI-MA Metro Area",323558,769,320593,1435,202685,6864,25297,4153,92611,6705,2965,1151
310M300US39340,39340,"Provo-Orem, UT Metro Area",204808,940,203430,1441,181392,3359,4843,1900,17195,3163,1378,988
310M300US39380,39380,"Pueblo, CO Metro Area",37543,341,37500,343,25017,2204,3269,1319,9214,2139,43,75
310M300US39460,39460,"Punta Gorda, FL Metro Area",22751,547,22564,649,14036,1963,2087,1165,6441,1917,187,315
310M300US39500,39500,"Quincy, IL-MO Micro Area",17314,533,16989,707,12192,1526,1258,697,3539,1168,325,320
310M300US39540,39540,"Racine, WI Metro Area",45524,401,45200,516,27365,2248,5726,2193,12109,2319,324,347
310M300US39580,39580,"Raleigh, NC Metro Area",320555,802,318508,1629,234934,6203,19313,3442,64261,5636,2047,1455
310M300US39660,39660,"Rapid City, SD Metro Area",33048,1430,32538,1507,20804,2246,2226,958,9508,1555,510,494
310M300US39740,39740,"Reading, PA Metro Area",93267,358,92933,404,56699,3706,7642,2199,28592,3496,334,232
310M300US39820,39820,"Redding, CA Metro Area",38353,240,37157,881,24331,2455,4351,1599,8475,1940,1196,891
310M300US39900,39900,"Reno, NV Metro Area",99595,442,98852,595,67724,3691,10072,2887,21056,3228,743,508
310M300US39980,39980,"Richmond, IN Micro Area",14544,172,14392,228,9680,1182,1204,758,3508,1015,152,176
310M300US40060,40060,"Richmond, VA Metro Area",279510,3137,278108,3249,175618,6055,20448,3602,82042,5228,1402,687
310M300US40080,40080,"Richmond-Berea, KY Micro Area",23493,1059,23493,1059,14648,1900,1617,901,7228,1919,0,190
310M300US40140,40140,"Riverside-San Bernardino-Ontario, CA Metro Area",1185347,557,1179945,1966,783696,14750,110276,11585,285973,13528,5402,1834
310M300US40220,40220,"Roanoke, VA Metro Area",64205,812,63582,934,42339,3056,6816,2701,14427,2730,623,638
310M300US40260,40260,"Roanoke Rapids, NC Micro Area",13477,819,13470,819,5994,1221,1003,615,6473,1401,7,13
310M300US40340,40340,"Rochester, MN Metro Area",52700,399,52406,428,39926,1896,3485,1157,8995,1961,294,214
310M300US40380,40380,"Rochester, NY Metro Area",223018,1050,221094,1510,133589,5043,15736,2274,71769,4994,1924,984
310M300US40420,40420,"Rockford, IL Metro Area",80745,269,80542,341,46266,3271,8699,2100,25577,3364,203,204
310M300US40580,40580,"Rocky Mount, NC Metro Area",32821,1041,32740,1035,15822,1956,1956,1033,14962,1931,81,142
310M300US40660,40660,"Rome, GA Metro Area",22325,281,22217,313,13425,1669,1225,781,7567,1624,108,139
310M300US40700,40700,"Roseburg, OR Micro Area",20907,498,20856,507,15005,1506,881,575,4970,1437,51,87
310M300US40740,40740,"Roswell, NM Micro Area",17531,531,17501,534,11583,1694,1865,973,4053,1625,30,56
310M300US40780,40780,"Russellville, AR Micro Area",19696,878,19298,1112,13249,1610,748,476,5301,1526,398,525
310M300US40900,40900,"Sacramento--Roseville--Arden-Arcade, CA Metro Area",530853,593,526309,2017,361679,8463,47041,5439,117589,8067,4544,1913
310M300US40980,40980,"Saginaw, MI Metro Area",40979,333,40089,654,25158,2173,2873,1035,12058,2232,890,566
310M300US41060,41060,"St. Cloud, MN Metro Area",45060,302,44601,436,32490,2351,4029,1623,8082,1817,459,295
310M300US41100,41100,"St. George, UT Metro Area",43017,553,42838,604,33681,2473,2969,1650,6188,1714,179,304
310M300US41140,41140,"St. Joseph, MO-KS Metro Area",27449,630,27235,665,18281,1358,1737,834,7217,1351,214,214
310M300US41180,41180,"St. Louis, MO-IL Metro Area",630198,1455,623945,2462,408662,8514,45493,5500,169790,8318,6253,1961
310M300US41400,41400,"Salem, OH Micro Area",21100,363,20773,482,13388,1903,2018,1299,5367,2056,327,330
310M300US41420,41420,"Salem, OR Metro Area",101931,532,100916,889,70245,4452,4007,1450,26664,4327,1015,760
310M300US41500,41500,"Salinas, CA Metro Area",114348,546,113822,706,75965,5211,13904,3428,23953,3676,526,475
310M300US41540,41540,"Salisbury, MD-DE Metro Area",77924,633,76744,1088,47877,3521,5274,1542,23593,3438,1180,955
310M300US41620,41620,"Salt Lake City, UT Metro Area",333995,504,332153,1120,258642,7549,23574,5165,49937,5609,1842,939
310M300US41660,41660,"San Angelo, TX Metro Area",28015,958,27875,965,18556,1889,2143,954,7176,1704,140,176
310M300US41700,41700,"San Antonio-New Braunfels, TX Metro Area",620107,1101,617345,1620,397420,9968,43712,5464,176213,10386,2762,1240
310M300US41740,41740,"San Diego-Carlsbad, CA Metro Area",726807,456,721479,1695,519477,12102,48910,5687,153092,10159,5328,1700
310M300US41780,41780,"Sandusky, OH Micro Area",15309,446,15048,650,9282,1315,1072,886,4694,1100,261,440
310M300US41860,41860,"San Francisco-Oakland-Hayward, CA Metro Area",936336,1031,931488,2064,708403,10242,59353,6296,163732,9262,4848,1724
310M300US41900,41900,"San Germán, PR Metro Area",25051,1063,25051,1063,11198,1657,5647,2065,8206,1876,0,222
310M300US41940,41940,"San Jose-Sunnyvale-Santa Clara, CA Metro Area",448075,393,446549,686,347705,8462,29392,4408,69452,7432,1526,601
310M300US41980,41980,"San Juan-Carolina-Caguas, PR Metro Area",439673,1340,438983,1417,188940,8352,45406,4731,204637,8449,690,530
310M300US42020,42020,"San Luis Obispo-Paso Robles-Arroyo Grande, CA Metro Area",50474,657,50149,727,38324,2934,4545,2101,7280,2305,325,276
310M300US42100,42100,"Santa Cruz-Watsonville, CA Metro Area",53729,647,53239,753,36812,2929,4882,1893,11545,2809,490,442
310M300US42140,42140,"Santa Fe, NM Metro Area",27653,214,27613,219,15276,1802,2539,1303,9798,1677,40,48
310M300US42200,42200,"Santa Maria-Santa Barbara, CA Metro Area",99847,350,99672,397,66598,4204,9908,2395,23166,4210,175,208
310M300US42220,42220,"Santa Rosa, CA Metro Area",100201,591,99621,680,69048,3718,14095,2943,16478,3009,580,394
310M300US42340,42340,"Savannah, GA Metro Area",88592,1464,87742,1511,49348,4007,6780,2012,31614,3704,850,534
310M300US42540,42540,"Scranton--Wilkes-Barre--Hazleton, PA Metro Area",109414,323,108926,433,68362,3843,8081,1772,32483,3572,488,310
310M300US42620,42620,"Searcy, AR Micro Area",18630,103,18195,584,12140,1970,1715,1010,4340,1815,435,571
310M300US42660,42660,"Seattle-Tacoma-Bellevue, WA Metro Area",826308,465,822733,1235,616600,10917,61256,6963,144877,9520,3575,1055
310M300US42680,42680,"Sebastian-Vero Beach, FL Metro Area",24609,2912,24524,2923,18724,2866,373,359,5427,1969,85,138
310M300US42700,42700,"Sebring, FL Metro Area",17617,202,17617,202,10364,2121,212,309,7041,2110,0,221
310M300US42860,42860,"Seneca, SC Micro Area",15288,270,15064,385,9326,1451,1987,1079,3751,1112,224,276
310M300US42940,42940,"Sevierville, TN Micro Area",21110,520,21110,520,13573,2197,1105,734,6432,2162,0,204
310M300US43060,43060,"Shawnee, OK Micro Area",17402,183,17402,183,10479,962,1654,505,5269,949,0,159
310M300US43100,43100,"Sheboygan, WI Metro Area",25910,216,25578,331,21053,1325,2282,994,2243,964,332,279
310M300US43140,43140,"Shelby, NC Micro Area",21486,96,21134,407,11652,1617,3023,1167,6459,1810,352,400
310M300US43300,43300,"Sherman-Denison, TX Metro Area",30633,148,30497,247,21181,2091,2844,1271,6472,1742,136,191
310M300US43320,43320,"Show Low, AZ Micro Area",30656,461,30552,515,15296,1943,2425,1091,12831,1794,104,170
310M300US43340,43340,"Shreveport-Bossier City, LA Metro Area",107407,742,106266,1336,55341,4496,8148,2475,42777,4704,1141,1171
310M300US43420,43420,"Sierra Vista-Douglas, AZ Metro Area",27697,441,27519,471,14586,2679,2857,1397,10076,2421,178,177
310M300US43580,43580,"Sioux City, IA-NE-SD Metro Area",43201,1030,42764,982,28398,2464,2855,1218,11511,2038,437,361
310M300US43620,43620,"Sioux Falls, SD Metro Area",66733,556,66491,588,49625,2393,5948,1751,10918,1889,242,206
310M300US43740,43740,"Somerset, PA Micro Area",13544,94,13523,102,10166,973,1249,542,2108,816,21,37
310M300US43780,43780,"South Bend-Mishawaka, IN-MI Metro Area",74072,559,73611,682,49718,2538,4006,1175,19887,2639,461,400
310M300US43900,43900,"Spartanburg, SC Metro Area",75932,268,75242,516,41298,3900,8628,2096,25316,3701,690,444
310M300US44060,44060,"Spokane-Spokane Valley, WA Metro Area",123855,961,123047,1165,84667,4111,12881,3026,25499,3735,808,571
310M300US44100,44100,"Springfield, IL Metro Area",47589,670,47371,711,28686,1890,3204,1222,15481,1959,218,241
310M300US44140,44140,"Springfield, MA Metro Area",126645,782,124696,1247,66744,3907,8892,2127,49060,4032,1949,950
310M300US44180,44180,"Springfield, MO Metro Area",102567,1343,101661,1488,69938,3301,9860,2297,21863,3113,906,616
310M300US44220,44220,"Springfield, OH Metro Area",30422,348,30214,426,16770,1947,3131,1460,10313,1754,208,229
310M300US44300,44300,"State College, PA Metro Area",24435,559,24435,559,20459,1434,1997,945,1979,747,0,174
310M300US44340,44340,"Statesboro, GA Micro Area",14539,376,14259,538,8948,1278,515,429,4796,1189,280,405
310M300US44420,44420,"Staunton-Waynesboro, VA Metro Area",24298,1288,24207,1281,17134,2005,1798,687,5275,1630,91,154
310M300US44620,44620,"Stevens Point, WI Micro Area",13485,283,13294,339,9858,970,1716,787,1720,597,191,195
310M300US44660,44660,"Stillwater, OK Micro Area",15676,16,15440,318,12217,1233,949,775,2274,936,236,318
310M300US44700,44700,"Stockton-Lodi, CA Metro Area",200581,537,199691,702,125562,5590,25060,4029,49069,4913,890,457
310M300US44940,44940,"Sumter, SC Metro Area",26009,329,25969,333,14438,1930,1371,880,10160,1808,40,70
310M300US44980,44980,"Sunbury, PA Micro Area",18137,273,18091,278,10804,1328,2980,1093,4307,1166,46,54
310M300US45060,45060,"Syracuse, NY Metro Area",139159,583,137876,970,85746,4003,15409,2890,36721,3745,1283,730
310M300US45180,45180,"Talladega-Sylacauga, AL Micro Area",18813,785,18655,763,11759,1585,1330,735,5566,1593,158,284
310M300US45220,45220,"Tallahassee, FL Metro Area",72400,1860,72229,1879,46082,3120,5136,1711,21011,2587,171,189
310M300US45300,45300,"Tampa-St. Petersburg-Clearwater, FL Metro Area",613268,762,606844,2457,372117,8574,55278,5978,179449,8487,6424,2307
310M300US45460,45460,"Terre Haute, IN Metro Area",35443,1231,35146,1253,21473,2148,4730,1693,8943,1672,297,276
310M300US45500,45500,"Texarkana, TX-AR Metro Area",35534,1178,35303,1255,18120,2465,3144,1601,14039,2317,231,262
310M300US45540,45540,"The Villages, FL Metro Area",8654,128,8614,124,4762,1112,2093,1753,1759,1227,40,72
310M300US45780,45780,"Toledo, OH Metro Area",136635,442,134743,1170,76696,3663,14432,2952,43615,3585,1892,1044
310M300US45820,45820,"Topeka, KS Metro Area",55338,561,55168,589,39811,2284,4609,1541,10748,1947,170,204
310M300US45860,45860,"Torrington, CT Micro Area",34202,46,34042,189,25687,1624,2538,884,5817,1455,160,186
310M300US45900,45900,"Traverse City, MI Micro Area",29613,440,28930,767,21038,2002,2786,1143,5106,1619,683,597
310M300US45940,45940,"Trenton, NJ Metro Area",79448,192,78776,671,49557,3054,4098,1414,25121,3213,672,586
310M300US46020,46020,"Truckee-Grass Valley, CA Micro Area",17607,341,17449,391,12281,1890,1972,1247,3196,1460,158,213
310M300US46060,46060,"Tucson, AZ Metro Area",216826,686,215055,932,127561,6943,18586,3690,68908,6456,1771,679
310M300US46100,46100,"Tullahoma-Manchester, TN Micro Area",22541,773,22309,792,15487,1601,1784,1057,5038,1416,232,195
310M300US46140,46140,"Tulsa, OK Metro Area",246306,659,243782,1086,156402,3967,24711,2862,62669,3503,2524,864
310M300US46180,46180,"Tupelo, MS Micro Area",35150,1209,34583,1458,21868,1948,3960,1266,8755,1424,567,676
310M300US46220,46220,"Tuscaloosa, AL Metro Area",50345,1314,50202,1324,28846,2466,3134,1245,18222,2728,143,209
310M300US46300,46300,"Twin Falls, ID Micro Area",30225,1563,30044,1611,22838,2097,2467,1249,4739,1609,181,307
310M300US46340,46340,"Tyler, TX Metro Area",55352,843,55352,843,39516,2994,1950,1630,13886,3210,0,220
310M300US46380,46380,"Ukiah, CA Micro Area",19227,277,19059,370,9947,2004,3395,1591,5717,1493,168,243
310M300US46520,46520,"Urban Honolulu, HI Metro Area",211151,656,209563,1181,156349,4946,15806,3303,37408,3969,1588,1041
310M300US46540,46540,"Utica-Rome, NY Metro Area",61537,312,60754,577,36588,3451,6995,2315,17171,3213,783,488
310M300US46660,46660,"Valdosta, GA Metro Area",34914,1271,34693,1313,18489,2357,5322,1975,10882,2314,221,307
310M300US46700,46700,"Vallejo-Fairfield, CA Metro Area",98656,406,97929,565,59989,3763,10261,2643,27679,3440,727,394
310M300US47020,47020,"Victoria, TX Metro Area",24689,608,24689,608,14260,1977,1767,999,8662,2042,0,220
310M300US47220,47220,"Vineland-Bridgeton, NJ Metro Area",36561,250,36356,326,14736,2556,5980,2173,15640,2883,205,229
310M300US47260,47260,"Virginia Beach-Norfolk-Newport News, VA-NC Metro Area",383079,1882,379320,2613,230165,6755,27600,3743,121555,6811,3759,1574
310M300US47300,47300,"Visalia-Porterville, CA Metro Area",143490,535,142660,593,88427,5329,12908,3404,41325,5141,830,481
310M300US47380,47380,"Waco, TX Metro Area",64727,1161,64595,1155,39791,3380,3170,1178,21634,3476,132,162
310M300US47460,47460,"Walla Walla, WA Metro Area",13414,727,13322,752,10468,1253,490,449,2364,932,92,145
310M300US47580,47580,"Warner Robins, GA Metro Area",46343,1240,45081,1562,30999,2685,2737,1411,11345,2325,1262,1016
310M300US47700,47700,"Warsaw, IN Micro Area",19148,551,19012,572,13168,1544,2725,1218,3119,1012,136,147
310M300US47900,47900,"Washington-Arlington-Alexandria, DC-VA-MD-WV Metro Area",1417540,2166,1408228,3272,1013578,12152,97920,7647,296730,10554,9312,2613
310M300US47940,47940,"Waterloo-Cedar Falls, IA Metro Area",36802,575,36410,698,25207,1875,4797,1532,6406,1297,392,340
310M300US48020,48020,"Watertown-Fort Atkinson, WI Micro Area",18477,316,18352,335,13564,1244,2751,1181,2037,752,125,130
310M300US48060,48060,"Watertown-Fort Drum, NY Metro Area",27417,104,27267,167,17168,1801,2917,1027,7182,1703,150,133
310M300US48140,48140,"Wausau, WI Metro Area",31088,207,30189,893,21373,1846,2192,956,6624,1706,899,879
310M300US48260,48260,"Weirton-Steubenville, WV-OH Metro Area",22970,944,22668,969,13344,1647,1638,708,7686,1390,302,337
310M300US48300,48300,"Wenatchee, WA Metro Area",29178,449,29092,451,21849,2141,3217,1279,4026,1900,86,143
310M300US48540,48540,"Wheeling, WV-OH Metro Area",27919,323,27361,558,15924,1698,2850,926,8587,1739,558,471
310M300US48580,48580,"Whitewater-Elkhorn, WI Micro Area",22153,257,22153,257,16591,1354,1472,725,4090,1371,0,147
310M300US48620,48620,"Wichita, KS Metro Area",166645,859,166119,1080,109992,5651,15200,2798,40927,5472,526,478
310M300US48660,48660,"Wichita Falls, TX Metro Area",32860,399,32820,406,21322,2302,1768,942,9730,2229,40,69
310M300US48700,48700,"Williamsport, PA Metro Area",23692,162,23603,192,14644,1834,2170,662,6789,1804,89,92
310M300US48900,48900,"Wilmington, NC Metro Area",55037,871,54646,996,33199,2859,6423,2377,15024,2778,391,412
310M300US48980,48980,"Wilson, NC Micro Area",18988,306,18876,349,10362,1333,1749,1255,6765,1238,112,178
310M300US49020,49020,"Winchester, VA-WV Metro Area",30070,1425,29156,1645,18435,1902,3693,1344,7028,2047,914,789
310M300US49180,49180,"Winston-Salem, NC Metro Area",149612,694,148783,1012,95441,4319,12210,2682,41132,4601,829,648
310M300US49220,49220,"Wisconsin Rapids-Marshfield, WI Micro Area",15491,246,15363,282,10942,1178,1388,627,3033,1173,128,136
310M300US49300,49300,"Wooster, OH Micro Area",28244,314,28032,465,19698,1766,2326,898,6008,1567,212,350
310M300US49340,49340,"Worcester, MA-CT Metro Area",198010,639,196731,938,134764,4424,13568,2637,48399,3845,1279,773
310M300US49420,49420,"Yakima, WA Metro Area",74606,519,73768,847,45706,3666,8061,2264,20001,3720,838,751
310M300US49620,49620,"York-Hanover, PA Metro Area",98087,314,97362,510,64252,4040,8970,2126,24140,3508,725,431
310M300US49660,49660,"Youngstown-Warren-Boardman, OH-PA Metro Area",109766,1036,108479,1177,62421,3970,10338,2259,35720,3662,1287,704
310M300US49700,49700,"Yuba City, CA Metro Area",45907,497,45275,729,29551,2606,4051,1621,11673,2394,632,448
310M300US49740,49740,"Yuma, AZ Metro Area",52281,423,51776,625,35670,2692,3272,1831,12834,2601,505,475
310M300US49780,49780,"Zanesville, OH Micro Area",19955,227,19330,665,12790,1197,1726,760,4814,1290,625,609
