GEO.id,GEO.id2,GEO.display-label,HD01_VD01,HD02_VD01,HD01_VD02,HD02_VD02,HD01_VD03,HD02_VD03,HD01_VD04,HD02_VD04,HD01_VD05,HD02_VD05,HD01_VD06,HD02_VD06
Id,Id2,Geography,Estimate; Total:,Margin of Error; Total:,Estimate; In family households:,Margin of Error; In family households:,Estimate; In family households: - In married-couple family,Margin of Error; In family households: - In married-couple family,"Estimate; In family households: - In male householder, no wife present, family","Margin of Error; In family households: - In male householder, no wife present, family","Estimate; In family households: - In female householder, no husband present, family","Margin of Error; In family households: - In female householder, no husband present, family",Estimate; In nonfamily households,Margin of Error; In nonfamily households
310M200US10140,10140,"Aberdeen, WA Micro Area",14647,413,14647,413,7674,1309,1408,697,5565,1355,0,193
310M200US10180,10180,"Abilene, TX Metro Area",38410,1142,38183,1193,25174,1706,4483,1427,8526,1585,227,280
310M200US10300,10300,"Adrian, MI Micro Area",21571,541,21369,585,13651,1530,1898,851,5820,1337,202,230
310M200US10380,10380,"Aguadilla-Isabela, PR Metro Area",69270,1225,69270,1225,33813,3185,9343,2391,26114,3034,0,220
310M200US10420,10420,"Akron, OH Metro Area",147861,488,146921,733,91206,3859,11971,2568,43744,3763,940,543
310M200US10460,10460,"Alamogordo, NM Micro Area",15990,359,15944,369,9536,1922,974,637,5434,1903,46,80
310M200US10500,10500,"Albany, GA Metro Area",38240,938,37806,1061,17062,2353,3658,1405,17086,2415,434,533
310M200US10540,10540,"Albany, OR Metro Area",27705,246,27439,323,19419,2026,1670,831,6350,1916,266,261
310M200US10580,10580,"Albany-Schenectady-Troy, NY Metro Area",177387,628,176396,859,119484,4195,10618,2500,46294,3811,991,500
310M200US10700,10700,"Albertville, AL Micro Area",23155,163,23003,241,15256,1565,2700,1173,5047,1073,152,164
310M200US10740,10740,"Albuquerque, NM Metro Area",208998,1237,208119,1352,129049,5826,19658,3325,59412,5222,879,539
310M200US10780,10780,"Alexandria, LA Metro Area",37611,541,37611,541,23814,2153,2589,1096,11208,1844,0,201
310M200US10900,10900,"Allentown-Bethlehem-Easton, PA-NJ Metro Area",179427,946,176864,1652,120891,4512,10779,2070,45194,4054,2563,1344
310M200US11020,11020,"Altoona, PA Metro Area",25899,7,25481,461,16663,1757,2149,975,6669,1642,418,461
310M200US11100,11100,"Amarillo, TX Metro Area",67533,854,67321,874,44395,2840,4658,1731,18268,2613,212,224
310M200US11180,11180,"Ames, IA Metro Area",16063,78,15808,277,11708,1318,1134,803,2966,1146,255,265
310M200US11260,11260,"Anchorage, AK Metro Area",101471,154,100625,557,71728,4024,10372,2953,18525,2701,846,512
310M200US11460,11460,"Ann Arbor, MI Metro Area",69941,390,69692,438,51286,2750,3062,994,15344,2618,249,170
310M200US11500,11500,"Anniston-Oxford-Jacksonville, AL Metro Area",25591,230,25591,230,15274,1718,2047,1004,8270,1685,0,189
310M200US11540,11540,"Appleton, WI Metro Area",56545,459,55666,816,41436,2094,5633,1591,8597,1516,879,633
310M200US11640,11640,"Arecibo, PR Metro Area",40399,1170,40373,1170,19694,2693,2050,1182,18629,2882,26,44
310M200US11700,11700,"Asheville, NC Metro Area",84805,1016,84389,1089,59881,3773,5795,1796,18713,3434,416,572
310M200US11780,11780,"Ashtabula, OH Micro Area",22402,232,22295,251,12996,1888,2143,1055,7156,1927,107,129
310M200US11980,11980,"Athens, TX Micro Area",17428,85,17428,85,12223,1721,1878,1247,3327,1184,0,211
310M200US12020,12020,"Athens-Clarke County, GA Metro Area",39554,1276,39273,1265,24313,2097,4221,1635,10739,1761,281,282
310M200US12060,12060,"Atlanta-Sandy Springs-Roswell, GA Metro Area",1424216,2407,1414560,4428,902096,16308,102021,9118,410443,15548,9656,3657
310M200US12100,12100,"Atlantic City-Hammonton, NJ Metro Area",60625,196,60280,343,33776,2974,5355,2178,21149,2468,345,305
310M200US12180,12180,"Auburn, NY Micro Area",15951,135,15773,218,8929,1175,2120,700,4724,1071,178,172
310M200US12220,12220,"Auburn-Opelika, AL Metro Area",33252,22,33196,93,18193,2564,1779,1095,13224,2577,56,91
310M200US12260,12260,"Augusta-Richmond County, GA-SC Metro Area",136730,1474,136071,1572,77294,5467,8940,2782,49837,5026,659,667
310M200US12300,12300,"Augusta-Waterville, ME Micro Area",23674,526,23035,726,13984,1862,2341,1000,6710,1945,639,460
310M200US12420,12420,"Austin-Round Rock, TX Metro Area",469266,861,466003,1832,326834,8936,34868,5669,104301,7525,3263,1605
310M200US12540,12540,"Bakersfield, CA Metro Area",256855,307,255359,998,161688,7083,25141,4658,68530,5851,1496,1044
310M200US12580,12580,"Baltimore-Columbia-Towson, MD Metro Area",618292,685,615450,1553,394390,9224,47689,5812,173371,9029,2842,1327
310M200US12620,12620,"Bangor, ME Metro Area",28578,257,28184,453,16856,1885,3786,1493,7542,1524,394,405
310M200US12700,12700,"Barnstable Town, MA Metro Area",33951,372,33639,590,24947,2049,2080,1048,6612,1940,312,441
310M200US12940,12940,"Baton Rouge, LA Metro Area",198189,1048,196123,1866,113289,6300,15311,3476,67523,5671,2066,1507
310M200US12980,12980,"Battle Creek, MI Metro Area",31188,207,30940,300,18224,2008,2231,987,10485,1741,248,227
310M200US13020,13020,"Bay City, MI Metro Area",22277,245,21796,515,11885,1635,2069,975,7842,1559,481,425
310M200US13140,13140,"Beaumont-Port Arthur, TX Metro Area",95139,960,93421,1493,53550,3851,7076,1936,32795,3698,1718,1095
310M200US13180,13180,"Beaver Dam, WI Micro Area",19211,511,19095,546,14192,1479,1433,520,3470,1272,116,162
310M200US13220,13220,"Beckley, WV Metro Area",26084,462,24938,1313,16701,1816,1927,892,6310,1485,1146,1167
310M200US13380,13380,"Bellingham, WA Metro Area",42588,263,42167,520,29580,2426,4807,1911,7780,2087,421,460
310M200US13460,13460,"Bend-Redmond, OR Metro Area",36614,493,36233,660,27017,2849,2963,1357,6253,2389,381,422
310M200US13740,13740,"Billings, MT Metro Area",39256,647,38278,891,26344,2200,4291,1865,7643,2098,978,693
310M200US13780,13780,"Binghamton, NY Metro Area",48822,417,48338,590,30536,2285,3752,1126,14050,2292,484,429
310M200US13820,13820,"Birmingham-Hoover, AL Metro Area",265278,1024,263640,1527,164340,6185,17720,3468,81580,5746,1638,1192
310M200US13900,13900,"Bismarck, ND Metro Area",29162,645,28646,687,20901,1393,2120,1390,5625,1410,516,353
310M200US13980,13980,"Blacksburg-Christiansburg-Radford, VA Metro Area",30143,1795,29745,1842,22076,1852,3635,1461,4034,1102,398,358
310M200US14010,14010,"Bloomington, IL Metro Area",40801,687,40685,690,29965,2214,2725,983,7995,1784,116,122
310M200US14020,14020,"Bloomington, IN Metro Area",27865,693,27307,765,18887,1548,2722,1123,5698,1465,558,446
310M200US14100,14100,"Bloomsburg-Berwick, PA Metro Area",15814,216,15605,274,10508,1112,1601,730,3496,982,209,170
310M200US14140,14140,"Bluefield, WV-VA Micro Area",21428,220,21246,320,12178,1723,2765,1221,6303,1779,182,222
310M200US14260,14260,"Boise City, ID Metro Area",177548,1675,176516,1807,129622,5527,16737,4287,30157,4200,1032,771
310M200US14460,14460,"Boston-Cambridge-Newton, MA-NH Metro Area",971913,1215,969135,1660,695624,10389,56472,5291,217039,9793,2778,998
310M200US14500,14500,"Boulder, CO Metro Area",63398,172,62930,695,45120,2827,5935,1771,11875,2223,468,685
310M200US14540,14540,"Bowling Green, KY Metro Area",38154,1493,37757,1543,26653,2345,3602,1553,7502,1758,397,288
310M200US14580,14580,"Bozeman, MT Micro Area",19904,116,19904,116,14907,1364,2065,797,2932,1174,0,161
310M200US14660,14660,"Brainerd, MN Micro Area",19966,416,19673,388,12828,1057,1805,551,5040,1079,293,236
310M200US14700,14700,"Branson, MO Micro Area",16745,428,16504,455,11331,1220,1095,524,4078,1031,241,227
310M200US14740,14740,"Bremerton-Silverdale, WA Metro Area",52991,84,52290,725,39021,2100,3165,1037,10104,1898,701,719
310M200US14860,14860,"Bridgeport-Stamford-Norwalk, CT Metro Area",221784,471,220900,745,160458,4106,13662,2747,46780,4360,884,519
310M200US15180,15180,"Brownsville-Harlingen, TX Metro Area",132694,158,132502,312,74471,4679,9054,2792,48977,5014,192,269
310M200US15260,15260,"Brunswick, GA Metro Area",25872,1613,25440,1717,13681,2077,2603,1508,9156,1779,432,454
310M200US15380,15380,"Buffalo-Cheektowaga-Niagara Falls, NY Metro Area",233666,475,232186,731,141324,5579,19448,2982,71414,5148,1480,712
310M200US15500,15500,"Burlington, NC Metro Area",35269,465,34664,898,22139,2317,2413,1026,10112,1749,605,534
310M200US15540,15540,"Burlington-South Burlington, VT Metro Area",42510,451,42275,509,28801,2043,3829,1462,9645,1902,235,222
310M200US15680,15680,"California-Lexington Park, MD Metro Area",27289,229,27019,378,20667,1572,1421,796,4931,1528,270,272
310M200US15940,15940,"Canton-Massillon, OH Metro Area",87793,410,86983,645,54445,3330,8267,2124,24271,2844,810,498
310M200US15980,15980,"Cape Coral-Fort Myers, FL Metro Area",127154,232,125722,1272,71143,4540,13549,3061,41030,4376,1432,1251
310M200US16020,16020,"Cape Girardeau, MO-IL Metro Area",20775,1103,20775,1103,14530,1704,1461,935,4784,1382,0,187
310M200US16060,16060,"Carbondale-Marion, IL Metro Area",25493,851,25441,852,16397,1571,1611,691,7433,1842,52,105
310M200US16180,16180,"Carson City, NV Metro Area",11026,464,11026,464,5678,1517,2162,1306,3186,1375,0,203
310M200US16220,16220,"Casper, WY Metro Area",18861,609,18861,609,13200,1361,2919,904,2742,1038,0,190
310M200US16300,16300,"Cedar Rapids, IA Metro Area",62079,338,61389,566,43208,2422,8823,2274,9358,1714,690,536
310M200US16500,16500,"Centralia, WA Micro Area",16416,388,16384,398,11197,1457,731,484,4456,1358,32,52
310M200US16540,16540,"Chambersburg-Waynesboro, PA Metro Area",34964,251,34964,251,22885,1920,3348,1707,8731,1788,0,168
310M200US16580,16580,"Champaign-Urbana, IL Metro Area",46589,817,46185,907,28775,2590,2832,1219,14578,2716,404,341
310M200US16620,16620,"Charleston, WV Metro Area",45832,1342,45202,1438,27755,2797,4914,1667,12533,2318,630,484
310M200US16660,16660,"Charleston-Mattoon, IL Micro Area",11081,633,11081,633,6747,1048,1370,726,2964,1040,0,182
310M200US16700,16700,"Charleston-North Charleston, SC Metro Area",162029,477,160047,1515,99392,5021,9117,2518,51538,4708,1982,1459
310M200US16740,16740,"Charlotte-Concord-Gastonia, NC-SC Metro Area",584739,1149,581078,1600,377017,9283,46201,5413,157860,8374,3661,1096
310M200US16820,16820,"Charlottesville, VA Metro Area",44124,2072,44124,2072,33224,2579,2762,1514,8138,1940,0,195
310M200US16860,16860,"Chattanooga, TN-GA Metro Area",116633,1418,115586,1668,76526,4112,7957,2045,31103,3599,1047,811
310M200US16940,16940,"Cheyenne, WY Metro Area",22554,300,22351,392,17386,1409,1709,963,3256,1095,203,261
310M200US16980,16980,"Chicago-Naperville-Elgin, IL-IN-WI Metro Area",2261638,1498,2249325,2530,1517880,16950,166044,11062,565401,15213,12313,2097
310M200US17020,17020,"Chico, CA Metro Area",45476,122,45257,250,28850,2416,4200,1543,12207,2295,219,204
310M200US17060,17060,"Chillicothe, OH Micro Area",16779,416,16630,505,9422,1438,916,645,6292,1442,149,248
310M200US17140,17140,"Cincinnati, OH-KY-IN Metro Area",516864,1861,511662,2618,339998,9179,43998,5895,127666,7718,5202,1849
310M200US17200,17200,"Claremont-Lebanon, NH-VT Micro Area",39798,524,39287,677,24904,1961,4134,1129,10249,1754,511,444
310M200US17220,17220,"Clarksburg, WV Micro Area",18234,1137,17381,1254,13031,1478,1728,788,2622,847,853,806
310M200US17300,17300,"Clarksville, TN-KY Metro Area",75349,1089,74609,1358,50980,3299,6211,1875,17418,2982,740,782
310M200US17340,17340,"Clearlake, CA Micro Area",12985,210,12985,210,7929,1173,1073,649,3983,1330,0,200
310M200US17420,17420,"Cleveland, TN Metro Area",26264,992,25850,1108,18458,2162,1826,909,5566,1776,414,486
310M200US17460,17460,"Cleveland-Elyria, OH Metro Area",450523,995,447720,1420,267293,6068,31986,3710,148441,6203,2803,906
310M200US17660,17660,"Coeur d'Alene, ID Metro Area",34354,498,34284,494,23183,2758,2333,973,8768,2607,70,87
310M200US17780,17780,"College Station-Bryan, TX Metro Area",48952,1850,48597,1815,30152,2480,3656,1595,14789,2280,355,364
310M200US17820,17820,"Colorado Springs, CO Metro Area",170528,752,169608,974,119245,4846,14125,3253,36238,4354,920,662
310M200US17860,17860,"Columbia, MO Metro Area",35132,290,35084,295,24025,2277,2581,1260,8478,2138,48,60
310M200US17900,17900,"Columbia, SC Metro Area",179328,1686,178488,1810,106301,6197,15419,3268,56768,5528,840,598
310M200US17980,17980,"Columbus, GA-AL Metro Area",74569,1081,73260,1627,37988,3214,6487,1984,28785,3663,1309,1199
310M200US18020,18020,"Columbus, IN Metro Area",19397,474,19165,556,12756,1543,1763,879,4646,1338,232,310
310M200US18140,18140,"Columbus, OH Metro Area",479073,620,476014,1198,307271,8490,36242,3866,132501,8152,3059,1012
310M200US18180,18180,"Concord, NH Micro Area",29187,117,28803,371,19827,1741,3101,1324,5875,1390,384,339
310M200US18260,18260,"Cookeville, TN Micro Area",22530,750,22385,832,15702,1495,1527,717,5156,1370,145,180
310M200US18300,18300,"Coos Bay, OR Micro Area",11429,695,11429,695,7388,1389,1698,1096,2343,1012,0,197
310M200US18500,18500,"Corning, NY Micro Area",21712,121,21404,309,13284,1443,3873,1327,4247,1018,308,278
310M200US18580,18580,"Corpus Christi, TX Metro Area",110999,907,110301,1051,71273,4942,10848,2420,28180,4587,698,491
310M200US18700,18700,"Corvallis, OR Metro Area",14548,398,14548,398,11791,1124,1075,730,1682,815,0,197
310M200US18880,18880,"Crestview-Fort Walton Beach-Destin, FL Metro Area",55553,1325,55307,1238,38525,2714,5154,1651,11628,2965,246,240
310M200US18980,18980,"Cullman, AL Micro Area",18308,4,17920,525,13632,1593,1362,857,2926,1280,388,526
310M200US19060,19060,"Cumberland, MD-WV Metro Area",18655,495,18655,495,12362,1498,730,506,5563,1437,0,187
310M200US19100,19100,"Dallas-Fort Worth-Arlington, TX Metro Area",1857299,1634,1849045,2792,1252245,17482,126999,10750,469801,15313,8254,2226
310M200US19140,19140,"Dalton, GA Metro Area",37371,366,37315,384,28650,1691,3268,1444,5397,1471,56,90
310M200US19180,19180,"Danville, IL Metro Area",18547,663,17893,877,9631,1652,2419,1294,5843,1607,654,469
310M200US19260,19260,"Danville, VA Micro Area",21588,364,21366,451,13307,1153,1639,945,6420,1299,222,266
310M200US19300,19300,"Daphne-Fairhope-Foley, AL Metro Area",44496,1032,44496,1032,33919,3484,2265,1337,8312,3268,0,189
310M200US19340,19340,"Davenport-Moline-Rock Island, IA-IL Metro Area",88155,503,87191,816,54780,2905,7937,2025,24474,2875,964,693
310M200US19380,19380,"Dayton, OH Metro Area",177269,722,176345,811,101871,4847,16774,3672,57700,4717,924,389
310M200US19460,19460,"Decatur, AL Metro Area",35553,584,35488,584,25504,1615,2939,1018,7045,1446,65,71
310M200US19500,19500,"Decatur, IL Metro Area",24111,162,23779,414,15346,1888,907,483,7526,1894,332,389
310M200US19660,19660,"Deltona-Daytona Beach-Ormond Beach, FL Metro Area",109533,549,108896,698,62410,4238,11191,2758,35295,4212,637,421
310M200US19740,19740,"Denver-Aurora-Lakewood, CO Metro Area",652938,1056,650006,1340,462911,7640,54320,5280,132775,8066,2932,828
310M200US19780,19780,"Des Moines-West Des Moines, IA Metro Area",156080,886,154679,1176,112229,5304,11158,2591,31292,4817,1401,763
310M200US19820,19820,"Detroit-Warren-Dearborn, MI Metro Area",982193,844,977215,1605,626331,10589,76022,5961,274862,10907,4978,1374
310M200US20020,20020,"Dothan, AL Metro Area",34244,272,34181,285,19882,1401,2094,667,12205,1401,63,64
310M200US20100,20100,"Dover, DE Metro Area",40424,516,39552,1357,22668,2442,3063,1660,13821,2369,872,1251
310M200US20180,20180,"DuBois, PA Micro Area",15059,661,14859,642,11129,978,1160,446,2570,864,200,294
310M200US20220,20220,"Dubuque, IA Metro Area",22183,282,22060,336,15635,1447,2136,1025,4289,1182,123,148
310M200US20260,20260,"Duluth, MN-WI Metro Area",56213,282,55893,329,36604,2061,6896,1447,12393,1851,320,187
310M200US20380,20380,"Dunn, NC Micro Area",34196,214,34181,216,22360,2143,2496,1326,9325,1779,15,25
310M200US20500,20500,"Durham-Chapel Hill, NC Metro Area",116250,737,115702,950,69896,3935,9406,2296,36400,3800,548,465
310M200US20700,20700,"East Stroudsburg, PA Metro Area",35321,178,35227,222,24060,2383,1389,867,9778,2442,94,159
310M200US20740,20740,"Eau Claire, WI Metro Area",35135,426,34893,456,26572,1572,3671,1087,4650,1432,242,170
310M200US20940,20940,"El Centro, CA Metro Area",51025,99,50951,195,36401,2698,2058,893,12492,2457,74,158
310M200US21020,21020,"Elizabeth City, NC Micro Area",13563,1393,13343,1481,8738,1426,1074,647,3531,1319,220,356
310M200US21060,21060,"Elizabethtown-Fort Knox, KY Metro Area",37193,1146,36843,1206,25781,2284,2616,1080,8446,2625,350,375
310M200US21140,21140,"Elkhart-Goshen, IN Metro Area",56201,424,55784,466,38655,2587,3802,1666,13327,2648,417,394
310M200US21300,21300,"Elmira, NY Metro Area",19120,196,18685,537,10837,1289,1642,963,6206,1514,435,489
310M200US21340,21340,"El Paso, TX Metro Area",235556,223,235190,356,143258,7021,16806,3696,75126,6745,366,278
310M200US21500,21500,"Erie, PA Metro Area",60426,207,59841,455,37672,2456,4939,1564,17230,1905,585,411
310M200US21660,21660,"Eugene, OR Metro Area",68364,193,67516,516,43264,3269,5631,1329,18621,3022,848,468
310M200US21700,21700,"Eureka-Arcata-Fortuna, CA Micro Area",25904,580,25904,580,15392,1985,2502,1079,8010,1702,0,200
310M200US21780,21780,"Evansville, IN-KY Metro Area",71020,831,69876,1173,45002,2748,5739,1611,19135,2508,1144,902
310M200US21820,21820,"Fairbanks, AK Metro Area",23810,121,23348,664,17121,1814,1007,627,5220,1763,462,636
310M200US22020,22020,"Fargo, ND-MN Metro Area",50786,394,50386,440,36932,2295,2816,1430,10638,2012,400,306
310M200US22060,22060,"Faribault-Northfield, MN Micro Area",14596,46,14515,97,10900,1131,1342,769,2273,856,81,73
310M200US22100,22100,"Farmington, MO Micro Area",13837,291,13740,317,10668,1339,1154,833,1918,961,97,163
310M200US22140,22140,"Farmington, NM Metro Area",33557,197,33557,197,17595,2027,4632,1376,11330,2181,0,190
310M200US22180,22180,"Fayetteville, NC Metro Area",98496,341,97431,600,60447,2996,6981,1834,30003,2873,1065,541
310M200US22220,22220,"Fayetteville-Springdale-Rogers, AR-MO Metro Area",128942,2309,128044,2236,90712,5559,11387,2875,25945,4126,898,637
310M200US22300,22300,"Findlay, OH Micro Area",16886,235,16830,245,10982,1547,1015,680,4833,1510,56,90
310M200US22380,22380,"Flagstaff, AZ Metro Area",29582,694,29186,789,17806,2182,2776,1291,8604,2147,396,441
310M200US22420,22420,"Flint, MI Metro Area",96493,186,95330,744,51169,3427,8989,2430,35172,3438,1163,735
310M200US22500,22500,"Florence, SC Metro Area",49015,351,47691,1089,23986,2424,2358,932,21347,2474,1324,1070
310M200US22520,22520,"Florence-Muscle Shoals, AL Metro Area",31266,464,31228,481,17823,2003,2228,1132,11177,1875,38,71
310M200US22540,22540,"Fond du Lac, WI Metro Area",22027,135,21602,460,15997,1243,1430,694,4175,1149,425,426
310M200US22580,22580,"Forest City, NC Micro Area",14572,241,14504,267,8624,1863,1324,787,4556,1732,68,124
310M200US22660,22660,"Fort Collins, CO Metro Area",66166,116,65577,561,45503,2698,7347,2095,12727,2735,589,544
310M200US22900,22900,"Fort Smith, AR-OK Metro Area",68063,266,67797,312,45889,2533,5274,1430,16634,2347,266,153
310M200US23060,23060,"Fort Wayne, IN Metro Area",110003,333,109355,529,71858,3743,6605,1796,30892,3268,648,401
310M200US23180,23180,"Frankfort, KY Micro Area",16082,923,15798,1056,12162,1421,430,512,3206,1132,284,312
310M200US23420,23420,"Fresno, CA Metro Area",278186,426,276364,927,157744,7457,34062,5848,84558,6449,1822,883
310M200US23460,23460,"Gadsden, AL Metro Area",22567,392,22567,392,16133,1522,1284,796,5150,1464,0,189
310M200US23540,23540,"Gainesville, FL Metro Area",48933,763,48443,808,32099,2967,3544,1528,12800,3009,490,320
310M200US23580,23580,"Gainesville, GA Metro Area",50464,138,50336,210,34824,3122,4279,1734,11233,3192,128,152
310M200US23700,23700,"Gallup, NM Micro Area",21763,873,21763,873,10735,1962,1843,665,9185,1664,0,190
310M200US23900,23900,"Gettysburg, PA Metro Area",20912,159,20668,255,15296,1230,1366,527,4006,1206,244,207
310M200US24020,24020,"Glens Falls, NY Metro Area",24037,592,23623,701,14317,1827,2900,1240,6406,1598,414,343
310M200US24060,24060,"Glenwood Springs, CO Micro Area",17208,1365,16964,1326,13485,1458,1008,612,2471,1198,244,356
310M200US24140,24140,"Goldsboro, NC Metro Area",30014,11,30014,11,16324,2306,2489,1169,11201,2214,0,198
310M200US24220,24220,"Grand Forks, ND-MN Metro Area",21874,546,21354,660,14002,1587,3129,1479,4223,1343,520,389
310M200US24260,24260,"Grand Island, NE Metro Area",22053,538,21774,649,15816,1462,1145,708,4813,1239,279,339
310M200US24300,24300,"Grand Junction, CO Metro Area",32402,708,32374,707,20050,2597,2303,1252,10021,2471,28,50
310M200US24340,24340,"Grand Rapids-Wyoming, MI Metro Area",254885,278,253150,981,173828,5649,21464,4314,57858,4348,1735,978
310M200US24420,24420,"Grants Pass, OR Metro Area",16155,636,16155,636,9801,1771,696,592,5658,1462,0,197
310M200US24500,24500,"Great Falls, MT Metro Area",18638,145,18525,201,12731,1057,1364,627,4430,981,113,143
310M200US24540,24540,"Greeley, CO Metro Area",74590,234,74207,528,54408,2773,4997,1405,14802,2408,383,381
310M200US24580,24580,"Green Bay, WI Metro Area",74909,309,73632,1067,52881,2695,7287,1638,13464,2147,1277,1032
310M200US24620,24620,"Greeneville, TN Micro Area",13496,472,13496,472,9094,1346,1269,638,3133,1200,0,198
310M200US24640,24640,"Greenfield Town, MA Micro Area",12862,75,12780,123,8858,810,991,631,2931,632,82,98
310M200US24660,24660,"Greensboro-High Point, NC Metro Area",169393,542,167896,1320,98861,5196,15554,2994,53481,4701,1497,1169
310M200US24780,24780,"Greenville, NC Metro Area",38259,196,37894,402,20998,2737,2988,1493,13908,2799,365,350
310M200US24860,24860,"Greenville-Anderson-Mauldin, SC Metro Area",196100,746,194968,930,130457,5949,11042,2662,53469,5549,1132,514
310M200US24940,24940,"Greenwood, SC Micro Area",21387,647,21387,647,11288,1628,1144,640,8955,1812,0,200
310M200US25020,25020,"Guayama, PR Metro Area",18126,1043,18041,1067,8415,1491,1625,1057,8001,1599,85,163
310M200US25060,25060,"Gulfport-Biloxi-Pascagoula, MS Metro Area",92115,1092,91071,1365,56512,3735,6575,1825,27984,3424,1044,815
310M200US25180,25180,"Hagerstown-Martinsburg, MD-WV Metro Area",60192,933,59449,1169,36756,2687,4744,1492,17949,2382,743,686
310M200US25220,25220,"Hammond, LA Metro Area",31487,668,31487,668,18304,2118,1040,709,12143,1834,0,201
310M200US25260,25260,"Hanford-Corcoran, CA Metro Area",41356,30,41059,442,24314,2987,4813,1815,11932,2680,297,441
310M200US25420,25420,"Harrisburg-Carlisle, PA Metro Area",119996,320,118889,571,80258,3184,9702,2247,28929,2771,1107,519
310M200US25500,25500,"Harrisonburg, VA Metro Area",25362,526,24929,516,18219,1703,2072,922,4638,1373,433,386
310M200US25540,25540,"Hartford-West Hartford-East Hartford, CT Metro Area",254077,398,252370,922,162447,5211,17628,2884,72295,4770,1707,849
310M200US25620,25620,"Hattiesburg, MS Metro Area",36718,1180,36305,1301,19436,3101,3403,1481,13466,2692,413,488
310M200US25740,25740,"Helena, MT Micro Area",16649,872,16641,874,12766,1216,1272,585,2603,769,8,14
310M200US25840,25840,"Hermiston-Pendleton, OR Micro Area",22350,937,22261,941,12583,1989,2017,1286,7661,2090,89,158
310M200US25860,25860,"Hickory-Lenoir-Morganton, NC Metro Area",77917,338,77368,523,49240,3338,7707,1954,20421,3029,549,454
310M200US25900,25900,"Hilo, HI Micro Area",42786,351,42380,571,28519,2099,4165,1553,9696,1959,406,435
310M200US25940,25940,"Hilton Head Island-Bluffton-Beaufort, SC Metro Area",41406,1208,41148,1285,25079,2028,2287,1052,13782,2056,258,278
310M200US25980,25980,"Hinesville, GA Metro Area",24256,1208,23962,1292,16071,1863,1014,527,6877,1634,294,368
310M200US26020,26020,"Hobbs, NM Micro Area",20497,425,20434,416,13130,1635,1872,648,5432,1753,63,107
310M200US26090,26090,"Holland, MI Micro Area",28382,285,28260,323,23379,1252,1437,760,3444,1138,122,153
310M200US26140,26140,"Homosassa Springs, FL Metro Area",20907,494,20861,511,14791,1569,1608,672,4462,1359,46,94
310M200US26300,26300,"Hot Springs, AR Metro Area",20044,325,20044,325,11156,1967,1059,703,7829,1960,0,190
310M200US26380,26380,"Houma-Thibodaux, LA Metro Area",52043,663,51276,946,28977,2440,4519,1788,17780,2673,767,682
310M200US26420,26420,"Houston-The Woodlands-Sugar Land, TX Metro Area",1749206,1663,1737233,3767,1175899,19698,124686,11300,436648,18757,11973,3135
310M200US26580,26580,"Huntington-Ashland, WV-KY-OH Metro Area",79049,1536,78105,1561,49477,3302,6903,1953,21725,3156,944,536
310M200US26620,26620,"Huntsville, AL Metro Area",99603,187,99152,428,69454,3437,4725,1486,24973,3299,451,381
310M200US26660,26660,"Huntsville, TX Micro Area",13001,937,12938,946,7684,2110,754,830,4500,2044,63,109
310M200US26740,26740,"Hutchinson, KS Micro Area",14475,509,14277,607,10238,1210,692,442,3347,1134,198,299
310M200US26820,26820,"Idaho Falls, ID Metro Area",43755,741,43755,741,36618,1769,911,440,6226,1715,0,190
310M200US26860,26860,"Indiana, PA Micro Area",16029,350,15957,356,12946,958,785,414,2226,922,72,81
310M200US26900,26900,"Indianapolis-Carmel-Anderson, IN Metro Area",495405,1709,490242,2417,313706,9068,43567,6483,132969,8805,5163,1881
310M200US26980,26980,"Iowa City, IA Metro Area",34034,121,33923,145,25655,2028,2625,1328,5643,1578,111,117
310M200US27060,27060,"Ithaca, NY Metro Area",15801,310,15637,384,8454,2052,2312,1133,4871,1860,164,232
310M200US27100,27100,"Jackson, MI Metro Area",35233,150,34305,792,19681,1723,2253,880,12371,1821,928,774
310M200US27140,27140,"Jackson, MS Metro Area",141833,1768,140968,1954,77894,4190,11050,2666,52024,4235,865,705
310M200US27180,27180,"Jackson, TN Metro Area",29852,284,29635,312,18444,1845,1269,598,9922,1871,217,280
310M200US27260,27260,"Jacksonville, FL Metro Area",323885,1067,320220,1814,197695,7622,17876,3744,104649,7251,3665,1257
310M200US27340,27340,"Jacksonville, NC Metro Area",47528,102,47252,337,37277,2638,2266,1204,7709,2420,276,322
310M200US27460,27460,"Jamestown-Dunkirk-Fredonia, NY Micro Area",27289,207,27079,260,15479,1613,3680,1292,7920,1433,210,182
310M200US27500,27500,"Janesville-Beloit, WI Metro Area",38441,206,38254,279,22458,2070,2971,1039,12825,2148,187,176
310M200US27620,27620,"Jefferson City, MO Metro Area",34242,1124,34169,1109,22794,2165,1525,724,9850,2049,73,123
310M200US27740,27740,"Johnson City, TN Metro Area",38932,1010,38388,980,25584,2087,4000,1350,8804,1837,544,438
310M200US27780,27780,"Johnstown, PA Metro Area",26483,54,26421,76,16591,1332,2731,831,7099,1347,62,66
310M200US27860,27860,"Jonesboro, AR Metro Area",30542,491,30515,495,15413,2445,3322,1479,11780,2437,27,47
310M200US27900,27900,"Joplin, MO Metro Area",44015,410,43487,575,29796,2613,4410,1498,9281,2135,528,421
310M200US27980,27980,"Kahului-Wailuku-Lahaina, HI Metro Area",35558,531,34985,661,23096,1867,2051,992,9838,1760,573,406
310M200US28020,28020,"Kalamazoo-Portage, MI Metro Area",74742,627,74110,731,46742,3003,6654,1782,20714,2527,632,345
310M200US28060,28060,"Kalispell, MT Micro Area",20947,536,19718,1348,13342,2061,1998,977,4378,1752,1229,1162
310M200US28100,28100,"Kankakee, IL Metro Area",26317,314,25954,441,16962,1709,1445,697,7547,1647,363,343
310M200US28140,28140,"Kansas City, MO-KS Metro Area",513736,1325,510799,1585,345881,7734,41841,4716,123077,6851,2937,1113
310M200US28180,28180,"Kapaa, HI Micro Area",15789,248,15194,983,10501,1426,1508,739,3185,1079,595,927
310M200US28300,28300,"Keene, NH Micro Area",14148,446,14109,448,9225,1045,1937,744,2947,958,39,63
310M200US28420,28420,"Kennewick-Richland, WA Metro Area",78166,594,78080,608,52537,4115,4386,1402,21157,3740,86,148
310M200US28580,28580,"Key West, FL Micro Area",11560,280,11560,280,7235,1146,1234,606,3091,1000,0,214
310M200US28660,28660,"Killeen-Temple, TX Metro Area",114274,1143,113677,1194,77640,3864,7394,1878,28643,3880,597,650
310M200US28700,28700,"Kingsport-Bristol-Bristol, TN-VA Metro Area",61566,1014,61359,1046,39354,3016,6283,2074,15722,2556,207,191
310M200US28740,28740,"Kingston, NY Metro Area",32760,763,32263,920,21115,2024,3109,1153,8039,1839,497,507
310M200US28900,28900,"Klamath Falls, OR Micro Area",14151,254,13702,486,8547,1159,1375,845,3780,1206,449,392
310M200US28940,28940,"Knoxville, TN Metro Area",180340,1110,178098,1638,127300,4631,11599,3027,39199,4625,2242,1303
310M200US29020,29020,"Kokomo, IN Metro Area",18909,200,18549,471,11257,1313,1151,620,6141,1278,360,418
310M200US29100,29100,"La Crosse-Onalaska, WI-MN Metro Area",27803,283,27542,370,20838,1248,2634,1063,4070,1058,261,204
310M200US29180,29180,"Lafayette, LA Metro Area",121429,593,119946,1103,75282,4403,6313,1708,38351,4020,1483,904
310M200US29200,29200,"Lafayette-West Lafayette, IN Metro Area",43916,966,43829,944,28773,2857,2825,1206,12231,2451,87,108
310M200US29300,29300,"LaGrange, GA Micro Area",17616,667,17484,704,9760,1491,641,600,7083,1487,132,157
310M200US29340,29340,"Lake Charles, LA Metro Area",50924,856,50578,951,30595,2716,3199,1293,16784,2601,346,408
310M200US29380,29380,"Lake City, FL Micro Area",15008,468,14670,588,7925,1690,1495,896,5250,1569,338,351
310M200US29420,29420,"Lake Havasu City-Kingman, AZ Metro Area",37987,703,36468,1287,18513,2864,6023,1700,11932,2588,1519,1043
310M200US29460,29460,"Lakeland-Winter Haven, FL Metro Area",144461,288,143460,761,87676,5166,13628,2851,42156,4676,1001,723
310M200US29540,29540,"Lancaster, PA Metro Area",128465,410,127799,619,92910,3705,7289,1800,27600,3714,666,544
310M200US29620,29620,"Lansing-East Lansing, MI Metro Area",98465,456,97531,861,64029,2868,8064,1955,25438,2584,934,655
310M200US29700,29700,"Laredo, TX Metro Area",90437,316,90188,430,53680,3926,6631,2244,29877,3815,249,269
310M200US29740,29740,"Las Cruces, NM Metro Area",54779,769,54779,769,33396,4199,4350,1746,17033,3587,0,190
310M200US29820,29820,"Las Vegas-Henderson-Paradise, NV Metro Area",491407,228,486934,1592,294984,8966,57214,6303,134736,8223,4473,1551
310M200US29860,29860,"Laurel, MS Micro Area",20573,1179,20573,1179,9969,1688,1789,1122,8815,1360,0,206
310M200US29940,29940,"Lawrence, KS Metro Area",22226,688,21801,766,15899,1760,1567,954,4335,1643,425,458
310M200US30020,30020,"Lawton, OK Metro Area",31621,605,31165,689,18627,2230,1861,999,10677,2048,456,439
310M200US30140,30140,"Lebanon, PA Metro Area",31231,42,30827,574,20162,1904,3404,1366,7261,1724,404,574
310M200US30300,30300,"Lewiston, ID-WA Metro Area",13683,767,13683,767,7688,1228,1378,703,4617,1435,0,187
310M200US30340,30340,"Lewiston-Auburn, ME Metro Area",23267,339,22884,446,15279,1604,1016,554,6589,1513,383,313
310M200US30460,30460,"Lexington-Fayette, KY Metro Area",109627,924,108046,1276,69078,3406,11218,2823,27750,3303,1581,905
310M200US30620,30620,"Lima, OH Metro Area",24621,476,24568,489,13986,1426,1847,874,8735,1421,53,82
310M200US30700,30700,"Lincoln, NE Metro Area",74295,763,73679,854,50597,2978,3950,1793,19132,2455,616,444
310M200US30780,30780,"Little Rock-North Little Rock-Conway, AR Metro Area",175361,1519,173685,1672,108508,5185,14163,3180,51014,5066,1676,877
310M200US30860,30860,"Logan, UT-ID Metro Area",41021,714,40925,745,35793,1660,1170,748,3962,1354,96,114
310M200US30940,30940,"London, KY Micro Area",31234,1124,30961,1199,19021,2677,2476,1251,9464,2511,273,327
310M200US30980,30980,"Longview, TX Metro Area",53961,264,53664,366,32558,2459,4053,1237,17053,2224,297,271
310M200US31020,31020,"Longview, WA Metro Area",22833,466,22613,512,12359,2215,1313,716,8941,2195,220,210
310M200US31080,31080,"Los Angeles-Long Beach-Anaheim, CA Metro Area",3017341,1288,3001806,2874,1964608,20824,279181,12418,758017,19931,15535,2530
310M200US31140,31140,"Louisville/Jefferson County, KY-IN Metro Area",293061,1945,290348,2246,179221,5131,25976,3615,85151,5169,2713,1082
310M200US31180,31180,"Lubbock, TX Metro Area",74122,721,74053,741,48666,3466,7904,2497,17483,3053,69,106
310M200US31260,31260,"Lufkin, TX Micro Area",22894,24,22742,268,12988,1715,2642,1455,7112,1429,152,267
310M200US31300,31300,"Lumberton, NC Micro Area",34833,93,34579,239,16469,1850,3888,1217,14222,1767,254,233
310M200US31340,31340,"Lynchburg, VA Metro Area",51446,1359,50953,1467,34332,2120,2354,1046,14267,2169,493,610
310M200US31420,31420,"Macon, GA Metro Area",56859,1186,56774,1181,28494,2670,4516,1361,23764,2578,85,104
310M200US31460,31460,"Madera, CA Metro Area",42395,340,42263,383,28591,2837,2004,1152,11668,2668,132,245
310M200US31540,31540,"Madison, WI Metro Area",135083,660,134168,859,95227,3621,13305,2145,25636,3782,915,504
310M200US31700,31700,"Manchester-Nashua, NH Metro Area",87559,190,87303,335,62196,2918,6494,1661,18613,2430,256,256
310M200US31740,31740,"Manhattan, KS Metro Area",19883,771,19585,888,14110,1414,2130,1016,3345,1277,298,361
310M200US31820,31820,"Manitowoc, WI Micro Area",16811,92,16614,279,12632,931,1405,647,2577,785,197,267
310M200US31860,31860,"Mankato-North Mankato, MN Metro Area",20174,122,20046,160,14391,926,698,387,4957,928,128,115
310M200US31900,31900,"Mansfield, OH Metro Area",26609,490,25850,847,17074,2084,2281,1277,6495,1707,759,689
310M200US31940,31940,"Marinette, WI-MI Micro Area",12662,114,12622,99,7656,803,1909,612,3057,816,40,53
310M200US31980,31980,"Marion, IN Micro Area",14240,180,14206,183,8388,1137,1531,829,4287,1053,34,63
310M200US32020,32020,"Marion, OH Micro Area",13646,471,13539,512,7584,1493,1003,566,4952,1405,107,136
310M200US32100,32100,"Marquette, MI Micro Area",12113,166,11961,279,8627,1101,1283,811,2051,726,152,216
310M200US32220,32220,"Marshall, TX Micro Area",16666,138,16614,174,12489,1656,732,556,3393,1619,52,100
310M200US32300,32300,"Martinsville, VA Micro Area",12741,977,12524,1052,8518,1395,803,846,3203,1242,217,245
310M200US32420,32420,"Mayagüez, PR Metro Area",19064,1169,19064,1169,8061,1824,2588,1192,8415,1723,0,220
310M200US32580,32580,"McAllen-Edinburg-Mission, TX Metro Area",278562,750,278262,786,178476,8049,12880,3510,86906,7511,300,267
310M200US32740,32740,"Meadville, PA Micro Area",18560,143,18298,282,11567,1260,1490,579,5241,1216,262,229
310M200US32780,32780,"Medford, OR Metro Area",44345,567,43943,676,25406,2502,5631,1707,12906,2573,402,367
310M200US32820,32820,"Memphis, TN-MS-AR Metro Area",341472,1668,339385,2046,185224,7118,21379,3721,132782,6693,2087,1047
310M200US32900,32900,"Merced, CA Metro Area",79517,281,78354,1320,47738,3854,6606,1881,24010,3437,1163,1288
310M200US32940,32940,"Meridian, MS Micro Area",24017,1257,23867,1274,12668,2271,3252,1664,7947,1951,150,197
310M200US33100,33100,"Miami-Fort Lauderdale-West Palm Beach, FL Metro Area",1221300,1122,1213348,2732,721229,12463,106617,9316,385502,12202,7952,2378
310M200US33140,33140,"Michigan City-La Porte, IN Metro Area",24179,269,23535,883,13883,1963,3574,1538,6078,1309,644,844
310M200US33220,33220,"Midland, MI Metro Area",17970,433,17759,512,12976,1288,1957,850,2826,979,211,271
310M200US33260,33260,"Midland, TX Metro Area",45063,887,45063,887,30660,2742,4289,1962,10114,2466,0,211
310M200US33340,33340,"Milwaukee-Waukesha-West Allis, WI Metro Area",370773,686,367842,1957,220738,5390,30372,3457,116732,4556,2931,1689
310M200US33460,33460,"Minneapolis-St. Paul-Bloomington, MN-WI Metro Area",840797,1485,834021,2123,606719,9683,60494,6208,166808,8567,6776,1672
310M200US33500,33500,"Minot, ND Micro Area",18153,510,18043,516,14078,1280,1062,596,2903,1259,110,120
310M200US33540,33540,"Missoula, MT Metro Area",21674,384,21450,474,16219,1505,1583,832,3648,1225,224,248
310M200US33660,33660,"Mobile, AL Metro Area",99108,656,98663,785,56804,4200,5619,2207,36240,3984,445,395
310M200US33700,33700,"Modesto, CA Metro Area",145151,180,143980,983,101011,4587,9551,2672,33418,3895,1171,940
310M200US33740,33740,"Monroe, LA Metro Area",44878,1040,44562,1059,21586,2701,3533,1392,19443,2582,316,328
310M200US33780,33780,"Monroe, MI Metro Area",33571,334,32938,691,21687,2032,5816,2083,5435,1182,633,611
310M200US33860,33860,"Montgomery, AL Metro Area",89448,750,89104,808,47733,3174,6829,2111,34542,3195,344,341
310M200US33980,33980,"Morehead City, NC Micro Area",12752,237,12472,372,7793,951,1056,681,3623,994,280,295
310M200US34060,34060,"Morgantown, WV Metro Area",22778,588,22401,746,16846,1394,1901,778,3654,1109,377,444
310M200US34100,34100,"Morristown, TN Metro Area",25156,583,25156,583,16185,2194,2526,1326,6445,1828,0,198
310M200US34180,34180,"Moses Lake, WA Micro Area",27791,513,27606,593,21725,1681,2185,1132,3696,1447,185,235
310M200US34340,34340,"Mount Airy, NC Micro Area",16029,200,15909,232,11684,1152,1918,943,2307,777,120,155
310M200US34380,34380,"Mount Pleasant, MI Micro Area",12196,249,11752,466,6738,915,1342,699,3672,677,444,353
310M200US34580,34580,"Mount Vernon-Anacortes, WA Metro Area",27097,332,26759,420,19182,1743,1737,940,5840,1691,338,306
310M200US34620,34620,"Muncie, IN Metro Area",21441,544,21370,556,12985,1701,2565,1202,5820,1260,71,118
310M200US34740,34740,"Muskegon, MI Metro Area",41124,372,40492,561,25405,2091,3460,1307,11627,1910,632,412
310M200US34780,34780,"Muskogee, OK Micro Area",17102,47,16537,457,9352,1175,1299,599,5886,956,565,451
310M200US34820,34820,"Myrtle Beach-Conway-North Myrtle Beach, SC-NC Metro Area",78260,190,77224,797,43602,3708,6743,2048,26879,3659,1036,777
310M200US34860,34860,"Nacogdoches, TX Micro Area",15240,206,15240,206,10015,1268,1706,968,3519,1104,0,211
310M200US34900,34900,"Napa, CA Metro Area",30029,502,29936,501,21565,1646,2248,1180,6123,1634,93,122
310M200US34940,34940,"Naples-Immokalee-Marco Island, FL Metro Area",63576,313,63515,334,44555,2826,5669,1737,13291,2683,61,106
310M200US34980,34980,"Nashville-Davidson--Murfreesboro--Franklin, TN Metro Area",423410,1672,421967,1865,281815,6613,27104,3775,113048,5791,1443,771
310M200US35100,35100,"New Bern, NC Metro Area",27905,1025,26702,1442,16433,1718,1896,1054,8373,1753,1203,900
310M200US35260,35260,"New Castle, PA Micro Area",18164,45,18097,102,12811,1103,1135,679,4151,1008,67,92
310M200US35300,35300,"New Haven-Milford, CT Metro Area",181172,419,180356,790,114850,3930,13643,2717,51863,3904,816,708
310M200US35380,35380,"New Orleans-Metairie, LA Metro Area",279813,1176,277831,1615,144972,6407,23848,3696,109011,6607,1982,927
310M200US35420,35420,"New Philadelphia-Dover, OH Micro Area",21135,405,20954,409,14709,1269,1523,706,4722,1279,181,169
310M200US35620,35620,"New York-Newark-Jersey City, NY-NJ-PA Metro Area",4401104,3569,4383817,4373,2953578,20082,286894,12407,1143345,20227,17287,2601
310M200US35660,35660,"Niles-Benton Harbor, MI Metro Area",34775,140,34354,434,22435,1713,2399,810,9520,1821,421,414
310M200US35840,35840,"North Port-Sarasota-Bradenton, FL Metro Area",127084,409,125972,631,78395,4697,11334,2968,36243,3912,1112,530
310M200US35900,35900,"North Wilkesboro, NC Micro Area",14543,27,14086,507,10401,1367,1158,593,2527,1073,457,509
310M200US35980,35980,"Norwich-New London, CT Metro Area",55391,151,54895,542,33744,2958,4733,1764,16418,3010,496,520
310M200US36020,36020,"Oak Harbor, WA Micro Area",14994,119,14994,119,10999,1104,1197,685,2798,1009,0,193
310M200US36100,36100,"Ocala, FL Metro Area",63896,471,63621,643,36387,4325,6312,2306,20922,4340,275,339
310M200US36140,36140,"Ocean City, NJ Metro Area",16918,232,16252,984,9613,1672,2645,1488,3994,1236,666,950
310M200US36220,36220,"Odessa, TX Metro Area",45456,157,44930,813,31254,3291,3351,1593,10325,3003,526,780
310M200US36260,36260,"Ogden-Clearfield, UT Metro Area",200510,964,199546,1272,163369,4413,8040,2129,28137,4221,964,695
310M200US36300,36300,"Ogdensburg-Massena, NY Micro Area",22723,241,22248,566,13428,1521,2337,902,6483,1655,475,458
310M200US36420,36420,"Oklahoma City, OK Metro Area",331203,940,328449,1586,220042,6259,27292,4213,81115,5470,2754,1304
310M200US36460,36460,"Olean, NY Micro Area",17556,234,17296,376,11740,1035,1872,603,3684,945,260,285
310M200US36500,36500,"Olympia-Tumwater, WA Metro Area",58693,105,57860,854,38361,2861,5472,1775,14027,2683,833,845
310M200US36540,36540,"Omaha-Council Bluffs, NE-IA Metro Area",233623,895,232698,894,161940,4206,18225,2370,52533,4310,925,464
310M200US36660,36660,"Opelousas, LA Micro Area",23192,381,23192,381,10752,1992,2296,1332,10144,1900,0,201
310M200US36700,36700,"Orangeburg, SC Micro Area",19868,574,19706,524,8259,2080,1094,868,10353,1994,162,142
310M200US36740,36740,"Orlando-Kissimmee-Sanford, FL Metro Area",518841,1268,515889,2175,337039,12025,39127,6250,139723,11073,2952,1587
310M200US36780,36780,"Oshkosh-Neenah, WI Metro Area",35330,282,34861,498,23302,1694,2944,889,8615,1849,469,402
310M200US36860,36860,"Ottawa-Peru, IL Micro Area",32793,434,32517,553,21945,2185,2998,1026,7574,1865,276,277
310M200US36980,36980,"Owensboro, KY Metro Area",27947,900,27706,834,18880,1802,2026,844,6800,1631,241,328
310M200US37020,37020,"Owosso, MI Micro Area",14964,312,14707,406,10287,975,782,453,3638,1033,257,267
310M200US37100,37100,"Oxnard-Thousand Oaks-Ventura, CA Metro Area",203910,347,202618,1088,146765,5541,15853,3389,40000,5008,1292,958
310M200US37140,37140,"Paducah, KY-IL Micro Area",21272,1116,20920,1032,12028,1857,2929,1446,5963,1442,352,444
310M200US37260,37260,"Palatka, FL Micro Area",15685,144,15048,993,5553,1668,2939,1747,6556,1488,637,988
310M200US37340,37340,"Palm Bay-Melbourne-Titusville, FL Metro Area",103521,405,103092,493,63170,4597,8505,2195,31417,4491,429,300
310M200US37460,37460,"Panama City, FL Metro Area",40320,757,40134,790,25339,2912,4690,1730,10105,2320,186,197
310M200US37620,37620,"Parkersburg-Vienna, WV Metro Area",19936,745,19532,656,11985,1603,2083,922,5464,1553,404,476
310M200US37860,37860,"Pensacola-Ferry Pass-Brent, FL Metro Area",101474,602,100608,1183,69319,4751,7101,2529,24188,4256,866,1021
310M200US37900,37900,"Peoria, IL Metro Area",88979,781,88047,1089,57754,2793,5261,1656,25032,2701,932,576
310M200US37980,37980,"Philadelphia-Camden-Wilmington, PA-NJ-DE-MD Metro Area",1344346,1227,1334876,2634,851123,11565,95594,7900,388159,10427,9470,2288
310M200US38060,38060,"Phoenix-Mesa-Scottsdale, AZ Metro Area",1120374,710,1110196,3397,724489,13013,110515,9164,275192,12573,10178,3405
310M200US38220,38220,"Pine Bluff, AR Metro Area",20842,527,20837,527,9749,1399,1059,561,10029,1398,5,10
310M200US38240,38240,"Pinehurst-Southern Pines, NC Micro Area",20167,192,20167,192,13556,1718,1315,757,5296,1664,0,198
310M200US38300,38300,"Pittsburgh, PA Metro Area",453363,497,450310,1132,306604,5955,33523,4327,110183,6318,3053,979
310M200US38340,38340,"Pittsfield, MA Metro Area",22484,315,22089,595,13521,1692,1876,875,6692,1427,395,499
310M200US38460,38460,"Plattsburgh, NY Micro Area",14411,231,14004,473,10206,1077,1035,614,2763,1013,407,401
310M200US38540,38540,"Pocatello, ID Metro Area",22101,400,21835,515,16305,1356,1506,685,4024,1208,266,300
310M200US38660,38660,"Ponce, PR Metro Area",76028,1422,75984,1443,33783,3053,7348,1860,34853,2642,44,71
310M200US38820,38820,"Port Angeles, WA Micro Area",12897,305,12063,744,7858,1311,1568,726,2637,914,834,694
310M200US38860,38860,"Portland-South Portland, ME Metro Area",102392,558,101303,965,69882,4005,10805,2231,20616,3531,1089,815
310M200US38900,38900,"Portland-Vancouver-Hillsboro, OR-WA Metro Area",527016,1413,521665,2153,372770,8123,43247,5085,105648,7743,5351,1566
310M200US38940,38940,"Port St. Lucie, FL Metro Area",85566,364,85014,776,59547,4423,4640,1578,20827,3923,552,672
310M200US39020,39020,"Portsmouth, OH Micro Area",16853,428,16691,486,10101,1378,2494,1107,4096,1131,162,187
310M200US39060,39060,"Pottsville, PA Micro Area",28530,139,28076,387,19043,1302,2314,787,6719,1335,454,369
310M200US39140,39140,"Prescott, AZ Metro Area",37946,572,37591,639,23055,2264,3263,1481,11273,2337,355,320
310M200US39300,39300,"Providence-Warwick, RI-MA Metro Area",328790,744,327430,992,206443,5615,24040,3360,96947,6152,1360,555
310M200US39340,39340,"Provo-Orem, UT Metro Area",198932,967,198436,1242,175426,3453,6731,1755,16279,2535,496,631
310M200US39380,39380,"Pueblo, CO Metro Area",37440,743,37081,881,21569,2012,4166,1406,11346,1892,359,478
310M200US39460,39460,"Punta Gorda, FL Metro Area",21232,18,21166,140,15047,1819,1322,739,4797,1658,66,138
310M200US39500,39500,"Quincy, IL-MO Micro Area",17213,499,16797,734,11196,1438,1421,691,4180,1053,416,497
310M200US39540,39540,"Racine, WI Metro Area",46601,177,45918,679,27942,2460,5028,1440,12948,2023,683,661
310M200US39580,39580,"Raleigh, NC Metro Area",312184,860,310189,1637,222232,6059,20384,4243,67573,5670,1995,1197
310M200US39660,39660,"Rapid City, SD Metro Area",33361,1318,33339,1311,22505,1891,3438,1105,7396,1704,22,38
310M200US39740,39740,"Reading, PA Metro Area",94375,221,93913,447,58657,3591,8681,2931,26575,3364,462,393
310M200US39820,39820,"Redding, CA Metro Area",38577,158,38259,379,26359,2048,4875,1835,7025,1680,318,346
310M200US39900,39900,"Reno, NV Metro Area",98547,527,98418,541,65253,3624,10130,2677,23035,3235,129,108
310M200US39980,39980,"Richmond, IN Micro Area",15063,290,14928,294,8875,1226,1020,537,5033,1190,135,153
310M200US40060,40060,"Richmond, VA Metro Area",279758,2724,277837,2869,178515,6492,17079,2916,82243,5958,1921,893
310M200US40080,40080,"Richmond-Berea, KY Micro Area",21271,877,21240,885,14648,1139,1453,711,5139,1168,31,53
310M200US40140,40140,"Riverside-San Bernardino-Ontario, CA Metro Area",1186194,756,1176357,2795,786267,13155,106346,7602,283744,13585,9837,2596
310M200US40220,40220,"Roanoke, VA Metro Area",64594,1274,63920,1505,42584,2977,6105,1841,15231,2796,674,700
310M200US40260,40260,"Roanoke Rapids, NC Micro Area",16390,1042,16367,1046,7271,1481,1342,676,7754,1245,23,33
310M200US40340,40340,"Rochester, MN Metro Area",52112,292,51976,312,38001,1881,3832,1071,10143,1983,136,82
310M200US40380,40380,"Rochester, NY Metro Area",228821,776,228104,806,141393,4304,16172,3046,70539,4066,717,380
310M200US40420,40420,"Rockford, IL Metro Area",82614,244,81236,912,47173,3615,7834,2239,26229,3370,1378,838
310M200US40580,40580,"Rocky Mount, NC Metro Area",34096,181,33982,265,17198,2194,4649,1588,12135,2465,114,191
310M200US40660,40660,"Rome, GA Metro Area",22457,103,22427,116,13653,1349,1670,959,7104,1092,30,52
310M200US40700,40700,"Roseburg, OR Micro Area",20006,440,19183,1093,12729,1730,1806,887,4648,1508,823,894
310M200US40740,40740,"Roswell, NM Micro Area",17532,303,17532,303,10372,1382,748,501,6412,1453,0,190
310M200US40780,40780,"Russellville, AR Micro Area",20158,842,20158,842,12987,1643,2198,1380,4973,1564,0,190
310M200US40900,40900,"Sacramento--Roseville--Arden-Arcade, CA Metro Area",527340,1100,523211,1872,359228,8840,42470,5024,121513,8165,4129,1433
310M200US40980,40980,"Saginaw, MI Metro Area",42654,119,42398,261,24127,2043,4671,1415,13600,2127,256,218
310M200US41060,41060,"St. Cloud, MN Metro Area",44336,328,44028,393,30630,2020,4035,1328,9363,1712,308,245
310M200US41100,41100,"St. George, UT Metro Area",41858,788,41808,799,34884,2104,2254,1080,4670,1716,50,89
310M200US41140,41140,"St. Joseph, MO-KS Metro Area",28344,814,27869,850,17376,1711,1531,839,8962,1886,475,312
310M200US41180,41180,"St. Louis, MO-IL Metro Area",635904,1848,629925,2310,411643,8529,52411,5808,165871,7996,5979,1883
310M200US41400,41400,"Salem, OH Micro Area",22179,154,22027,297,15584,1610,990,436,5453,1562,152,251
310M200US41420,41420,"Salem, OR Metro Area",100753,649,100445,670,67072,4035,8988,2381,24385,3714,308,202
310M200US41500,41500,"Salinas, CA Metro Area",113555,457,113344,510,73060,4341,11730,2311,28554,4082,211,187
310M200US41540,41540,"Salisbury, MD-DE Metro Area",77128,891,76526,948,43883,3148,7777,1857,24866,2866,602,399
310M200US41620,41620,"Salt Lake City, UT Metro Area",329901,441,328244,1165,252144,5887,21799,3747,54301,5470,1657,1068
310M200US41660,41660,"San Angelo, TX Metro Area",27736,971,27625,976,18484,2412,1940,1057,7201,2425,111,155
310M200US41700,41700,"San Antonio-New Braunfels, TX Metro Area",600250,1375,596925,1810,373642,10796,47679,5411,175604,9970,3325,1086
310M200US41740,41740,"San Diego-Carlsbad, CA Metro Area",725358,905,720844,1843,507478,10193,54772,5502,158594,9007,4514,1522
310M200US41780,41780,"Sandusky, OH Micro Area",15886,162,15787,195,10016,1206,643,532,5128,1146,99,139
310M200US41860,41860,"San Francisco-Oakland-Hayward, CA Metro Area",932745,1424,928972,2047,691122,10193,61217,5784,176633,9055,3773,1445
310M200US41900,41900,"San Germán, PR Metro Area",26306,1189,26094,1287,13694,1923,2762,1381,9638,1873,212,296
310M200US41940,41940,"San Jose-Sunnyvale-Santa Clara, CA Metro Area",451931,1121,449656,1540,343898,7277,29397,3891,76361,6766,2275,1004
310M200US41980,41980,"San Juan-Carolina-Caguas, PR Metro Area",486144,1795,484892,1997,205906,8322,50299,4624,228687,8770,1252,876
310M200US42020,42020,"San Luis Obispo-Paso Robles-Arroyo Grande, CA Metro Area",50717,601,49578,1024,36356,2573,5356,1691,7866,2177,1139,985
310M200US42100,42100,"Santa Cruz-Watsonville, CA Metro Area",54064,532,53810,562,37713,3047,3382,1300,12715,3168,254,235
310M200US42140,42140,"Santa Fe, NM Metro Area",28720,221,28171,696,19320,1829,2932,1013,5919,1600,549,651
310M200US42200,42200,"Santa Maria-Santa Barbara, CA Metro Area",98272,410,97143,1099,64777,3757,9632,2471,22734,2983,1129,1037
310M200US42220,42220,"Santa Rosa, CA Metro Area",102865,203,101999,596,69361,4096,9878,2235,22760,3665,866,545
310M200US42340,42340,"Savannah, GA Metro Area",86193,1262,84294,2201,54618,4552,6107,2516,23569,3301,1899,1768
310M200US42540,42540,"Scranton--Wilkes-Barre--Hazleton, PA Metro Area",110429,216,109617,553,67605,3387,10648,2729,31364,3601,812,510
310M200US42620,42620,"Searcy, AR Micro Area",18619,291,18565,317,11823,1503,938,773,5804,1458,54,94
310M200US42660,42660,"Seattle-Tacoma-Bellevue, WA Metro Area",809734,661,803164,1956,582880,11073,60006,7183,160278,9681,6570,1837
310M200US42680,42680,"Sebastian-Vero Beach, FL Metro Area",25377,491,25190,690,15736,2279,2363,1331,7091,2186,187,328
310M200US42700,42700,"Sebring, FL Metro Area",18023,307,18023,307,11058,1885,1820,1339,5145,1716,0,214
310M200US42860,42860,"Seneca, SC Micro Area",15172,115,15172,115,10000,1339,1827,1013,3345,1190,0,200
310M200US42940,42940,"Sevierville, TN Micro Area",20235,504,20108,555,12476,2136,2379,1421,5253,1669,127,159
310M200US43060,43060,"Shawnee, OK Micro Area",17302,148,17274,154,11752,961,1070,436,4452,875,28,49
310M200US43100,43100,"Sheboygan, WI Metro Area",26137,525,25850,555,19259,1495,1071,523,5520,1478,287,217
310M200US43140,43140,"Shelby, NC Micro Area",21650,121,21340,403,12128,1720,1221,736,7991,1613,310,374
310M200US43300,43300,"Sherman-Denison, TX Metro Area",29519,150,29042,498,19434,1652,1470,755,8138,1595,477,480
310M200US43320,43320,"Show Low, AZ Micro Area",30346,216,30270,207,16975,1850,2291,907,11004,1705,76,102
310M200US43340,43340,"Shreveport-Bossier City, LA Metro Area",108828,320,107732,874,51975,3875,9700,3010,46057,4012,1096,830
310M200US43420,43420,"Sierra Vista-Douglas, AZ Metro Area",28340,164,28291,168,17967,2056,2303,1044,8021,1958,49,70
310M200US43580,43580,"Sioux City, IA-NE-SD Metro Area",43577,1419,43005,1440,29448,2314,4369,1432,9188,1916,572,367
310M200US43620,43620,"Sioux Falls, SD Metro Area",64149,575,63469,831,47662,2403,2239,927,13568,2252,680,559
310M200US43740,43740,"Somerset, PA Micro Area",13686,160,13491,217,9534,1072,1110,403,2847,921,195,151
310M200US43780,43780,"South Bend-Mishawaka, IN-MI Metro Area",75311,362,74567,613,45612,3085,4937,1117,24018,2950,744,498
310M200US43900,43900,"Spartanburg, SC Metro Area",74979,282,74952,285,42641,4024,7614,2372,24697,3733,27,50
310M200US44060,44060,"Spokane-Spokane Valley, WA Metro Area",121939,1003,120879,1226,83486,3427,9871,2750,27522,3169,1060,683
310M200US44100,44100,"Springfield, IL Metro Area",48226,574,47288,883,27755,2346,4379,1305,15154,2145,938,634
310M200US44140,44140,"Springfield, MA Metro Area",129803,330,129125,550,72794,4230,9232,2152,47099,3799,678,467
310M200US44180,44180,"Springfield, MO Metro Area",100976,1408,99977,1716,71993,3499,7053,1920,20931,2987,999,844
310M200US44220,44220,"Springfield, OH Metro Area",31182,467,30922,536,16352,1909,4404,1476,10166,1618,260,244
310M200US44300,44300,"State College, PA Metro Area",24727,763,24727,763,20472,1327,940,486,3315,1444,0,168
310M200US44340,44340,"Statesboro, GA Micro Area",14519,282,14519,282,8077,1272,702,531,5740,1200,0,211
310M200US44420,44420,"Staunton-Waynesboro, VA Metro Area",23215,1245,23101,1274,15981,1658,853,698,6267,1778,114,154
310M200US44620,44620,"Stevens Point, WI Micro Area",13736,237,13711,240,10680,796,1067,731,1964,585,25,30
310M200US44660,44660,"Stillwater, OK Micro Area",15373,438,15373,438,9799,1395,1135,831,4439,1564,0,153
310M200US44700,44700,"Stockton-Lodi, CA Metro Area",198233,323,197163,714,127123,5773,20293,4065,49747,4516,1070,628
310M200US44940,44940,"Sumter, SC Metro Area",26583,241,26583,241,14885,2387,1555,945,10143,2233,0,200
310M200US44980,44980,"Sunbury, PA Micro Area",18166,397,17688,696,11444,1189,1367,608,4877,1162,478,581
310M200US45060,45060,"Syracuse, NY Metro Area",142538,631,140797,1156,82893,4319,15039,2650,42865,4034,1741,847
310M200US45180,45180,"Talladega-Sylacauga, AL Micro Area",19705,938,19399,1007,9613,2170,2297,1598,7489,2000,306,413
310M200US45220,45220,"Tallahassee, FL Metro Area",72009,1247,71853,1295,41850,3344,6979,2301,23024,3035,156,184
310M200US45300,45300,"Tampa-St. Petersburg-Clearwater, FL Metro Area",595197,930,589040,2060,350705,8955,55348,6042,182987,8724,6157,1724
310M200US45460,45460,"Terre Haute, IN Metro Area",36915,1501,36721,1534,22035,2240,2675,848,12011,2176,194,240
310M200US45500,45500,"Texarkana, TX-AR Metro Area",34913,975,34855,978,18870,1785,2727,1241,13258,1721,58,108
310M200US45540,45540,"The Villages, FL Metro Area",8483,7,8483,7,4055,1034,782,450,3646,1088,0,214
310M200US45780,45780,"Toledo, OH Metro Area",137973,187,136970,456,78663,3737,16163,3088,42144,3633,1003,428
310M200US45820,45820,"Topeka, KS Metro Area",56389,352,55511,620,37835,2832,5151,1337,12525,2415,878,562
310M200US45860,45860,"Torrington, CT Micro Area",35636,227,35505,280,28015,1450,1805,783,5685,1396,131,175
310M200US45900,45900,"Traverse City, MI Micro Area",29407,705,29059,733,20700,1511,3438,1038,4921,1163,348,311
310M200US45940,45940,"Trenton, NJ Metro Area",81177,118,81105,167,56008,3099,4463,1825,20634,2990,72,118
310M200US46020,46020,"Truckee-Grass Valley, CA Micro Area",17621,388,17561,403,13801,1479,896,553,2864,1244,60,81
310M200US46060,46060,"Tucson, AZ Metro Area",219259,470,217085,1021,132745,6972,18783,3830,65557,6863,2174,925
310M200US46100,46100,"Tullahoma-Manchester, TN Micro Area",23295,846,23295,846,16807,1593,1910,834,4578,1498,0,198
310M200US46140,46140,"Tulsa, OK Metro Area",243645,602,241439,1096,156919,3687,20202,2104,64318,3408,2206,740
310M200US46180,46180,"Tupelo, MS Micro Area",35589,1181,35054,1425,21436,1924,3019,1176,10599,1671,535,564
310M200US46220,46220,"Tuscaloosa, AL Metro Area",49985,1252,49985,1252,32298,2226,2033,994,15654,2305,0,189
310M200US46300,46300,"Twin Falls, ID Micro Area",28485,1520,28411,1539,21974,1874,2969,1392,3468,1166,74,125
310M200US46340,46340,"Tyler, TX Metro Area",54390,186,53831,633,36035,3527,3085,1614,14711,3149,559,625
310M200US46380,46380,"Ukiah, CA Micro Area",19073,145,18802,321,10324,1645,3434,1240,5044,1282,271,309
310M200US46520,46520,"Urban Honolulu, HI Metro Area",212091,801,211519,822,151100,4910,16584,3125,43835,3964,572,383
310M200US46540,46540,"Utica-Rome, NY Metro Area",62156,327,61720,405,36851,2259,5871,1584,18998,1985,436,237
310M200US46660,46660,"Valdosta, GA Metro Area",36550,1176,36303,1224,21219,2371,1654,1108,13430,2085,247,316
310M200US46700,46700,"Vallejo-Fairfield, CA Metro Area",98578,284,98392,328,63644,3912,8439,2200,26309,4110,186,188
310M200US47020,47020,"Victoria, TX Metro Area",25376,1187,24906,1353,15484,2353,1895,930,7527,1941,470,662
310M200US47220,47220,"Vineland-Bridgeton, NJ Metro Area",37312,240,36025,1254,15798,2454,3024,1028,17203,2566,1287,1237
310M200US47260,47260,"Virginia Beach-Norfolk-Newport News, VA-NC Metro Area",385895,2059,383421,2253,239066,6308,28028,3785,116327,5075,2474,1178
310M200US47300,47300,"Visalia-Porterville, CA Metro Area",144485,212,143364,893,89521,5990,17301,3205,36542,5290,1121,835
310M200US47380,47380,"Waco, TX Metro Area",64109,1131,63179,1624,43644,3055,3341,1529,16194,2737,930,1039
310M200US47460,47460,"Walla Walla, WA Metro Area",13603,508,13603,508,9478,1287,1543,931,2582,930,0,193
310M200US47580,47580,"Warner Robins, GA Metro Area",46095,1526,45895,1487,28771,3130,3078,1323,14046,2620,200,280
310M200US47700,47700,"Warsaw, IN Micro Area",19073,356,18515,723,13142,1402,1536,890,3837,1216,558,556
310M200US47900,47900,"Washington-Arlington-Alexandria, DC-VA-MD-WV Metro Area",1402533,1864,1394697,2680,989642,12254,93235,7570,311820,12937,7836,2100
310M200US47940,47940,"Waterloo-Cedar Falls, IA Metro Area",36724,255,36540,275,25525,1817,1695,853,9320,1736,184,123
310M200US48020,48020,"Watertown-Fort Atkinson, WI Micro Area",18716,312,18447,368,13521,1121,1494,582,3432,1036,269,215
310M200US48060,48060,"Watertown-Fort Drum, NY Metro Area",29434,171,28860,800,20207,1752,1193,486,7460,1589,574,818
310M200US48140,48140,"Wausau, WI Metro Area",31475,145,31297,186,23361,1636,2717,970,5219,1405,178,106
310M200US48260,48260,"Weirton-Steubenville, WV-OH Metro Area",24933,1409,24266,1400,15248,1709,2223,1063,6795,1542,667,564
310M200US48300,48300,"Wenatchee, WA Metro Area",28768,545,28663,531,19633,2316,2965,1232,6065,2265,105,128
310M200US48540,48540,"Wheeling, WV-OH Metro Area",27911,383,26943,787,18443,1399,1019,685,7481,1424,968,702
310M200US48580,48580,"Whitewater-Elkhorn, WI Micro Area",22693,16,22448,231,15240,1359,2919,1162,4289,1029,245,230
310M200US48620,48620,"Wichita, KS Metro Area",168090,880,167248,1045,115270,4776,12795,2567,39183,4739,842,656
310M200US48660,48660,"Wichita Falls, TX Metro Area",33928,433,33526,536,20705,2376,4726,1662,8095,2041,402,346
310M200US48700,48700,"Williamsport, PA Metro Area",24088,246,24019,248,14952,1545,1512,606,7555,1710,69,60
310M200US48900,48900,"Wilmington, NC Metro Area",54062,483,53508,861,35221,3369,2912,1241,15375,3411,554,785
310M200US48980,48980,"Wilson, NC Micro Area",19129,286,18957,337,9559,1745,2214,1021,7184,1676,172,229
310M200US49020,49020,"Winchester, VA-WV Metro Area",29908,1585,29837,1593,21693,2007,1666,983,6478,1794,71,96
310M200US49180,49180,"Winston-Salem, NC Metro Area",151173,1236,150035,1527,96410,4487,13568,2793,40057,4165,1138,777
310M200US49220,49220,"Wisconsin Rapids-Marshfield, WI Micro Area",16180,172,15834,358,11139,1046,1262,530,3433,925,346,268
310M200US49300,49300,"Wooster, OH Micro Area",28207,245,28051,326,21522,1676,840,501,5689,1566,156,211
310M200US49340,49340,"Worcester, MA-CT Metro Area",201349,579,199173,1304,136368,4429,15402,2964,47403,4278,2176,1314
310M200US49420,49420,"Yakima, WA Metro Area",73803,117,73274,606,41982,3625,7462,1922,23830,3284,529,591
310M200US49620,49620,"York-Hanover, PA Metro Area",98531,202,97260,1056,64896,3275,10907,2567,21457,2454,1271,1008
310M200US49660,49660,"Youngstown-Warren-Boardman, OH-PA Metro Area",113089,975,111498,1427,65233,2886,10476,2551,35789,3517,1591,1007
310M200US49700,49700,"Yuba City, CA Metro Area",45474,124,44987,488,31882,2247,4916,1560,8189,1912,487,481
310M200US49740,49740,"Yuma, AZ Metro Area",53139,194,52519,617,39204,2344,4505,1272,8810,2114,620,574
310M200US49780,49780,"Zanesville, OH Micro Area",19852,228,19839,228,13137,1403,3083,1437,3619,1297,13,22
