GEO.id,GEO.id2,GEO.display-label,HD01_VD01,HD02_VD01,HD01_VD02,HD02_VD02,HD01_VD03,HD02_VD03,HD01_VD04,HD02_VD04,HD01_VD05,HD02_VD05,HD01_VD06,HD02_VD06
Id,Id2,Geography,Estimate; Total:,Margin of Error; Total:,Estimate; In family households:,Margin of Error; In family households:,Estimate; In family households: - In married-couple family,Margin of Error; In family households: - In married-couple family,"Estimate; In family households: - In male householder, no wife present, family","Margin of Error; In family households: - In male householder, no wife present, family","Estimate; In family households: - In female householder, no husband present, family","Margin of Error; In family households: - In female householder, no husband present, family",Estimate; In nonfamily households,Margin of Error; In nonfamily households
310M200US10140,10140,"Aberdeen, WA Micro Area",14612,499,14478,505,9556,1326,759,550,4163,1358,134,153
310M200US10180,10180,"Abilene, TX Metro Area",38956,1301,38595,1318,24124,2444,3984,1932,10487,2610,361,370
310M200US10300,10300,"Adrian, MI Micro Area",21151,210,20591,616,10861,1466,2866,1384,6864,1367,560,580
310M200US10380,10380,"Aguadilla-Isabela, PR Metro Area",64498,1687,64377,1726,35043,3595,4014,1573,25320,3198,121,191
310M200US10420,10420,"Akron, OH Metro Area",147539,407,147037,532,95971,3800,10976,2280,40090,4097,502,411
310M200US10460,10460,"Alamogordo, NM Micro Area",15262,237,15262,237,10450,1524,585,360,4227,1412,0,193
310M200US10500,10500,"Albany, GA Metro Area",39324,1145,38778,1267,19672,2358,2255,995,16851,2281,546,493
310M200US10540,10540,"Albany, OR Metro Area",28087,436,27887,516,18272,1728,2847,1401,6768,1876,200,236
310M200US10580,10580,"Albany-Schenectady-Troy, NY Metro Area",176751,689,175209,1194,117939,4517,14750,2580,42520,4409,1542,919
310M200US10700,10700,"Albertville, AL Micro Area",23338,385,23265,392,15439,1956,1024,578,6802,1846,73,94
310M200US10740,10740,"Albuquerque, NM Metro Area",208082,1188,206690,1373,127354,6729,21943,3661,57393,5810,1392,680
310M200US10780,10780,"Alexandria, LA Metro Area",37625,230,37477,283,18409,2087,3237,1446,15831,2142,148,180
310M200US10900,10900,"Allentown-Bethlehem-Easton, PA-NJ Metro Area",177918,406,176221,1015,118152,4247,15548,2353,42521,3734,1697,1005
310M200US11020,11020,"Altoona, PA Metro Area",25869,496,25400,693,18056,1579,1114,610,6230,1496,469,395
310M200US11100,11100,"Amarillo, TX Metro Area",67980,1008,67336,1060,45664,2565,5255,1539,16417,2512,644,496
310M200US11180,11180,"Ames, IA Metro Area",16144,128,16144,128,12575,1276,467,288,3102,1249,0,155
310M200US11260,11260,"Anchorage, AK Metro Area",101025,268,100141,543,67541,3542,9272,2372,23328,2759,884,432
310M200US11460,11460,"Ann Arbor, MI Metro Area",69171,376,68552,559,48966,2245,3917,1262,15669,2209,619,404
310M200US11500,11500,"Anniston-Oxford-Jacksonville, AL Metro Area",25136,440,24960,506,14681,1720,1375,772,8904,1505,176,214
310M200US11540,11540,"Appleton, WI Metro Area",56316,329,55896,455,39105,2368,3672,1080,13119,2325,420,284
310M200US11640,11640,"Arecibo, PR Metro Area",39101,1284,39101,1284,20874,2655,2413,1146,15814,2498,0,221
310M200US11700,11700,"Asheville, NC Metro Area",84224,1397,83425,1561,57218,4111,5476,1455,20731,3866,799,645
310M200US11780,11780,"Ashtabula, OH Micro Area",22099,142,22099,142,15635,1766,1667,824,4797,1470,0,187
310M200US11900,11900,"Athens, OH Micro Area",9588,321,9588,321,5755,865,1848,870,1985,822,0,187
310M200US11980,11980,"Athens, TX Micro Area",17191,95,17191,95,12348,1543,2271,1204,2572,1143,0,214
310M200US12020,12020,"Athens-Clarke County, GA Metro Area",39627,1175,38828,1475,24233,2364,2811,1184,11784,1877,799,860
310M200US12060,12060,"Atlanta-Sandy Springs-Roswell, GA Metro Area",1437529,2481,1429249,3354,936345,14760,100276,9372,392628,14166,8280,2264
310M200US12100,12100,"Atlantic City-Hammonton, NJ Metro Area",60069,131,59549,473,36282,2419,3928,1493,19339,2108,520,435
310M200US12180,12180,"Auburn, NY Micro Area",16014,263,15610,476,10294,1113,1887,700,3429,898,404,395
310M200US12220,12220,"Auburn-Opelika, AL Metro Area",33622,1012,33622,1012,20798,2023,3132,1526,9692,1846,0,192
310M200US12260,12260,"Augusta-Richmond County, GA-SC Metro Area",140243,1796,139773,1789,83803,5237,8032,2188,47938,5128,470,461
310M200US12300,12300,"Augusta-Waterville, ME Micro Area",23937,707,23644,786,13139,2126,2102,686,8403,2034,293,294
310M200US12420,12420,"Austin-Round Rock, TX Metro Area",477146,1020,473550,1708,349864,8315,27301,4480,96385,8344,3596,1451
310M200US12540,12540,"Bakersfield, CA Metro Area",257439,431,255910,944,165110,7492,22523,3959,68277,7022,1529,811
310M200US12580,12580,"Baltimore-Columbia-Towson, MD Metro Area",617392,715,613490,1520,396590,8716,44493,5772,172407,8478,3902,1278
310M200US12620,12620,"Bangor, ME Metro Area",28220,556,27439,712,16747,1833,4092,1407,6600,1798,781,488
310M200US12700,12700,"Barnstable Town, MA Metro Area",33894,316,32907,982,23976,1998,2076,906,6855,1744,987,874
310M200US12940,12940,"Baton Rouge, LA Metro Area",197492,1759,196611,1864,119011,5529,18572,3692,59028,5190,881,613
310M200US12980,12980,"Battle Creek, MI Metro Area",30984,214,30495,510,18342,1763,3318,1183,8835,1940,489,464
310M200US13020,13020,"Bay City, MI Metro Area",22136,378,21614,653,14316,1266,1640,776,5658,1109,522,511
310M200US13140,13140,"Beaumont-Port Arthur, TX Metro Area",97283,1449,96051,1720,59634,3628,6537,1773,29880,3673,1232,739
310M200US13180,13180,"Beaver Dam, WI Micro Area",18884,568,18724,580,12722,1230,2041,678,3961,1299,160,147
310M200US13220,13220,"Beckley, WV Metro Area",25726,448,25359,591,14202,1756,3434,1324,7723,1764,367,389
310M200US13380,13380,"Bellingham, WA Metro Area",42048,544,41748,628,29878,2669,4965,1807,6905,2160,300,276
310M200US13460,13460,"Bend-Redmond, OR Metro Area",36917,531,36917,531,28770,2303,1425,740,6722,2180,0,197
310M200US13740,13740,"Billings, MT Metro Area",39529,783,38589,1038,28360,2010,3253,1220,6976,1752,940,777
310M200US13780,13780,"Binghamton, NY Metro Area",48598,430,48291,524,28008,1943,5952,1894,14331,1981,307,300
310M200US13820,13820,"Birmingham-Hoover, AL Metro Area",266578,1704,265033,2160,171563,5989,16000,3180,77470,5231,1545,1050
310M200US13900,13900,"Bismarck, ND Metro Area",28142,663,27674,790,21083,1429,1833,863,4758,1415,468,417
310M200US13980,13980,"Blacksburg-Christiansburg-Radford, VA Metro Area",29336,1408,29115,1433,19272,2299,1774,976,8069,1873,221,281
310M200US14010,14010,"Bloomington, IL Metro Area",41146,751,41034,765,32948,1651,2997,1158,5089,1377,112,124
310M200US14020,14020,"Bloomington, IN Metro Area",27312,775,26536,959,19919,1580,1648,871,4969,1112,776,633
310M200US14100,14100,"Bloomsburg-Berwick, PA Metro Area",15571,188,15531,193,11129,1074,1616,787,2786,886,40,50
310M200US14140,14140,"Bluefield, WV-VA Micro Area",20882,58,20882,58,13367,1593,1660,702,5855,1349,0,189
310M200US14260,14260,"Boise City, ID Metro Area",175335,1857,173964,1974,128029,5294,12030,2795,33905,4721,1371,867
310M200US14460,14460,"Boston-Cambridge-Newton, MA-NH Metro Area",969560,1134,964027,1977,688048,10540,57775,5277,218204,9758,5533,1585
310M200US14500,14500,"Boulder, CO Metro Area",63163,169,62531,653,47163,2726,3119,1010,12249,2329,632,615
310M200US14540,14540,"Bowling Green, KY Metro Area",36881,1199,36748,1206,23486,2795,3408,1501,9854,2450,133,185
310M200US14580,14580,"Bozeman, MT Micro Area",19859,697,19772,713,16323,1014,1323,597,2126,783,87,106
310M200US14660,14660,"Brainerd, MN Micro Area",19960,545,19823,558,13713,1104,1652,694,4458,908,137,123
310M200US14700,14700,"Branson, MO Micro Area",16543,235,16502,242,10894,1554,1881,798,3727,1470,41,75
310M200US14740,14740,"Bremerton-Silverdale, WA Metro Area",53894,71,53042,634,38294,2582,5440,1727,9308,1976,852,627
310M200US14860,14860,"Bridgeport-Stamford-Norwalk, CT Metro Area",220598,257,219425,958,164371,4414,12909,3066,42145,4122,1173,888
310M200US15180,15180,"Brownsville-Harlingen, TX Metro Area",131211,687,131015,732,83060,4581,8284,2404,39671,4418,196,255
310M200US15260,15260,"Brunswick, GA Metro Area",27699,1919,27561,1926,15305,1996,2580,1410,9676,2270,138,231
310M200US15380,15380,"Buffalo-Cheektowaga-Niagara Falls, NY Metro Area",232432,255,230865,953,138088,4587,13879,2719,78898,4482,1567,850
310M200US15500,15500,"Burlington, NC Metro Area",35976,77,35976,77,21343,1787,1580,794,13053,1879,0,200
310M200US15540,15540,"Burlington-South Burlington, VT Metro Area",41442,414,41040,555,30115,1931,3165,1229,7760,1950,402,432
310M200US15680,15680,"California-Lexington Park, MD Metro Area",27454,83,27104,399,17754,2096,1103,709,8247,2090,350,392
310M200US15940,15940,"Canton-Massillon, OH Metro Area",87597,239,85721,917,52903,3210,8581,2465,24237,2933,1876,903
310M200US15980,15980,"Cape Coral-Fort Myers, FL Metro Area",128876,287,128133,511,72236,6283,14550,3917,41347,5131,743,468
310M200US16020,16020,"Cape Girardeau, MO-IL Metro Area",21454,1211,21156,1225,14638,1848,1134,658,5384,1644,298,257
310M200US16060,16060,"Carbondale-Marion, IL Metro Area",25441,957,25371,965,14954,1634,3042,1557,7375,1334,70,88
310M200US16180,16180,"Carson City, NV Metro Area",11201,480,11043,519,6409,1029,721,600,3913,1048,158,173
310M200US16220,16220,"Casper, WY Metro Area",20893,704,20318,893,12824,1723,1590,1127,5904,1600,575,624
310M200US16300,16300,"Cedar Rapids, IA Metro Area",62391,422,61685,567,42116,3122,5514,2775,14055,3243,706,497
310M200US16500,16500,"Centralia, WA Micro Area",16617,229,16443,321,11734,1405,1047,795,3662,1150,174,221
310M200US16540,16540,"Chambersburg-Waynesboro, PA Metro Area",35042,310,34182,803,23932,2045,1648,678,8602,2026,860,701
310M200US16580,16580,"Champaign-Urbana, IL Metro Area",46094,1222,45814,1264,29739,2168,4433,2232,11642,2245,280,307
310M200US16620,16620,"Charleston, WV Metro Area",44616,1067,44281,1128,24999,2475,3478,1357,15804,2512,335,279
310M200US16660,16660,"Charleston-Mattoon, IL Micro Area",11961,888,11961,888,7641,1166,889,445,3431,1036,0,182
310M200US16700,16700,"Charleston-North Charleston, SC Metro Area",165768,247,165234,488,104713,5045,12451,2926,48070,4100,534,438
310M200US16740,16740,"Charlotte-Concord-Gastonia, NC-SC Metro Area",590476,885,585301,1983,389707,8134,41898,5515,153696,8329,5175,1726
310M200US16820,16820,"Charlottesville, VA Metro Area",44835,2007,44674,2048,32049,2537,1885,979,10740,2137,161,206
310M200US16860,16860,"Chattanooga, TN-GA Metro Area",115840,1717,115398,1747,75378,3985,9044,2717,30976,3729,442,361
310M200US16940,16940,"Cheyenne, WY Metro Area",22658,288,22537,335,14713,1819,2181,802,5643,1755,121,158
310M200US16980,16980,"Chicago-Naperville-Elgin, IL-IN-WI Metro Area",2238131,1178,2228173,2899,1511173,16322,152334,10255,564666,17059,9958,2607
310M200US17020,17020,"Chico, CA Metro Area",45254,88,44262,807,30309,2616,5339,2126,8614,1732,992,790
310M200US17060,17060,"Chillicothe, OH Micro Area",16946,210,16742,303,10838,1787,888,541,5016,1792,204,202
310M200US17140,17140,"Cincinnati, OH-KY-IN Metro Area",516990,2221,513920,2491,342818,6315,35705,4811,135397,6141,3070,1068
310M200US17200,17200,"Claremont-Lebanon, NH-VT Micro Area",40082,565,39856,583,28430,1717,2787,943,8639,1652,226,182
310M200US17220,17220,"Clarksburg, WV Micro Area",19076,1178,18366,1429,12650,1716,1746,1077,3970,1166,710,837
310M200US17300,17300,"Clarksville, TN-KY Metro Area",75596,992,74079,1275,54067,2652,3900,1274,16112,2543,1517,987
310M200US17340,17340,"Clearlake, CA Micro Area",13318,419,13206,442,7838,1309,1327,663,4041,1150,112,179
310M200US17420,17420,"Cleveland, TN Metro Area",27457,1172,27379,1198,18653,2277,3727,1405,4999,1488,78,123
310M200US17460,17460,"Cleveland-Elyria, OH Metro Area",447073,481,443049,1191,278083,6431,32944,4346,132022,6812,4024,1213
310M200US17660,17660,"Coeur d'Alene, ID Metro Area",35051,208,34544,483,23462,2682,3694,1649,7388,2287,507,388
310M200US17780,17780,"College Station-Bryan, TX Metro Area",51725,1432,51574,1481,34734,3250,3844,1632,12996,2462,151,243
310M200US17820,17820,"Colorado Springs, CO Metro Area",170926,984,169590,1818,124399,3971,12310,2526,32881,4035,1336,1444
310M200US17860,17860,"Columbia, MO Metro Area",35693,190,35501,286,27473,1988,3084,1660,4944,1452,192,223
310M200US17900,17900,"Columbia, SC Metro Area",178940,1779,177402,2107,106029,5011,10513,2180,60860,5142,1538,1112
310M200US17980,17980,"Columbus, GA-AL Metro Area",75544,1448,74621,1765,41786,3685,6085,1789,26750,3762,923,780
310M200US18020,18020,"Columbus, IN Metro Area",19446,107,19275,244,12491,1497,1897,1144,4887,1333,171,185
310M200US18140,18140,"Columbus, OH Metro Area",483248,1102,479487,2085,317213,9391,39267,4446,123007,8690,3761,1743
310M200US18180,18180,"Concord, NH Micro Area",28764,152,28583,305,20021,1890,2100,1202,6462,1687,181,228
310M200US18260,18260,"Cookeville, TN Micro Area",22215,933,22116,941,15380,1838,1230,672,5506,1429,99,132
310M200US18300,18300,"Coos Bay, OR Micro Area",11724,297,11693,300,8192,976,571,383,2930,953,31,55
310M200US18500,18500,"Corning, NY Micro Area",21443,159,21238,239,15287,914,1688,620,4263,808,205,173
310M200US18580,18580,"Corpus Christi, TX Metro Area",113278,1599,112532,1716,65138,5113,10291,3102,37103,5109,746,598
310M200US18700,18700,"Corvallis, OR Metro Area",14465,268,14414,265,11071,1152,802,696,2541,1088,51,105
310M200US18880,18880,"Crestview-Fort Walton Beach-Destin, FL Metro Area",55968,844,55637,881,38330,3260,4563,1776,12744,3129,331,269
310M200US18980,18980,"Cullman, AL Micro Area",18304,139,18268,157,12733,1734,318,303,5217,1715,36,67
310M200US19060,19060,"Cumberland, MD-WV Metro Area",17653,394,17191,570,10397,1669,1051,770,5743,1582,462,400
310M200US19100,19100,"Dallas-Fort Worth-Arlington, TX Metro Area",1882635,2035,1874453,2974,1287289,17633,139185,9891,447979,15882,8182,2110
310M200US19140,19140,"Dalton, GA Metro Area",37958,491,36955,546,24353,2503,4216,1752,8386,2470,1003,692
310M200US19180,19180,"Danville, IL Metro Area",19021,140,18813,248,10193,1457,3536,1463,5084,1267,208,205
310M200US19260,19260,"Danville, VA Micro Area",21292,213,21244,243,10654,1482,1082,536,9508,1424,48,85
310M200US19300,19300,"Daphne-Fairhope-Foley, AL Metro Area",44758,242,44662,264,32405,2739,3226,1600,9031,2213,96,111
310M200US19340,19340,"Davenport-Moline-Rock Island, IA-IL Metro Area",88416,582,87719,737,57333,2877,9595,2455,20791,2447,697,458
310M200US19380,19380,"Dayton, OH Metro Area",177206,757,175453,1127,109615,4516,16020,3028,49818,4151,1753,817
310M200US19460,19460,"Decatur, AL Metro Area",34671,411,34505,471,22003,2039,2691,1311,9811,1960,166,223
310M200US19500,19500,"Decatur, IL Metro Area",23934,117,23874,133,13862,2214,2803,1545,7209,1531,60,76
310M200US19660,19660,"Deltona-Daytona Beach-Ormond Beach, FL Metro Area",111047,389,109688,898,62960,4760,11782,2949,34946,4485,1359,828
310M200US19740,19740,"Denver-Aurora-Lakewood, CO Metro Area",659626,1028,656718,1396,476282,9317,52831,4413,127605,8828,2908,973
310M200US19780,19780,"Des Moines-West Des Moines, IA Metro Area",159018,676,158426,875,111584,5245,12745,3742,34097,4334,592,497
310M200US19820,19820,"Detroit-Warren-Dearborn, MI Metro Area",974983,706,968143,1840,621761,9811,75125,6863,271257,9560,6840,1570
310M200US20020,20020,"Dothan, AL Metro Area",34054,72,33574,308,20258,1234,2276,610,11040,1221,480,295
310M200US20100,20100,"Dover, DE Metro Area",40064,318,39695,470,24449,2625,2002,1052,13244,2775,369,366
310M200US20180,20180,"DuBois, PA Micro Area",15486,739,15436,747,9254,1463,1156,548,5026,1635,50,79
310M200US20220,20220,"Dubuque, IA Metro Area",22203,292,22203,292,16267,1330,1258,658,4678,1248,0,155
310M200US20260,20260,"Duluth, MN-WI Metro Area",54815,398,54334,452,36329,1879,5582,1198,12423,1653,481,279
310M200US20380,20380,"Dunn, NC Micro Area",34532,41,34496,78,24127,1905,1996,741,8373,1613,36,68
310M200US20500,20500,"Durham-Chapel Hill, NC Metro Area",116219,599,115955,671,72371,4385,8655,2487,34929,4690,264,306
310M200US20700,20700,"East Stroudsburg, PA Metro Area",34592,252,34350,356,25926,2062,2617,1168,5807,1926,242,292
310M200US20740,20740,"Eau Claire, WI Metro Area",35701,748,35383,801,26490,1617,3147,946,5746,1389,318,335
310M200US20940,20940,"El Centro, CA Metro Area",50879,405,50623,530,32201,3296,4095,2226,14327,3176,256,323
310M200US21020,21020,"Elizabeth City, NC Micro Area",14269,1528,14257,1527,9581,1656,1170,995,3506,1694,12,19
310M200US21060,21060,"Elizabethtown-Fort Knox, KY Metro Area",36289,1247,36140,1232,24925,2270,3527,1516,7688,1594,149,204
310M200US21140,21140,"Elkhart-Goshen, IN Metro Area",56685,482,56118,816,39160,3074,4839,1968,12119,2483,567,651
310M200US21300,21300,"Elmira, NY Metro Area",18592,191,18501,228,11891,1664,1781,920,4829,1381,91,151
310M200US21340,21340,"El Paso, TX Metro Area",233218,601,233049,645,154101,6150,16935,3671,62013,6528,169,217
310M200US21500,21500,"Erie, PA Metro Area",59983,240,59536,449,34837,2254,4877,1404,19822,2429,447,356
310M200US21660,21660,"Eugene, OR Metro Area",68725,144,68013,645,42400,3258,8288,2249,17325,2477,712,599
310M200US21700,21700,"Eureka-Arcata-Fortuna, CA Micro Area",26432,71,26261,232,16494,1877,3206,1043,6561,1646,171,220
310M200US21780,21780,"Evansville, IN-KY Metro Area",71025,566,70179,779,47738,2675,6232,1914,16209,2011,846,571
310M200US21820,21820,"Fairbanks, AK Metro Area",23998,127,23960,148,16492,2082,3848,2029,3620,1499,38,71
310M200US22020,22020,"Fargo, ND-MN Metro Area",52378,344,51596,854,37496,2453,4416,1804,9684,2088,782,727
310M200US22060,22060,"Faribault-Northfield, MN Micro Area",14405,86,14348,131,11363,894,701,528,2284,853,57,94
310M200US22100,22100,"Farmington, MO Micro Area",13733,366,13295,574,8232,1485,842,664,4221,1622,438,448
310M200US22140,22140,"Farmington, NM Metro Area",31056,349,30507,788,17648,1947,2760,825,10099,1862,549,724
310M200US22180,22180,"Fayetteville, NC Metro Area",97917,311,97284,562,53232,3801,7765,2073,36287,3541,633,451
310M200US22220,22220,"Fayetteville-Springdale-Rogers, AR-MO Metro Area",133367,1234,132974,1302,100450,4444,8262,1871,24262,4220,393,268
310M200US22300,22300,"Findlay, OH Micro Area",17005,261,16709,282,11783,1299,1609,841,3317,1153,296,281
310M200US22380,22380,"Flagstaff, AZ Metro Area",28693,474,28693,474,18878,1887,2345,844,7470,1709,0,201
310M200US22420,22420,"Flint, MI Metro Area",95315,145,93915,980,53635,3255,9280,2238,31000,2750,1400,969
310M200US22500,22500,"Florence, SC Metro Area",48864,299,48668,349,27546,2628,3165,1516,17957,2487,196,213
310M200US22520,22520,"Florence-Muscle Shoals, AL Metro Area",30509,298,30204,418,19118,1490,3139,1216,7947,1574,305,299
310M200US22540,22540,"Fond du Lac, WI Metro Area",22021,277,21813,333,15704,1484,1065,517,5044,1469,208,193
310M200US22580,22580,"Forest City, NC Micro Area",14027,416,14027,416,8393,1799,2073,1712,3561,1270,0,200
310M200US22660,22660,"Fort Collins, CO Metro Area",67407,605,66917,737,52059,2855,4076,1455,10782,2205,490,460
310M200US22900,22900,"Fort Smith, AR-OK Metro Area",67808,475,66843,1044,46399,3098,6545,1761,13899,2689,965,870
310M200US23060,23060,"Fort Wayne, IN Metro Area",110547,504,109584,739,72586,3620,8865,2572,28133,3317,963,499
310M200US23180,23180,"Frankfort, KY Micro Area",15740,1598,15293,1570,9133,1549,1551,987,4609,1562,447,463
310M200US23420,23420,"Fresno, CA Metro Area",278725,279,277440,676,160766,6252,28795,3909,87879,7080,1285,617
310M200US23460,23460,"Gadsden, AL Metro Area",22398,151,22398,151,14652,1649,1621,893,6125,1621,0,192
310M200US23540,23540,"Gainesville, FL Metro Area",51545,1366,51316,1372,33873,2582,2592,1084,14851,2578,229,240
310M200US23580,23580,"Gainesville, GA Metro Area",50596,146,50596,146,38725,2045,2078,966,9793,2116,0,214
310M200US23700,23700,"Gallup, NM Micro Area",23646,248,23454,381,12795,1487,1441,611,9218,1422,192,283
310M200US23900,23900,"Gettysburg, PA Metro Area",21098,295,20956,323,15437,1308,1738,906,3781,1093,142,146
310M200US24020,24020,"Glens Falls, NY Metro Area",24727,754,24365,812,15758,1948,1877,1106,6730,1875,362,287
310M200US24060,24060,"Glenwood Springs, CO Micro Area",18360,1179,18360,1179,14702,1401,1342,874,2316,1174,0,193
310M200US24140,24140,"Goldsboro, NC Metro Area",29336,506,28905,663,19527,2119,1433,1109,7945,1581,431,423
310M200US24220,24220,"Grand Forks, ND-MN Metro Area",21847,436,21773,461,15186,1345,2648,1213,3939,901,74,127
310M200US24260,24260,"Grand Island, NE Metro Area",22156,467,21953,489,14064,1575,1892,847,5997,1520,203,238
310M200US24300,24300,"Grand Junction, CO Metro Area",32667,465,32632,464,22625,2040,2816,1153,7191,1978,35,58
310M200US24340,24340,"Grand Rapids-Wyoming, MI Metro Area",254597,602,251923,1335,174481,5481,19100,3075,58342,5150,2674,1127
310M200US24420,24420,"Grants Pass, OR Metro Area",16192,290,15930,439,8640,1752,1776,796,5514,1871,262,329
310M200US24500,24500,"Great Falls, MT Metro Area",18111,543,18013,534,12012,1223,1380,707,4621,1325,98,162
310M200US24540,24540,"Greeley, CO Metro Area",76238,244,76091,328,59546,2369,4207,1096,12338,2109,147,229
310M200US24580,24580,"Green Bay, WI Metro Area",74455,248,73527,909,50542,2813,7820,1827,15165,2555,928,862
310M200US24620,24620,"Greeneville, TN Micro Area",13168,700,12957,725,8484,1218,851,668,3622,1360,211,257
310M200US24640,24640,"Greenfield Town, MA Micro Area",12465,89,12253,264,8397,931,1414,643,2442,700,212,249
310M200US24660,24660,"Greensboro-High Point, NC Metro Area",169143,581,168837,660,105869,4563,13943,3098,49025,4059,306,272
310M200US24780,24780,"Greenville, NC Metro Area",38366,133,38226,227,22543,2516,1966,1124,13717,2200,140,183
310M200US24860,24860,"Greenville-Anderson-Mauldin, SC Metro Area",197222,720,194852,1511,131239,4998,13184,2735,50429,5144,2370,1406
310M200US24940,24940,"Greenwood, SC Micro Area",21214,650,21179,652,11947,1582,1377,846,7855,1671,35,47
310M200US25020,25020,"Guayama, PR Metro Area",16769,1121,16769,1121,6769,1717,1558,817,8442,1921,0,221
310M200US25060,25060,"Gulfport-Biloxi-Pascagoula, MS Metro Area",92931,1018,92324,1283,51016,4711,7521,2086,33787,4543,607,533
310M200US25180,25180,"Hagerstown-Martinsburg, MD-WV Metro Area",60013,496,58754,1417,38276,3011,5540,1497,14938,2905,1259,1366
310M200US25220,25220,"Hammond, LA Metro Area",32141,154,31967,342,19164,2057,1097,791,11706,2096,174,301
310M200US25260,25260,"Hanford-Corcoran, CA Metro Area",41406,32,41167,256,25300,2937,3328,1566,12539,2763,239,256
310M200US25420,25420,"Harrisburg-Carlisle, PA Metro Area",119142,1278,118520,1321,79083,3708,9192,2493,30245,3446,622,335
310M200US25500,25500,"Harrisonburg, VA Metro Area",25643,685,25541,691,18509,1690,2525,1208,4507,1601,102,97
310M200US25540,25540,"Hartford-West Hartford-East Hartford, CT Metro Area",249346,758,247059,1313,165874,5111,13018,2107,68167,4932,2287,1090
310M200US25620,25620,"Hattiesburg, MS Metro Area",36264,1043,36194,1045,21288,2547,3124,1296,11782,2130,70,126
310M200US25740,25740,"Helena, MT Micro Area",16640,680,16546,675,11574,1374,1276,620,3696,1332,94,121
310M200US25840,25840,"Hermiston-Pendleton, OR Micro Area",23003,1003,22928,1010,15625,2006,1602,897,5701,1805,75,134
310M200US25860,25860,"Hickory-Lenoir-Morganton, NC Metro Area",77677,1011,77529,1029,54391,3128,7647,1944,15491,2624,148,145
310M200US25900,25900,"Hilo, HI Micro Area",43586,397,43353,501,26083,3253,4348,1650,12922,3277,233,264
310M200US25940,25940,"Hilton Head Island-Bluffton-Beaufort, SC Metro Area",40568,971,40568,971,27380,2232,2318,1014,10870,2243,0,203
310M200US25980,25980,"Hinesville, GA Metro Area",21797,1361,21797,1361,13769,2109,1137,734,6891,1735,0,214
310M200US26020,26020,"Hobbs, NM Micro Area",21829,562,21829,562,14599,1837,2425,1547,4805,1496,0,193
310M200US26090,26090,"Holland, MI Micro Area",28698,602,28509,676,20570,1946,1847,921,6092,1653,189,260
310M200US26140,26140,"Homosassa Springs, FL Metro Area",21046,456,20738,560,11187,1987,2419,1397,7132,2014,308,289
310M200US26300,26300,"Hot Springs, AR Metro Area",19057,555,18954,575,11855,1555,1997,986,5102,1305,103,162
310M200US26380,26380,"Houma-Thibodaux, LA Metro Area",53363,411,53253,463,32217,2988,4985,2093,16051,2609,110,196
310M200US26420,26420,"Houston-The Woodlands-Sugar Land, TX Metro Area",1785735,1024,1777692,2882,1178338,18229,131912,12913,467442,18851,8043,2508
310M200US26580,26580,"Huntington-Ashland, WV-KY-OH Metro Area",77792,1343,76387,1594,49079,3685,7337,1979,19971,3309,1405,841
310M200US26620,26620,"Huntsville, AL Metro Area",100118,123,99179,1002,69875,3645,4334,1907,24970,2824,939,989
310M200US26660,26660,"Huntsville, TX Micro Area",14834,739,14834,739,8440,1506,1775,1046,4619,1614,0,214
310M200US26740,26740,"Hutchinson, KS Micro Area",14591,164,14591,164,11323,962,820,462,2448,912,0,168
310M200US26820,26820,"Idaho Falls, ID Metro Area",44032,741,43956,759,35354,2213,2193,882,6409,1892,76,89
310M200US26860,26860,"Indiana, PA Micro Area",15655,185,15592,212,11811,990,1509,691,2272,885,63,89
310M200US26900,26900,"Indianapolis-Carmel-Anderson, IN Metro Area",497900,1974,493968,2300,312053,9634,47164,6927,134751,8207,3932,1317
310M200US26980,26980,"Iowa City, IA Metro Area",34697,461,34554,559,24606,2048,3108,1499,6840,1787,143,240
310M200US27060,27060,"Ithaca, NY Metro Area",14831,930,14717,929,10150,1536,1065,799,3502,1279,114,219
310M200US27100,27100,"Jackson, MI Metro Area",35038,408,34843,514,23628,2099,3148,1126,8067,1704,195,317
310M200US27140,27140,"Jackson, MS Metro Area",143777,1971,143234,1967,75467,4692,7880,2171,59887,4262,543,515
310M200US27180,27180,"Jackson, TN Metro Area",29911,423,29772,457,16824,2361,2687,1445,10261,2092,139,146
310M200US27260,27260,"Jacksonville, FL Metro Area",326809,1492,322461,2806,202156,8543,21042,3940,99263,7244,4348,2214
310M200US27340,27340,"Jacksonville, NC Metro Area",47775,859,47296,1123,33304,2851,1734,895,12258,2559,479,674
310M200US27460,27460,"Jamestown-Dunkirk-Fredonia, NY Micro Area",27054,239,26681,431,14982,1424,2742,932,8957,1460,373,357
310M200US27500,27500,"Janesville-Beloit, WI Metro Area",37870,592,37129,767,22236,2253,4139,1270,10754,1897,741,661
310M200US27620,27620,"Jefferson City, MO Metro Area",34736,1223,34686,1237,23651,2174,1820,1112,9215,1884,50,83
310M200US27740,27740,"Johnson City, TN Metro Area",38547,939,38393,972,26705,2124,1954,723,9734,1764,154,227
310M200US27780,27780,"Johnstown, PA Metro Area",26262,180,25607,437,17099,1290,2180,807,6328,1140,655,434
310M200US27860,27860,"Jonesboro, AR Metro Area",31336,381,30638,785,17671,1942,1931,727,11036,1814,698,680
310M200US27900,27900,"Joplin, MO Metro Area",44320,476,43574,683,33688,1996,2427,945,7459,1890,746,484
310M200US27980,27980,"Kahului-Wailuku-Lahaina, HI Metro Area",36380,453,36317,469,24122,2189,4279,1442,7916,1927,63,74
310M200US28020,28020,"Kalamazoo-Portage, MI Metro Area",74704,223,73961,443,47637,3458,5852,1747,20472,3161,743,440
310M200US28060,28060,"Kalispell, MT Micro Area",21761,509,21640,516,19011,1182,706,438,1923,991,121,152
310M200US28100,28100,"Kankakee, IL Metro Area",26441,248,26411,257,16748,1786,1353,703,8310,1627,30,54
310M200US28140,28140,"Kansas City, MO-KS Metro Area",514732,1307,510623,1959,346544,7417,41671,5603,122408,7223,4109,1442
310M200US28180,28180,"Kapaa, HI Micro Area",15895,69,15895,69,12677,1176,1005,676,2213,991,0,182
310M200US28300,28300,"Keene, NH Micro Area",13823,174,13691,236,10695,1048,737,514,2259,932,132,174
310M200US28420,28420,"Kennewick-Richland, WA Metro Area",80868,809,80787,818,54894,3180,8644,2559,17249,2754,81,103
310M200US28580,28580,"Key West, FL Micro Area",11204,623,11141,618,7598,1093,909,674,2634,870,63,76
310M200US28660,28660,"Killeen-Temple, TX Metro Area",116615,1389,116077,1414,78783,3862,6041,1728,31253,3952,538,345
310M200US28700,28700,"Kingsport-Bristol-Bristol, TN-VA Metro Area",60460,1237,59820,1291,37867,2458,6394,1953,15559,2244,640,426
310M200US28740,28740,"Kingston, NY Metro Area",32609,556,32382,625,24230,1563,2975,1147,5177,1262,227,311
310M200US28900,28900,"Klamath Falls, OR Micro Area",14063,177,13857,316,9017,1225,932,561,3908,1082,206,275
310M200US28940,28940,"Knoxville, TN Metro Area",179048,1267,177502,1362,115187,4537,13031,2485,49284,4424,1546,720
310M200US29020,29020,"Kokomo, IN Metro Area",18567,214,17566,755,11075,1435,1427,693,5064,1476,1001,729
310M200US29100,29100,"La Crosse-Onalaska, WI-MN Metro Area",27725,140,27462,327,22413,1227,2040,832,3009,885,263,302
310M200US29180,29180,"Lafayette, LA Metro Area",123403,757,122416,1013,74924,4612,6778,1983,40714,4426,987,669
310M200US29200,29200,"Lafayette-West Lafayette, IN Metro Area",45296,1085,44083,1387,32991,2227,2913,1121,8179,1672,1213,874
310M200US29300,29300,"LaGrange, GA Micro Area",17524,240,17500,238,9277,1329,433,388,7790,1328,24,40
310M200US29340,29340,"Lake Charles, LA Metro Area",50368,924,49747,1225,27676,3116,2935,1291,19136,3313,621,812
310M200US29380,29380,"Lake City, FL Micro Area",14806,174,14744,201,9815,1565,987,733,3942,1314,62,104
310M200US29420,29420,"Lake Havasu City-Kingman, AZ Metro Area",37501,164,36749,719,19769,2397,4918,1656,12062,2428,752,719
310M200US29460,29460,"Lakeland-Winter Haven, FL Metro Area",147339,265,145971,1090,84600,5355,12521,3346,48850,4786,1368,984
310M200US29540,29540,"Lancaster, PA Metro Area",128626,162,127643,520,91131,4470,10895,3172,25617,4108,983,497
310M200US29620,29620,"Lansing-East Lansing, MI Metro Area",97872,441,96031,1012,65654,3325,8459,1701,21918,2981,1841,929
310M200US29700,29700,"Laredo, TX Metro Area",91103,484,90652,631,52939,4826,5712,1742,32001,4508,451,398
310M200US29740,29740,"Las Cruces, NM Metro Area",54279,610,54279,610,35226,4102,3444,1904,15609,3438,0,193
310M200US29820,29820,"Las Vegas-Henderson-Paradise, NV Metro Area",497765,264,491960,1782,296830,9298,51463,5265,143667,9101,5805,1742
310M200US29860,29860,"Laurel, MS Micro Area",21749,1213,21666,1249,10780,2223,2061,1333,8825,1842,83,144
310M200US29940,29940,"Lawrence, KS Metro Area",22073,208,22073,208,17285,1346,1260,702,3528,1210,0,168
310M200US30020,30020,"Lawton, OK Metro Area",30751,567,30156,875,19853,2076,2304,1017,7999,2117,595,565
310M200US30140,30140,"Lebanon, PA Metro Area",31602,465,31348,544,21067,1988,2576,990,7705,1990,254,300
310M200US30300,30300,"Lewiston, ID-WA Metro Area",11969,815,11882,794,7160,1322,902,408,3820,1252,87,143
310M200US30340,30340,"Lewiston-Auburn, ME Metro Area",23399,93,23134,397,14198,1596,3027,1189,5909,1220,265,388
310M200US30460,30460,"Lexington-Fayette, KY Metro Area",110395,480,108718,891,64260,4174,10804,2552,33654,3494,1677,864
310M200US30620,30620,"Lima, OH Metro Area",24363,141,24333,140,14373,1607,2241,1107,7719,1459,30,45
310M200US30700,30700,"Lincoln, NE Metro Area",74365,799,73867,890,51834,2943,7956,1577,14077,2432,498,439
310M200US30780,30780,"Little Rock-North Little Rock-Conway, AR Metro Area",172443,1175,171834,1279,106119,4499,12735,3240,52980,4618,609,470
310M200US30860,30860,"Logan, UT-ID Metro Area",41364,825,41253,834,34857,2000,1581,909,4815,1390,111,129
310M200US30940,30940,"London, KY Micro Area",30561,1206,29753,1511,20114,1731,2304,1295,7335,2128,808,734
310M200US30980,30980,"Longview, TX Metro Area",54123,228,53262,721,34426,2583,4060,1451,14776,2268,861,689
310M200US31020,31020,"Longview, WA Metro Area",23795,566,23795,566,16343,1916,1758,1200,5694,1669,0,195
310M200US31080,31080,"Los Angeles-Long Beach-Anaheim, CA Metro Area",2988357,1065,2975446,2482,2004795,18603,269872,12886,700779,18137,12911,2128
310M200US31140,31140,"Louisville/Jefferson County, KY-IN Metro Area",292703,2117,289920,2494,188589,6418,23663,3622,77668,6576,2783,1170
310M200US31180,31180,"Lubbock, TX Metro Area",76117,961,75446,1073,41604,3338,7292,2627,26550,3193,671,518
310M200US31260,31260,"Lufkin, TX Micro Area",23065,86,22946,205,13885,1532,1927,1186,7134,1527,119,190
310M200US31300,31300,"Lumberton, NC Micro Area",34372,156,34019,416,16602,1755,3170,786,14247,1809,353,360
310M200US31340,31340,"Lynchburg, VA Metro Area",51610,1010,51334,1061,32940,2548,4545,1482,13849,2310,276,280
310M200US31420,31420,"Macon, GA Metro Area",54896,1250,54552,1339,27052,2999,4572,2238,22928,2862,344,463
310M200US31460,31460,"Madera, CA Metro Area",42012,671,42012,671,25328,3082,4903,2327,11781,3129,0,201
310M200US31540,31540,"Madison, WI Metro Area",136070,569,135082,718,95701,3337,8479,2050,30902,3211,988,461
310M200US31700,31700,"Manchester-Nashua, NH Metro Area",86660,300,85764,649,62241,3186,4171,1504,19352,2909,896,623
310M200US31740,31740,"Manhattan, KS Metro Area",19687,304,19494,435,15625,982,1837,749,2032,899,193,319
310M200US31820,31820,"Manitowoc, WI Micro Area",16222,612,15551,795,11364,1157,1078,427,3109,1017,671,675
310M200US31860,31860,"Mankato-North Mankato, MN Metro Area",19796,333,19611,299,12708,1091,1957,696,4946,1068,185,201
310M200US31900,31900,"Mansfield, OH Metro Area",26296,231,24526,1321,16711,1947,1383,618,6432,1724,1770,1309
310M200US31940,31940,"Marinette, WI-MI Micro Area",11971,242,11542,458,7099,1001,1457,370,2986,894,429,408
310M200US31980,31980,"Marion, IN Micro Area",14173,12,13512,600,7468,1371,925,931,5119,1089,661,600
310M200US32020,32020,"Marion, OH Micro Area",13779,91,13636,253,8058,1227,549,442,5029,1187,143,246
310M200US32100,32100,"Marquette, MI Micro Area",11743,427,11743,427,8579,688,1470,577,1694,487,0,167
310M200US32220,32220,"Marshall, TX Micro Area",16756,124,16637,233,10152,1373,514,500,5971,1380,119,194
310M200US32300,32300,"Martinsville, VA Micro Area",13590,860,13583,860,7156,1411,1054,618,5373,1391,7,13
310M200US32420,32420,"Mayagüez, PR Metro Area",18151,1387,18151,1387,5153,1173,1194,703,11804,1649,0,221
310M200US32580,32580,"McAllen-Edinburg-Mission, TX Metro Area",281051,520,280325,753,181130,9175,11098,3318,88097,9339,726,543
310M200US32740,32740,"Meadville, PA Micro Area",18041,201,17850,260,12268,1186,1800,984,3782,873,191,149
310M200US32780,32780,"Medford, OR Metro Area",43427,387,43100,593,28250,2643,4300,1417,10550,2623,327,531
310M200US32820,32820,"Memphis, TN-MS-AR Metro Area",339029,1548,335997,1871,178037,6969,25237,4745,132723,7570,3032,1370
310M200US32900,32900,"Merced, CA Metro Area",79843,168,79280,525,46275,3938,5713,2063,27292,4039,563,494
310M200US32940,32940,"Meridian, MS Micro Area",23940,1140,23940,1140,14224,1757,1752,937,7964,1996,0,207
310M200US33100,33100,"Miami-Fort Lauderdale-West Palm Beach, FL Metro Area",1233673,927,1226033,3057,739605,14058,105518,7269,380910,15576,7640,2913
310M200US33140,33140,"Michigan City-La Porte, IN Metro Area",24294,275,24238,276,14348,1760,2003,814,7887,1692,56,54
310M200US33220,33220,"Midland, MI Metro Area",18492,551,18348,570,13628,1285,1185,645,3535,1424,144,147
310M200US33260,33260,"Midland, TX Metro Area",45351,603,44988,728,33590,2675,2703,1594,8695,2608,363,386
310M200US33340,33340,"Milwaukee-Waukesha-West Allis, WI Metro Area",369872,668,366647,1258,229643,5886,31117,3780,105887,5322,3225,1147
310M200US33460,33460,"Minneapolis-St. Paul-Bloomington, MN-WI Metro Area",842676,1394,837036,1923,609778,9218,63125,5819,164133,8236,5640,1154
310M200US33500,33500,"Minot, ND Micro Area",18689,771,18411,801,14611,1158,1692,705,2108,885,278,338
310M200US33540,33540,"Missoula, MT Metro Area",22091,244,21512,784,15119,1670,1736,881,4657,1412,579,780
310M200US33660,33660,"Mobile, AL Metro Area",98941,133,98528,365,55984,3423,6080,1717,36464,3438,413,333
310M200US33700,33700,"Modesto, CA Metro Area",145686,268,144680,827,88575,5119,17763,3502,38342,4592,1006,748
310M200US33740,33740,"Monroe, LA Metro Area",45579,1153,45024,1297,24996,2447,3344,1491,16684,2159,555,432
310M200US33780,33780,"Monroe, MI Metro Area",32987,258,32444,558,22951,1941,2987,1144,6506,1848,543,525
310M200US33860,33860,"Montgomery, AL Metro Area",89740,749,89740,749,48170,3885,6566,1967,35004,3802,0,192
310M200US33980,33980,"Morehead City, NC Micro Area",12725,349,12567,372,8989,1216,633,734,2945,1013,158,146
310M200US34060,34060,"Morgantown, WV Metro Area",22530,664,22153,780,15461,1633,1506,740,5186,1538,377,443
310M200US34100,34100,"Morristown, TN Metro Area",25590,64,25105,456,18043,1696,2503,1134,4559,1635,485,440
310M200US34180,34180,"Moses Lake, WA Micro Area",27990,448,27566,730,19484,2440,3354,1344,4728,2115,424,564
310M200US34340,34340,"Mount Airy, NC Micro Area",15753,314,15083,757,11202,1348,492,346,3389,1121,670,659
310M200US34380,34380,"Mount Pleasant, MI Micro Area",11976,224,11915,223,8325,723,1038,416,2552,725,61,72
310M200US34580,34580,"Mount Vernon-Anacortes, WA Metro Area",27070,66,26801,259,18425,1418,2748,913,5628,1399,269,250
310M200US34620,34620,"Muncie, IN Metro Area",22430,671,22223,705,12155,1367,1069,660,8999,1424,207,292
310M200US34740,34740,"Muskegon, MI Metro Area",40501,304,40165,368,24232,2046,4096,1522,11837,1813,336,310
310M200US34780,34780,"Muskogee, OK Micro Area",17048,166,16961,213,10045,1181,1847,671,5069,1082,87,113
310M200US34820,34820,"Myrtle Beach-Conway-North Myrtle Beach, SC-NC Metro Area",79234,642,78677,856,50144,2906,6238,2137,22295,2918,557,510
310M200US34860,34860,"Nacogdoches, TX Micro Area",15360,129,15134,414,10224,1340,1682,983,3228,916,226,369
310M200US34900,34900,"Napa, CA Metro Area",30482,248,30357,280,22184,1837,2565,1088,5608,1486,125,126
310M200US34940,34940,"Naples-Immokalee-Marco Island, FL Metro Area",63883,83,63653,358,40653,3605,6920,2483,16080,3323,230,351
310M200US34980,34980,"Nashville-Davidson--Murfreesboro--Franklin, TN Metro Area",428592,1421,425985,1811,295957,8169,28796,4303,101232,7491,2607,1045
310M200US35100,35100,"New Bern, NC Metro Area",26873,1196,26792,1204,15810,2178,2925,1331,8057,2091,81,125
310M200US35260,35260,"New Castle, PA Micro Area",17838,332,17816,335,10282,1230,2087,812,5447,1157,22,38
310M200US35300,35300,"New Haven-Milford, CT Metro Area",177567,437,176507,579,111133,4638,12111,2403,53263,4570,1060,658
310M200US35380,35380,"New Orleans-Metairie, LA Metro Area",283537,1036,282650,1124,150319,6521,27971,4435,104360,7042,887,544
310M200US35420,35420,"New Philadelphia-Dover, OH Micro Area",21046,306,20739,443,14642,1815,2007,1392,4090,1526,307,348
310M200US35620,35620,"New York-Newark-Jersey City, NY-NJ-PA Metro Area",4393869,3606,4376915,4765,2975266,22177,290812,12356,1110837,21120,16954,2867
310M200US35660,35660,"Niles-Benton Harbor, MI Metro Area",34313,291,34140,384,20564,1801,2007,944,11569,1690,173,167
310M200US35840,35840,"North Port-Sarasota-Bradenton, FL Metro Area",128943,280,128057,631,76747,5202,11870,2956,39440,4706,886,587
310M200US35900,35900,"North Wilkesboro, NC Micro Area",14073,237,14006,265,9647,1501,1598,1270,2761,1225,67,111
310M200US35980,35980,"Norwich-New London, CT Metro Area",54401,83,53900,396,33934,2039,3516,1123,16450,2194,501,361
310M200US36020,36020,"Oak Harbor, WA Micro Area",15165,386,14800,666,11077,1201,1199,671,2524,1188,365,484
310M200US36100,36100,"Ocala, FL Metro Area",63831,1211,62939,1386,36507,4021,4073,1947,22359,3935,892,663
310M200US36140,36140,"Ocean City, NJ Metro Area",16662,390,16315,764,11696,1297,1755,1094,2864,1108,347,586
310M200US36220,36220,"Odessa, TX Metro Area",47721,529,47472,639,33458,2980,2133,850,11881,2986,249,337
310M200US36260,36260,"Ogden-Clearfield, UT Metro Area",202456,1328,202285,1314,162926,5245,10970,2304,28389,4804,171,241
310M200US36300,36300,"Ogdensburg-Massena, NY Micro Area",22465,239,22159,403,13618,1582,2068,956,6473,1286,306,335
310M200US36420,36420,"Oklahoma City, OK Metro Area",337989,389,336401,771,221108,6042,29151,3505,86142,6134,1588,713
310M200US36460,36460,"Olean, NY Micro Area",17336,195,16710,568,9520,1272,2203,766,4987,1120,626,519
310M200US36500,36500,"Olympia-Tumwater, WA Metro Area",58014,661,57417,924,39763,2779,5825,1925,11829,2373,597,548
310M200US36540,36540,"Omaha-Council Bluffs, NE-IA Metro Area",235921,776,234556,972,165551,4332,12023,2201,56982,4242,1365,694
310M200US36660,36660,"Opelousas, LA Micro Area",22616,66,22278,553,11549,1968,764,633,9965,1963,338,551
310M200US36700,36700,"Orangeburg, SC Micro Area",19905,336,19829,368,8296,1665,2825,1477,8708,1967,76,131
310M200US36740,36740,"Orlando-Kissimmee-Sanford, FL Metro Area",529572,918,527298,1592,326478,10769,47264,6772,153556,10411,2274,1253
310M200US36780,36780,"Oshkosh-Neenah, WI Metro Area",35097,285,34657,473,25081,1906,1860,876,7716,1801,440,403
310M200US36860,36860,"Ottawa-Peru, IL Micro Area",33006,556,32423,605,21641,1703,2626,705,8156,1622,583,346
310M200US36980,36980,"Owensboro, KY Metro Area",28639,1143,28400,1165,19599,2039,1571,566,7230,1773,239,316
310M200US37020,37020,"Owosso, MI Micro Area",15172,257,14955,344,10522,1156,2119,1034,2314,705,217,252
310M200US37100,37100,"Oxnard-Thousand Oaks-Ventura, CA Metro Area",201922,498,201416,690,149542,5338,15094,2858,36780,4829,506,444
310M200US37140,37140,"Paducah, KY-IL Micro Area",20945,1168,20720,1156,12971,1830,852,681,6897,1629,225,200
310M200US37260,37260,"Palatka, FL Micro Area",15432,260,15432,260,8254,1796,2686,1488,4492,1673,0,217
310M200US37340,37340,"Palm Bay-Melbourne-Titusville, FL Metro Area",104628,459,102767,1301,58336,4720,11422,2890,33009,4080,1861,1143
310M200US37460,37460,"Panama City, FL Metro Area",43249,1423,42575,1574,25167,2571,4409,1820,12999,2609,674,659
310M200US37620,37620,"Parkersburg-Vienna, WV Metro Area",19607,585,19566,578,11598,1597,2128,933,5840,1277,41,52
310M200US37860,37860,"Pensacola-Ferry Pass-Brent, FL Metro Area",100167,611,99479,780,61410,4135,8061,2540,30008,4209,688,570
310M200US37900,37900,"Peoria, IL Metro Area",88210,679,87402,1085,56699,3408,7728,2324,22975,3200,808,769
310M200US37980,37980,"Philadelphia-Camden-Wilmington, PA-NJ-DE-MD Metro Area",1337863,1361,1331414,2363,840896,12485,96458,8315,394060,12374,6449,1709
310M200US38060,38060,"Phoenix-Mesa-Scottsdale, AZ Metro Area",1125830,421,1117440,2366,721937,14000,106517,9698,288986,12926,8390,2337
310M200US38220,38220,"Pine Bluff, AR Metro Area",20632,616,19866,1057,10853,1311,1876,1244,7137,1633,766,871
310M200US38240,38240,"Pinehurst-Southern Pines, NC Micro Area",19955,454,19552,631,12220,1759,2168,1233,5164,1910,403,387
310M200US38300,38300,"Pittsburgh, PA Metro Area",451162,791,448369,1105,306160,7525,32646,4405,109563,6539,2793,808
310M200US38340,38340,"Pittsfield, MA Metro Area",21479,339,21334,376,12552,1566,2410,1012,6372,1634,145,205
310M200US38460,38460,"Plattsburgh, NY Micro Area",14350,203,13936,413,7175,1230,1918,830,4843,1158,414,365
310M200US38540,38540,"Pocatello, ID Metro Area",22280,213,21973,512,17267,1593,1420,776,3286,1454,307,462
310M200US38660,38660,"Ponce, PR Metro Area",71862,1515,71862,1515,31270,3121,7663,1919,32929,2581,0,221
310M200US38820,38820,"Port Angeles, WA Micro Area",12781,214,12332,362,8114,1293,705,501,3513,1444,449,309
310M200US38860,38860,"Portland-South Portland, ME Metro Area",101008,873,100572,912,70870,3848,9524,1958,20178,3425,436,406
310M200US38900,38900,"Portland-Vancouver-Hillsboro, OR-WA Metro Area",529958,1218,524839,2110,379509,7179,39813,4769,105517,6042,5119,1746
310M200US38940,38940,"Port St. Lucie, FL Metro Area",87480,635,87094,738,58437,4860,8198,4350,20459,3773,386,429
310M200US39020,39020,"Portsmouth, OH Micro Area",16863,113,16863,113,10111,1724,1342,954,5410,1556,0,187
310M200US39060,39060,"Pottsville, PA Micro Area",28213,19,27790,449,18270,1634,3163,1167,6357,1464,423,451
310M200US39140,39140,"Prescott, AZ Metro Area",37773,346,37773,346,26847,2722,2741,1139,8185,2533,0,201
310M200US39300,39300,"Providence-Warwick, RI-MA Metro Area",327466,779,324726,1602,201921,6904,24109,3312,98696,7379,2740,1303
310M200US39340,39340,"Provo-Orem, UT Metro Area",201434,1118,200425,1434,181022,3341,3426,1007,15977,2950,1009,898
310M200US39380,39380,"Pueblo, CO Metro Area",37609,184,37183,579,22562,2279,4586,1646,10035,2242,426,549
310M200US39460,39460,"Punta Gorda, FL Metro Area",21869,304,21584,460,14802,2124,1661,988,5121,1773,285,359
310M200US39500,39500,"Quincy, IL-MO Micro Area",18328,495,18127,507,11950,1466,1749,801,4428,1248,201,200
310M200US39540,39540,"Racine, WI Metro Area",45816,341,45560,444,29572,2034,4580,1302,11408,1934,256,267
310M200US39580,39580,"Raleigh, NC Metro Area",316144,397,315140,828,224360,7776,24789,4907,65991,6404,1004,734
310M200US39660,39660,"Rapid City, SD Metro Area",33921,1266,33727,1265,24075,2341,3875,1934,5777,1493,194,184
310M200US39740,39740,"Reading, PA Metro Area",93766,379,93364,479,59552,2709,8023,2402,25789,3291,402,287
310M200US39820,39820,"Redding, CA Metro Area",37711,401,37261,525,25018,2234,3788,1335,8455,1851,450,400
310M200US39900,39900,"Reno, NV Metro Area",99590,493,98813,1064,61322,3713,11037,2883,26454,3263,777,874
310M200US39980,39980,"Richmond, IN Micro Area",15129,949,14814,962,7076,1096,1562,729,6176,1644,315,388
310M200US40060,40060,"Richmond, VA Metro Area",278696,2784,275563,3500,173014,5309,21917,3644,80632,4104,3133,1731
310M200US40080,40080,"Richmond-Berea, KY Micro Area",22298,727,21997,761,15679,1331,1856,755,4462,1133,301,340
310M200US40140,40140,"Riverside-San Bernardino-Ontario, CA Metro Area",1181272,1090,1175027,2083,768262,14563,119859,9650,286906,14397,6245,1798
310M200US40220,40220,"Roanoke, VA Metro Area",64972,1281,63593,1386,41161,2753,5114,1698,17318,2486,1379,727
310M200US40260,40260,"Roanoke Rapids, NC Micro Area",15717,752,15380,801,4885,1334,1332,670,9163,1351,337,293
310M200US40340,40340,"Rochester, MN Metro Area",52613,238,52418,292,39920,2035,3544,1057,8954,1639,195,192
310M200US40380,40380,"Rochester, NY Metro Area",227381,761,225613,1174,138839,4635,19410,3035,67364,4372,1768,756
310M200US40420,40420,"Rockford, IL Metro Area",82406,784,82027,1015,49808,3599,7013,2021,25206,3282,379,405
310M200US40580,40580,"Rocky Mount, NC Metro Area",33815,515,33249,745,16725,1848,1761,932,14763,2100,566,561
310M200US40660,40660,"Rome, GA Metro Area",22448,222,22318,271,12843,2178,3384,1586,6091,2046,130,161
310M200US40700,40700,"Roseburg, OR Micro Area",20631,306,20326,483,10701,1852,2683,1258,6942,2016,305,363
310M200US40740,40740,"Roswell, NM Micro Area",17173,534,16993,623,9457,1756,2388,1154,5148,1526,180,290
310M200US40780,40780,"Russellville, AR Micro Area",19412,966,19091,1015,12128,1643,2296,1377,4667,1633,321,374
310M200US40900,40900,"Sacramento--Roseville--Arden-Arcade, CA Metro Area",529302,944,525418,1797,365247,7609,40260,5207,119911,6982,3884,1437
310M200US40980,40980,"Saginaw, MI Metro Area",41583,353,41194,416,23821,2244,2560,926,14813,2166,389,234
310M200US41060,41060,"St. Cloud, MN Metro Area",44772,247,44527,308,30440,2373,3893,1297,10194,2458,245,191
310M200US41100,41100,"St. George, UT Metro Area",42761,195,42234,613,32680,2827,1131,725,8423,2709,527,578
310M200US41140,41140,"St. Joseph, MO-KS Metro Area",27837,858,27757,866,18325,1728,2530,1201,6902,1549,80,106
310M200US41180,41180,"St. Louis, MO-IL Metro Area",633388,1722,628963,2483,402783,9323,47243,5248,178937,8302,4425,1661
310M200US41400,41400,"Salem, OH Micro Area",21690,520,21488,563,12645,1855,2291,1087,6552,1722,202,179
310M200US41420,41420,"Salem, OR Metro Area",100710,496,98888,1181,66880,4529,8311,2472,23697,4433,1822,1089
310M200US41500,41500,"Salinas, CA Metro Area",114207,140,113840,332,72537,4289,11907,2776,29396,4146,367,302
310M200US41540,41540,"Salisbury, MD-DE Metro Area",77985,924,76600,1352,50519,3460,6146,1810,19935,3021,1385,878
310M200US41620,41620,"Salt Lake City, UT Metro Area",332260,417,330286,960,253113,7477,21638,3689,55535,6332,1974,860
310M200US41660,41660,"San Angelo, TX Metro Area",27813,662,27765,663,17530,2548,2216,1130,8019,2484,48,83
310M200US41700,41700,"San Antonio-New Braunfels, TX Metro Area",611979,1595,608236,2141,388595,9756,43429,5706,176212,10429,3743,1392
310M200US41740,41740,"San Diego-Carlsbad, CA Metro Area",726031,561,721532,1679,503869,11497,66114,7821,151549,9923,4499,1612
310M200US41780,41780,"Sandusky, OH Micro Area",15712,4,15563,198,7270,1279,1830,888,6463,1288,149,198
310M200US41860,41860,"San Francisco-Oakland-Hayward, CA Metro Area",936732,972,928810,2318,686367,10585,61686,5682,180757,8897,7922,1982
310M200US41900,41900,"San Germán, PR Metro Area",25643,1421,25643,1421,12948,2309,2468,1088,10227,2012,0,221
310M200US41940,41940,"San Jose-Sunnyvale-Santa Clara, CA Metro Area",451141,417,448774,986,354932,6000,28489,3745,65353,5915,2367,823
310M200US41980,41980,"San Juan-Carolina-Caguas, PR Metro Area",465876,2361,465428,2426,200151,7705,46636,5108,218641,7543,448,402
310M200US42020,42020,"San Luis Obispo-Paso Robles-Arroyo Grande, CA Metro Area",50914,387,50736,418,36848,3080,4208,1460,9680,2722,178,206
310M200US42100,42100,"Santa Cruz-Watsonville, CA Metro Area",53861,181,53702,241,38041,2840,4070,1739,11591,2529,159,165
310M200US42140,42140,"Santa Fe, NM Metro Area",28607,199,28587,201,15263,2199,3744,1066,9580,2010,20,34
310M200US42200,42200,"Santa Maria-Santa Barbara, CA Metro Area",99021,163,98721,349,68007,4146,7890,2217,22824,3982,300,341
310M200US42220,42220,"Santa Rosa, CA Metro Area",101714,337,100285,1173,68501,4377,8098,2000,23686,3843,1429,1135
310M200US42340,42340,"Savannah, GA Metro Area",87661,1226,86362,1598,50820,3870,5829,2033,29713,3437,1299,1394
310M200US42540,42540,"Scranton--Wilkes-Barre--Hazleton, PA Metro Area",110428,364,108789,1243,60797,4076,11073,2755,36919,3515,1639,1189
310M200US42620,42620,"Searcy, AR Micro Area",18738,102,17950,707,12438,1542,572,513,4940,1368,788,687
310M200US42660,42660,"Seattle-Tacoma-Bellevue, WA Metro Area",816029,371,808821,1592,593332,8729,59679,5490,155810,8223,7208,1629
310M200US42680,42680,"Sebastian-Vero Beach, FL Metro Area",25092,143,25045,167,17319,2039,2259,1259,5467,2068,47,84
310M200US42700,42700,"Sebring, FL Metro Area",17680,465,17599,442,13792,1326,537,495,3270,1198,81,135
310M200US42860,42860,"Seneca, SC Micro Area",15038,239,15011,235,9558,1534,745,510,4708,1445,27,50
310M200US42940,42940,"Sevierville, TN Micro Area",19445,318,19068,495,12207,1587,1754,1166,5107,1604,377,375
310M200US43060,43060,"Shawnee, OK Micro Area",17376,252,17228,282,10920,990,1322,483,4986,988,148,118
310M200US43100,43100,"Sheboygan, WI Metro Area",26066,536,25648,700,19481,1239,1672,598,4495,1144,418,492
310M200US43140,43140,"Shelby, NC Micro Area",20877,790,20877,790,10620,1462,2439,1345,7818,1577,0,200
310M200US43300,43300,"Sherman-Denison, TX Metro Area",29910,210,29614,481,16700,1930,2997,1313,9917,1818,296,434
310M200US43320,43320,"Show Low, AZ Micro Area",29563,500,29563,500,18839,1531,2629,857,8095,1218,0,201
310M200US43340,43340,"Shreveport-Bossier City, LA Metro Area",108407,478,108001,599,59758,4100,7757,2341,40486,4462,406,337
310M200US43420,43420,"Sierra Vista-Douglas, AZ Metro Area",27029,171,27029,171,15925,1832,2274,984,8830,1808,0,201
310M200US43580,43580,"Sioux City, IA-NE-SD Metro Area",42818,857,42544,888,28853,2095,4519,1512,9172,2043,274,268
310M200US43620,43620,"Sioux Falls, SD Metro Area",64742,457,64443,549,45923,2583,4256,1282,14264,2322,299,269
310M200US43740,43740,"Somerset, PA Micro Area",13905,397,13883,399,9792,892,1111,556,2980,848,22,36
310M200US43780,43780,"South Bend-Mishawaka, IN-MI Metro Area",74770,239,74410,420,47172,2450,6056,1300,21182,2380,360,366
310M200US43900,43900,"Spartanburg, SC Metro Area",75476,262,74163,1073,44423,3455,6294,2039,23446,3300,1313,1015
310M200US44060,44060,"Spokane-Spokane Valley, WA Metro Area",121937,941,121526,932,83904,4148,9103,2010,28519,3939,411,226
310M200US44100,44100,"Springfield, IL Metro Area",48498,583,47395,938,26304,2162,4828,1506,16263,1951,1103,687
310M200US44140,44140,"Springfield, MA Metro Area",128800,535,128125,672,69613,4079,9815,2614,48697,4099,675,403
310M200US44180,44180,"Springfield, MO Metro Area",102455,1351,101559,1528,71621,3413,8476,2309,21462,2935,896,670
310M200US44220,44220,"Springfield, OH Metro Area",31091,394,30669,582,18056,2306,3443,1409,9170,1961,422,402
310M200US44300,44300,"State College, PA Metro Area",24112,565,23969,580,19612,1239,599,346,3758,1038,143,137
310M200US44340,44340,"Statesboro, GA Micro Area",14694,344,14256,531,8577,1418,1076,814,4603,1207,438,497
310M200US44420,44420,"Staunton-Waynesboro, VA Metro Area",24081,951,23675,1013,15771,1724,2044,1020,5860,1504,406,395
310M200US44620,44620,"Stevens Point, WI Micro Area",13696,225,13640,231,10484,817,906,403,2250,677,56,61
310M200US44660,44660,"Stillwater, OK Micro Area",15058,685,14936,683,9731,1355,2028,1290,3177,1119,122,188
310M200US44700,44700,"Stockton-Lodi, CA Metro Area",199272,539,197992,837,135697,5456,16791,3378,45504,4916,1280,688
310M200US44940,44940,"Sumter, SC Metro Area",25985,688,25804,730,11497,2021,2070,932,12237,2087,181,281
310M200US44980,44980,"Sunbury, PA Micro Area",17981,340,17821,411,12555,1201,1976,800,3290,911,160,218
310M200US45060,45060,"Syracuse, NY Metro Area",141506,580,139692,941,84958,3967,12843,2528,41891,3767,1814,789
310M200US45180,45180,"Talladega-Sylacauga, AL Micro Area",19989,1013,19815,1064,10379,1707,1357,904,8079,1833,174,281
310M200US45220,45220,"Tallahassee, FL Metro Area",72768,1279,72418,1329,38755,3148,3818,1568,29845,2934,350,340
310M200US45300,45300,"Tampa-St. Petersburg-Clearwater, FL Metro Area",602882,949,598243,1671,360748,8199,54917,5450,182578,8581,4639,1356
310M200US45460,45460,"Terre Haute, IN Metro Area",35952,1327,35686,1318,22994,2423,4104,1757,8588,1655,266,348
310M200US45500,45500,"Texarkana, TX-AR Metro Area",36824,978,36268,1171,20846,2088,2710,1243,12712,1969,556,593
310M200US45540,45540,"The Villages, FL Metro Area",8403,101,8403,101,6620,1033,561,555,1222,677,0,217
310M200US45780,45780,"Toledo, OH Metro Area",137349,494,136058,1032,78378,3827,12355,2408,45325,3812,1291,901
310M200US45820,45820,"Topeka, KS Metro Area",56146,447,55981,494,37156,2774,5959,1578,12866,2328,165,184
310M200US45860,45860,"Torrington, CT Micro Area",34809,156,34561,343,26538,1675,2777,1162,5246,1627,248,321
310M200US45900,45900,"Traverse City, MI Micro Area",29182,610,28971,626,21269,1572,2481,923,5221,1243,211,196
310M200US45940,45940,"Trenton, NJ Metro Area",80644,252,80352,561,55943,2773,3945,1573,20464,2602,292,489
310M200US46020,46020,"Truckee-Grass Valley, CA Micro Area",17420,242,17420,242,11765,1586,2214,929,3441,1435,0,201
310M200US46060,46060,"Tucson, AZ Metro Area",217885,423,214956,1431,126355,6256,19679,3321,68922,5831,2929,1324
310M200US46100,46100,"Tullahoma-Manchester, TN Micro Area",23443,940,23229,951,16544,1469,1138,790,5547,1644,214,301
310M200US46140,46140,"Tulsa, OK Metro Area",245468,588,243128,843,156961,3310,22472,2424,63695,3414,2340,662
310M200US46180,46180,"Tupelo, MS Micro Area",35316,1141,35137,1163,20775,2086,3511,1521,10851,1986,179,261
310M200US46220,46220,"Tuscaloosa, AL Metro Area",50593,1752,50102,1815,26433,2210,4099,1248,19570,2598,491,396
310M200US46300,46300,"Twin Falls, ID Micro Area",29951,1233,29799,1292,24796,2047,1007,629,3996,1580,152,234
310M200US46340,46340,"Tyler, TX Metro Area",55135,317,54271,1014,37540,3412,3291,1618,13440,3311,864,986
310M200US46380,46380,"Ukiah, CA Micro Area",18449,416,18208,553,10669,1974,4041,1721,3498,1391,241,343
310M200US46520,46520,"Urban Honolulu, HI Metro Area",213791,559,212607,870,157956,4473,14703,2693,39948,4123,1184,632
310M200US46540,46540,"Utica-Rome, NY Metro Area",63051,565,62000,912,35484,2440,7535,1776,18981,2186,1051,764
310M200US46660,46660,"Valdosta, GA Metro Area",35901,1390,35857,1393,21372,2703,1158,794,13327,2452,44,80
310M200US46700,46700,"Vallejo-Fairfield, CA Metro Area",99207,323,98030,736,63498,4251,8991,2148,25541,4007,1177,677
310M200US47020,47020,"Victoria, TX Metro Area",24605,602,24401,618,18059,1659,1092,739,5250,1608,204,280
310M200US47220,47220,"Vineland-Bridgeton, NJ Metro Area",36305,306,35044,1130,18456,2668,4262,1652,12326,2746,1261,1104
310M200US47260,47260,"Virginia Beach-Norfolk-Newport News, VA-NC Metro Area",381603,2038,379142,2275,235977,7426,26134,3973,117031,7568,2461,1133
310M200US47300,47300,"Visalia-Porterville, CA Metro Area",143562,188,143513,193,90740,5936,17384,4626,35389,4368,49,59
310M200US47380,47380,"Waco, TX Metro Area",63751,1052,63502,1104,38300,3627,4549,1688,20653,3810,249,255
310M200US47460,47460,"Walla Walla, WA Metro Area",13204,485,13204,485,9327,1451,1163,658,2714,1224,0,195
310M200US47580,47580,"Warner Robins, GA Metro Area",46401,1453,45833,1552,27670,2874,986,640,17177,2819,568,421
310M200US47700,47700,"Warsaw, IN Micro Area",19242,546,18769,671,15059,1288,817,464,2893,1238,473,416
310M200US47900,47900,"Washington-Arlington-Alexandria, DC-VA-MD-WV Metro Area",1412072,2447,1405099,2769,1013344,14216,96280,7014,295475,11732,6973,1525
310M200US47940,47940,"Waterloo-Cedar Falls, IA Metro Area",37008,262,36323,501,25699,1591,3176,1248,7448,1324,685,498
310M200US48020,48020,"Watertown-Fort Atkinson, WI Micro Area",18470,336,18313,411,13798,1269,1463,780,3052,1145,157,229
310M200US48060,48060,"Watertown-Fort Drum, NY Metro Area",29261,184,29022,252,19530,1594,2452,927,7040,1505,239,165
310M200US48140,48140,"Wausau, WI Metro Area",31276,181,31160,214,23710,1692,4082,1487,3368,859,116,120
310M200US48260,48260,"Weirton-Steubenville, WV-OH Metro Area",23224,1195,23063,1166,13492,1675,3237,1160,6334,1323,161,176
310M200US48300,48300,"Wenatchee, WA Metro Area",28836,453,28756,479,20039,2646,3746,1738,4971,2036,80,107
310M200US48540,48540,"Wheeling, WV-OH Metro Area",27680,163,27043,689,18557,1729,2414,922,6072,1444,637,684
310M200US48580,48580,"Whitewater-Elkhorn, WI Micro Area",22169,186,22133,190,16314,1147,1641,876,4178,1056,36,47
310M200US48620,48620,"Wichita, KS Metro Area",168264,776,167686,804,107467,5076,15668,3554,44551,4346,578,377
310M200US48660,48660,"Wichita Falls, TX Metro Area",33560,564,32956,725,22718,2078,3478,1377,6760,1553,604,502
310M200US48700,48700,"Williamsport, PA Metro Area",23887,260,23539,411,15860,1397,2633,1212,5046,1003,348,321
310M200US48900,48900,"Wilmington, NC Metro Area",55279,355,55279,355,36833,2389,4207,1829,14239,2422,0,200
310M200US48980,48980,"Wilson, NC Micro Area",19002,67,18888,163,10499,1758,900,644,7489,1741,114,153
310M200US49020,49020,"Winchester, VA-WV Metro Area",29759,1680,28921,1706,17587,2054,2010,939,9324,2116,838,751
310M200US49180,49180,"Winston-Salem, NC Metro Area",149802,759,149443,731,98182,4104,14471,3202,36790,3651,359,237
310M200US49220,49220,"Wisconsin Rapids-Marshfield, WI Micro Area",15735,344,15589,388,10766,1228,1621,781,3202,878,146,165
310M200US49300,49300,"Wooster, OH Micro Area",28402,397,28142,546,21881,1646,1211,674,5050,1605,260,298
310M200US49340,49340,"Worcester, MA-CT Metro Area",201414,462,200151,724,131808,5376,13736,3256,54607,4609,1263,604
310M200US49420,49420,"Yakima, WA Metro Area",74036,53,72934,734,45063,4320,6224,2453,21647,4292,1102,727
310M200US49620,49620,"York-Hanover, PA Metro Area",98873,164,97227,1232,61785,3755,8999,2221,26443,3484,1646,1233
310M200US49660,49660,"Youngstown-Warren-Boardman, OH-PA Metro Area",112356,1011,109943,1513,67451,3247,9058,1785,33434,2938,2413,1079
310M200US49700,49700,"Yuba City, CA Metro Area",45685,442,45374,569,32811,2436,4703,1430,7860,1942,311,366
310M200US49740,49740,"Yuma, AZ Metro Area",52610,120,52392,277,33797,2840,5968,1942,12627,2379,218,244
310M200US49780,49780,"Zanesville, OH Micro Area",20029,294,19819,379,12594,1895,1555,644,5670,1880,210,238
