GEO.id,GEO.id2,GEO.display-label,HD01_VD01,HD02_VD01,HD01_VD02,HD02_VD02,HD01_VD03,HD02_VD03,HD01_VD04,HD02_VD04,HD01_VD05,HD02_VD05,HD01_VD06,HD02_VD06
Id,Id2,Geography,Estimate; Total:,Margin of Error; Total:,Estimate; In family households:,Margin of Error; In family households:,Estimate; In family households: - In married-couple family,Margin of Error; In family households: - In married-couple family,"Estimate; In family households: - In male householder, no wife present, family","Margin of Error; In family households: - In male householder, no wife present, family","Estimate; In family households: - In female householder, no husband present, family","Margin of Error; In family households: - In female householder, no husband present, family",Estimate; In nonfamily households,Margin of Error; In nonfamily households
310M200US10140,10140,"Aberdeen, WA Micro Area",14487,242,14487,242,10116,1146,987,506,3384,1156,0,198
310M200US10180,10180,"Abilene, TX Metro Area",39139,1291,39089,1281,24450,2737,3637,1467,11002,2257,50,68
310M200US10300,10300,"Adrian, MI Micro Area",21764,585,21201,709,14161,1545,1425,663,5615,1314,563,466
310M200US10380,10380,"Aguadilla-Isabela, PR Metro Area",73359,1076,73359,1076,36424,3284,7209,1733,29726,3069,0,225
310M200US10420,10420,"Akron, OH Metro Area",149360,491,148317,764,92944,4236,12086,2404,43287,4234,1043,581
310M200US10460,10460,"Alamogordo, NM Micro Area",15497,453,15497,453,10405,1870,499,374,4593,1756,0,195
310M200US10500,10500,"Albany, GA Metro Area",39277,1056,38619,1265,17271,2134,3953,1415,17395,1831,658,816
310M200US10540,10540,"Albany, OR Metro Area",27986,733,27327,1060,17079,2240,1621,1296,8627,2032,659,759
310M200US10580,10580,"Albany-Schenectady-Troy, NY Metro Area",178231,628,177275,793,122145,4355,12327,2210,42803,3899,956,491
310M200US10700,10700,"Albertville, AL Micro Area",23269,225,23269,225,14733,2100,1036,578,7500,2004,0,192
310M200US10740,10740,"Albuquerque, NM Metro Area",212581,1085,211927,1224,126394,6015,21550,3742,63983,5580,654,466
310M200US10780,10780,"Alexandria, LA Metro Area",38237,551,38230,551,22497,2454,2997,1108,12736,2333,7,11
310M200US10900,10900,"Allentown-Bethlehem-Easton, PA-NJ Metro Area",179319,471,178264,734,119502,4688,12834,2899,45928,4564,1055,536
310M200US11020,11020,"Altoona, PA Metro Area",25575,84,25433,252,17362,1755,2099,1050,5972,1523,142,240
310M200US11100,11100,"Amarillo, TX Metro Area",66594,865,65248,1390,42336,3096,4667,1512,18245,2800,1346,1205
310M200US11180,11180,"Ames, IA Metro Area",15921,180,15867,204,11887,1152,1141,671,2839,1016,54,93
310M200US11260,11260,"Anchorage, AK Metro Area",101733,192,100965,843,73812,3260,11083,2535,16070,2680,768,794
310M200US11460,11460,"Ann Arbor, MI Metro Area",70419,252,70305,242,49979,2121,4346,1467,15980,2193,114,131
310M200US11500,11500,"Anniston-Oxford-Jacksonville, AL Metro Area",25801,252,25739,272,14097,2117,2491,1371,9151,2330,62,103
310M200US11540,11540,"Appleton, WI Metro Area",56534,7,56046,524,41777,1962,4041,1183,10228,1996,488,523
310M200US11640,11640,"Arecibo, PR Metro Area",42620,1010,42620,1010,23648,2799,3699,1259,15273,2472,0,225
310M200US11700,11700,"Asheville, NC Metro Area",86261,1063,86010,1141,59766,3254,5302,1810,20942,3047,251,354
310M200US11780,11780,"Ashtabula, OH Micro Area",22683,19,22166,594,14753,1659,1658,723,5755,1380,517,595
310M200US11980,11980,"Athens, TX Micro Area",17421,111,17396,120,9979,1926,866,585,6551,1781,25,44
310M200US12020,12020,"Athens-Clarke County, GA Metro Area",39188,1718,38960,1708,25253,2500,3306,1387,10401,1814,228,231
310M200US12060,12060,"Atlanta-Sandy Springs-Roswell, GA Metro Area",1414216,2873,1407490,3338,910000,16194,106644,12300,390846,13304,6726,1905
310M200US12100,12100,"Atlantic City-Hammonton, NJ Metro Area",61640,250,61024,604,35084,2641,5902,1914,20038,2622,616,521
310M200US12180,12180,"Auburn, NY Micro Area",16306,298,16146,335,10957,1315,1672,760,3517,1097,160,118
310M200US12220,12220,"Auburn-Opelika, AL Metro Area",32878,148,32325,652,19825,2369,1477,1148,11023,2252,553,632
310M200US12260,12260,"Augusta-Richmond County, GA-SC Metro Area",138915,1516,138348,1528,76142,5014,9794,2445,52412,4637,567,500
310M200US12300,12300,"Augusta-Waterville, ME Micro Area",24033,572,23813,620,15887,1635,1548,649,6378,1655,220,212
310M200US12420,12420,"Austin-Round Rock, TX Metro Area",461324,745,458317,1332,327632,10102,32165,5678,98520,8466,3007,1079
310M200US12540,12540,"Bakersfield, CA Metro Area",256117,255,254602,1156,159687,7512,22837,3788,72078,7461,1515,1147
310M200US12580,12580,"Baltimore-Columbia-Towson, MD Metro Area",617321,951,613210,1635,388046,8386,37562,4045,187602,8114,4111,1290
310M200US12620,12620,"Bangor, ME Metro Area",28685,528,28390,620,18809,1748,2629,1050,6952,1569,295,271
310M200US12700,12700,"Barnstable Town, MA Metro Area",34731,378,34429,452,21430,2390,2434,1271,10565,2347,302,273
310M200US12940,12940,"Baton Rouge, LA Metro Area",196461,581,195868,761,110433,5687,12699,2745,72736,5029,593,541
310M200US12980,12980,"Battle Creek, MI Metro Area",30928,496,29244,1372,16407,1968,2447,971,10390,1904,1684,1245
310M200US13020,13020,"Bay City, MI Metro Area",22381,132,22205,197,13517,1319,1966,922,6722,1363,176,174
310M200US13140,13140,"Beaumont-Port Arthur, TX Metro Area",94727,786,93687,1102,58094,3412,6080,2414,29513,3198,1040,616
310M200US13180,13180,"Beaver Dam, WI Micro Area",18476,526,18104,580,14252,1010,1736,657,2116,819,372,241
310M200US13220,13220,"Beckley, WV Metro Area",26118,325,26030,364,15112,1836,2728,1183,8190,1951,88,141
310M200US13380,13380,"Bellingham, WA Metro Area",41649,338,41418,413,30376,1965,2044,985,8998,2018,231,259
310M200US13460,13460,"Bend-Redmond, OR Metro Area",35924,707,35786,696,25509,2517,2948,1434,7329,2536,138,158
310M200US13740,13740,"Billings, MT Metro Area",38134,566,37389,849,25772,1886,2675,1005,8942,1837,745,553
310M200US13780,13780,"Binghamton, NY Metro Area",50003,312,49376,607,28988,2663,5286,1512,15102,2527,627,579
310M200US13820,13820,"Birmingham-Hoover, AL Metro Area",267412,1481,265425,1935,162930,5587,14587,2724,87908,5180,1987,1199
310M200US13900,13900,"Bismarck, ND Metro Area",28098,767,28032,761,20536,1789,2481,1151,5015,1172,66,112
310M200US13980,13980,"Blacksburg-Christiansburg-Radford, VA Metro Area",29810,2229,29759,2238,20543,2592,2078,959,7138,1811,51,85
310M200US14010,14010,"Bloomington, IL Metro Area",42792,641,42314,812,32356,2169,2054,809,7904,1676,478,437
310M200US14020,14020,"Bloomington, IN Metro Area",27569,582,27464,625,19226,1443,1801,755,6437,1393,105,141
310M200US14100,14100,"Bloomsburg-Berwick, PA Metro Area",16120,326,15771,464,11505,940,933,425,3333,991,349,277
310M200US14140,14140,"Bluefield, WV-VA Micro Area",21504,472,21451,471,14588,1625,1681,814,5182,1583,53,96
310M200US14260,14260,"Boise City, ID Metro Area",175686,1540,174906,1500,126711,7031,17525,5681,30670,4710,780,529
310M200US14460,14460,"Boston-Cambridge-Newton, MA-NH Metro Area",969826,1130,963514,1938,686046,10893,51282,4435,226186,10334,6312,1727
310M200US14500,14500,"Boulder, CO Metro Area",63557,281,63363,305,49396,2533,6034,1807,7933,2255,194,160
310M200US14540,14540,"Bowling Green, KY Metro Area",36725,1382,36536,1376,24998,2390,2407,1157,9131,1913,189,185
310M200US14580,14580,"Bozeman, MT Micro Area",19460,223,19445,223,15746,1142,1352,823,2347,734,15,31
310M200US14660,14660,"Brainerd, MN Micro Area",20061,233,19908,278,13491,1226,1679,562,4738,1261,153,145
310M200US14700,14700,"Branson, MO Micro Area",16950,393,16896,395,12034,1274,1043,557,3819,1210,54,94
310M200US14740,14740,"Bremerton-Silverdale, WA Metro Area",53836,95,53056,728,40742,2164,3448,1329,8866,2008,780,726
310M200US14860,14860,"Bridgeport-Stamford-Norwalk, CT Metro Area",223805,260,222951,501,165103,5445,13074,3087,44774,4708,854,467
310M200US15180,15180,"Brownsville-Harlingen, TX Metro Area",133266,294,132052,1756,83506,5911,7069,2365,41477,5772,1214,1515
310M200US15260,15260,"Brunswick, GA Metro Area",26350,1435,26350,1435,15684,2571,2588,1638,8078,2487,0,214
310M200US15380,15380,"Buffalo-Cheektowaga-Niagara Falls, NY Metro Area",234143,297,232258,852,140679,4871,22336,3370,69243,4690,1885,805
310M200US15500,15500,"Burlington, NC Metro Area",35177,344,35006,441,20643,2376,3784,1649,10579,2326,171,289
310M200US15540,15540,"Burlington-South Burlington, VT Metro Area",42983,375,42731,430,32847,1998,3040,1159,6844,1642,252,182
310M200US15680,15680,"California-Lexington Park, MD Metro Area",27526,3,27472,91,21721,1639,1158,696,4593,1583,54,91
310M200US15940,15940,"Canton-Massillon, OH Metro Area",88817,482,88343,608,56945,3146,8657,2438,22741,3298,474,427
310M200US15980,15980,"Cape Coral-Fort Myers, FL Metro Area",125109,457,123901,968,75228,4984,13799,3450,34874,4008,1208,867
310M200US16020,16020,"Cape Girardeau, MO-IL Metro Area",22078,1197,21955,1202,13391,1634,1588,959,6976,1715,123,146
310M200US16060,16060,"Carbondale-Marion, IL Metro Area",25039,202,24689,499,15417,1301,883,353,8389,1221,350,456
310M200US16180,16180,"Carson City, NV Metro Area",10964,162,10949,166,7197,1324,581,493,3171,1231,15,28
310M200US16220,16220,"Casper, WY Metro Area",19659,738,19289,809,12264,1621,2792,1559,4233,1575,370,359
310M200US16300,16300,"Cedar Rapids, IA Metro Area",62249,312,61994,408,44109,2618,4598,1436,13287,2442,255,251
310M200US16500,16500,"Centralia, WA Micro Area",16583,86,16518,171,10022,1644,1617,1116,4879,1594,65,123
310M200US16540,16540,"Chambersburg-Waynesboro, PA Metro Area",35236,649,34113,1360,25226,2180,2851,1204,6036,1744,1123,1210
310M200US16580,16580,"Champaign-Urbana, IL Metro Area",45057,1070,44765,1104,29384,2257,2949,1406,12432,2255,292,207
310M200US16620,16620,"Charleston, WV Metro Area",46505,1427,46085,1457,26481,2620,6376,1994,13228,2343,420,317
310M200US16660,16660,"Charleston-Mattoon, IL Micro Area",11516,920,11451,940,8145,1302,195,171,3111,1085,65,112
310M200US16700,16700,"Charleston-North Charleston, SC Metro Area",160877,665,158437,1589,98543,6557,12972,4620,46922,4998,2440,1375
310M200US16740,16740,"Charlotte-Concord-Gastonia, NC-SC Metro Area",579436,828,574999,1348,378849,8245,45293,5710,150857,8821,4437,1382
310M200US16820,16820,"Charlottesville, VA Metro Area",46312,2289,46202,2321,32277,2508,2204,949,11721,1965,110,173
310M200US16860,16860,"Chattanooga, TN-GA Metro Area",117739,1439,117251,1518,74506,3910,12155,2833,30590,2973,488,413
310M200US16940,16940,"Cheyenne, WY Metro Area",22682,373,22640,386,16276,2112,1550,1037,4814,1826,42,72
310M200US16980,16980,"Chicago-Naperville-Elgin, IL-IN-WI Metro Area",2289020,1683,2277387,3054,1555668,20316,161392,10153,560327,17976,11633,2432
310M200US17020,17020,"Chico, CA Metro Area",45048,91,44760,275,29744,2072,3533,1132,11483,2025,288,268
310M200US17060,17060,"Chillicothe, OH Micro Area",17097,235,16640,552,9568,1507,718,499,6354,1500,457,496
310M200US17140,17140,"Cincinnati, OH-KY-IN Metro Area",518897,1927,514663,2499,336011,8600,37290,4662,141362,8699,4234,1644
310M200US17200,17200,"Claremont-Lebanon, NH-VT Micro Area",40509,755,39820,837,26277,1883,2265,869,11278,1967,689,525
310M200US17220,17220,"Clarksburg, WV Micro Area",18016,1005,17627,1062,10765,1478,2127,1141,4735,1326,389,336
310M200US17300,17300,"Clarksville, TN-KY Metro Area",74070,1084,73011,1468,48771,3527,4434,1948,19806,3075,1059,883
310M200US17340,17340,"Clearlake, CA Micro Area",12864,200,12864,200,5991,1330,3422,1364,3451,976,0,203
310M200US17420,17420,"Cleveland, TN Metro Area",26260,821,26126,810,17087,2129,1723,1151,7316,2074,134,174
310M200US17460,17460,"Cleveland-Elyria, OH Metro Area",456747,605,453826,1168,279578,7730,30594,3667,143654,7757,2921,954
310M200US17660,17660,"Coeur d'Alene, ID Metro Area",33885,334,33885,334,23122,2351,3059,1421,7704,2366,0,193
310M200US17780,17780,"College Station-Bryan, TX Metro Area",50164,1331,50053,1330,31333,2501,3414,1851,15306,2941,111,125
310M200US17820,17820,"Colorado Springs, CO Metro Area",169111,958,168576,1004,123062,4495,10697,2840,34817,4353,535,409
310M200US17860,17860,"Columbia, MO Metro Area",34272,590,33835,789,23453,2055,1121,639,9261,2147,437,628
310M200US17900,17900,"Columbia, SC Metro Area",179330,1392,178628,1450,112501,4720,11437,2749,54690,5124,702,536
310M200US17980,17980,"Columbus, GA-AL Metro Area",76769,1371,76423,1358,40101,3373,7007,2178,29315,3152,346,368
310M200US18020,18020,"Columbus, IN Metro Area",19572,477,19546,475,14540,1426,1794,839,3212,1167,26,37
310M200US18140,18140,"Columbus, OH Metro Area",475622,764,471987,1471,311649,8774,37977,4908,122361,7969,3635,1264
310M200US18180,18180,"Concord, NH Micro Area",29295,500,28944,632,21566,2109,2846,1484,4532,1581,351,392
310M200US18260,18260,"Cookeville, TN Micro Area",22845,755,22807,762,16254,1575,1568,933,4985,1356,38,66
310M200US18300,18300,"Coos Bay, OR Micro Area",11543,60,11377,243,8028,1160,680,564,2669,1140,166,232
310M200US18500,18500,"Corning, NY Micro Area",22146,195,22075,219,14416,1369,2935,1128,4724,1240,71,89
310M200US18580,18580,"Corpus Christi, TX Metro Area",113487,1528,113270,1597,66028,4426,12022,3170,35220,4652,217,229
310M200US18880,18880,"Crestview-Fort Walton Beach-Destin, FL Metro Area",55306,575,55043,576,35364,3134,1881,806,17798,3010,263,262
310M200US18980,18980,"Cullman, AL Micro Area",17956,520,17912,518,11546,1320,2430,1379,3936,1079,44,70
310M200US19060,19060,"Cumberland, MD-WV Metro Area",18393,263,18359,263,11998,1364,1882,873,4479,1116,34,60
310M200US19100,19100,"Dallas-Fort Worth-Arlington, TX Metro Area",1836341,2296,1828716,3230,1241528,19780,139495,9707,447693,19309,7625,2025
310M200US19140,19140,"Dalton, GA Metro Area",37829,399,37152,711,26226,2472,2758,1231,8168,2159,677,560
310M200US19180,19180,"Danville, IL Metro Area",19313,237,19153,313,10034,1453,1539,802,7580,1444,160,150
310M200US19260,19260,"Danville, VA Micro Area",21855,72,21699,182,11760,1703,2082,1215,7857,1781,156,165
310M200US19300,19300,"Daphne-Fairhope-Foley, AL Metro Area",44158,521,43880,660,31023,2343,2640,1562,10217,2265,278,393
310M200US19340,19340,"Davenport-Moline-Rock Island, IA-IL Metro Area",88083,838,87316,977,55612,3223,6259,1493,25445,3175,767,497
310M200US19380,19380,"Dayton, OH Metro Area",177454,688,176595,871,102085,5689,14499,3152,60011,5333,859,553
310M200US19460,19460,"Decatur, AL Metro Area",35289,171,35192,251,24135,1798,2428,919,8629,1739,97,164
310M200US19500,19500,"Decatur, IL Metro Area",24256,66,23959,216,14392,1224,1749,768,7818,1287,297,224
310M200US19660,19660,"Deltona-Daytona Beach-Ormond Beach, FL Metro Area",109585,563,108419,1081,66426,4486,10932,2548,31061,4519,1166,785
310M200US19740,19740,"Denver-Aurora-Lakewood, CO Metro Area",647682,1068,644252,1452,458069,9033,42715,5228,143468,8565,3430,1069
310M200US19780,19780,"Des Moines-West Des Moines, IA Metro Area",153029,489,152664,538,108601,4215,11962,2473,32101,3999,365,246
310M200US19820,19820,"Detroit-Warren-Dearborn, MI Metro Area",994038,862,988107,1652,621672,9442,77469,5999,288966,8976,5931,1472
310M200US20020,20020,"Dothan, AL Metro Area",34799,397,34472,501,18692,1314,2156,651,13624,1428,327,296
310M200US20100,20100,"Dover, DE Metro Area",40292,289,40292,289,24700,2040,3053,1687,12539,1959,0,189
310M200US20180,20180,"DuBois, PA Micro Area",15469,548,15442,549,9852,1083,939,507,4651,1131,27,35
310M200US20220,20220,"Dubuque, IA Metro Area",21953,160,21836,217,14264,1371,2673,1347,4899,1056,117,117
310M200US20260,20260,"Duluth, MN-WI Metro Area",55977,256,55745,271,35295,2330,6169,1572,14281,2088,232,124
310M200US20380,20380,"Dunn, NC Micro Area",34540,50,34156,479,22967,2022,3659,1366,7530,1797,384,472
310M200US20500,20500,"Durham-Chapel Hill, NC Metro Area",114150,662,113758,676,73116,3887,10939,3040,29703,3047,392,285
310M200US20700,20700,"East Stroudsburg, PA Metro Area",35905,540,35720,639,25589,1993,2659,1110,7472,1881,185,290
310M200US20740,20740,"Eau Claire, WI Metro Area",35712,642,35324,661,27266,1438,2364,1310,5694,1510,388,258
310M200US20940,20940,"El Centro, CA Metro Area",50705,276,49892,980,35098,2974,2001,832,12793,2925,813,959
310M200US21020,21020,"Elizabeth City, NC Micro Area",14884,1132,14884,1132,7901,1332,831,479,6152,1215,0,201
310M200US21060,21060,"Elizabethtown-Fort Knox, KY Metro Area",37876,1205,37722,1168,23774,2302,4556,1676,9392,1983,154,171
310M200US21140,21140,"Elkhart-Goshen, IN Metro Area",55930,173,54473,1134,38773,2697,4544,1831,11156,2190,1457,1123
310M200US21300,21300,"Elmira, NY Metro Area",19254,311,18570,717,10989,1121,448,307,7133,1067,684,606
310M200US21340,21340,"El Paso, TX Metro Area",239958,638,239508,704,153221,6801,13460,3144,72827,6833,450,387
310M200US21500,21500,"Erie, PA Metro Area",60762,250,60667,268,35924,3079,4662,1521,20081,2965,95,126
310M200US21660,21660,"Eugene, OR Metro Area",67994,267,67269,441,46274,2897,5418,1639,15577,2443,725,373
310M200US21700,21700,"Eureka-Arcata-Fortuna, CA Micro Area",25159,602,24491,769,15434,1632,2889,1342,6168,1350,668,526
310M200US21780,21780,"Evansville, IN-KY Metro Area",71462,490,71120,559,47144,2896,6484,2137,17492,2428,342,284
310M200US21820,21820,"Fairbanks, AK Metro Area",24644,265,24241,519,19957,1698,1582,897,2702,1179,403,448
310M200US22020,22020,"Fargo, ND-MN Metro Area",48925,513,48800,516,36071,2728,3740,1929,8989,2081,125,136
310M200US22060,22060,"Faribault-Northfield, MN Micro Area",15267,585,15258,587,8872,1335,1246,924,5140,1638,9,16
310M200US22100,22100,"Farmington, MO Micro Area",14011,529,13368,994,8790,1887,1526,1152,3052,1581,643,914
310M200US22140,22140,"Farmington, NM Metro Area",35042,336,35042,336,21211,1864,3327,1079,10504,1677,0,195
310M200US22180,22180,"Fayetteville, NC Metro Area",99387,260,98821,485,56403,3322,5316,1402,37102,3646,566,439
310M200US22220,22220,"Fayetteville-Springdale-Rogers, AR-MO Metro Area",127430,1458,126474,1669,92848,4429,8506,2539,25120,3993,956,770
310M200US22300,22300,"Findlay, OH Micro Area",17780,647,16759,540,10679,1813,2304,1438,3776,1313,1021,725
310M200US22380,22380,"Flagstaff, AZ Metro Area",29450,527,29326,561,16991,1852,3091,1313,9244,1931,124,158
310M200US22420,22420,"Flint, MI Metro Area",98190,252,95992,1225,47509,3346,7376,1950,41107,3489,2198,1205
310M200US22500,22500,"Florence, SC Metro Area",49103,706,49008,731,25155,2635,2931,1229,20922,2547,95,155
310M200US22520,22520,"Florence-Muscle Shoals, AL Metro Area",30454,922,30341,933,20054,2196,2264,1213,8023,2025,113,179
310M200US22540,22540,"Fond du Lac, WI Metro Area",22327,323,22049,392,16405,1623,2207,996,3437,1403,278,254
310M200US22580,22580,"Forest City, NC Micro Area",14342,7,14164,223,8561,1429,1219,750,4384,1432,178,222
310M200US22660,22660,"Fort Collins, CO Metro Area",65074,150,64537,583,47953,3079,5154,1786,11430,2790,537,561
310M200US22900,22900,"Fort Smith, AR-OK Metro Area",68919,257,68209,561,43793,2700,6258,1446,18158,2584,710,510
310M200US23060,23060,"Fort Wayne, IN Metro Area",109691,424,107786,1264,71621,3497,7678,2140,28487,2723,1905,1129
310M200US23180,23180,"Frankfort, KY Micro Area",15252,1295,15252,1295,9156,1608,947,742,5149,1782,0,189
310M200US23420,23420,"Fresno, CA Metro Area",277413,381,275161,1460,158265,8728,34563,6443,82333,7310,2252,1368
310M200US23460,23460,"Gadsden, AL Metro Area",22766,258,22705,297,13905,1567,2627,1086,6173,1250,61,101
310M200US23540,23540,"Gainesville, FL Metro Area",50974,1501,50214,1813,32796,2446,4316,1835,13102,2406,760,933
310M200US23580,23580,"Gainesville, GA Metro Area",50665,360,50295,533,31806,2746,4922,2008,13567,2956,370,367
310M200US23700,23700,"Gallup, NM Micro Area",21959,655,21959,655,11422,1807,1721,623,8816,1848,0,195
310M200US23900,23900,"Gettysburg, PA Metro Area",21286,217,20810,550,14785,1300,1670,797,4355,1156,476,495
310M200US24020,24020,"Glens Falls, NY Metro Area",25199,302,25101,335,14549,1715,2512,1089,8040,1711,98,127
310M200US24060,24060,"Glenwood Springs, CO Micro Area",17852,1244,17852,1244,14153,1763,694,625,3005,1083,0,195
310M200US24140,24140,"Goldsboro, NC Metro Area",30822,882,29859,1221,14273,1939,2639,1423,12947,1872,963,822
310M200US24220,24220,"Grand Forks, ND-MN Metro Area",20948,271,20820,328,15625,1150,1486,785,3709,1020,128,165
310M200US24260,24260,"Grand Island, NE Metro Area",22320,349,21475,863,14527,1683,1563,866,5385,1724,845,773
310M200US24300,24300,"Grand Junction, CO Metro Area",32850,509,32492,585,19190,2372,2359,1251,10943,2539,358,309
310M200US24340,24340,"Grand Rapids-Wyoming, MI Metro Area",254506,621,251918,1408,179917,4190,20780,3609,51221,4484,2588,1285
310M200US24420,24420,"Grants Pass, OR Metro Area",16485,380,15944,634,9560,1847,1102,707,5282,1773,541,492
310M200US24500,24500,"Great Falls, MT Metro Area",18286,117,18144,233,12775,1446,1438,603,3931,1398,142,206
310M200US24540,24540,"Greeley, CO Metro Area",72689,175,72039,405,49696,3107,6725,1962,15618,2923,650,372
310M200US24580,24580,"Green Bay, WI Metro Area",74482,238,74039,400,51545,3151,7915,1716,14579,2866,443,355
310M200US24620,24620,"Greeneville, TN Micro Area",13736,591,13550,612,10374,1326,1041,678,2135,973,186,227
310M200US24640,24640,"Greenfield Town, MA Micro Area",13197,162,13197,162,8325,936,1291,645,3581,984,0,203
310M200US24660,24660,"Greensboro-High Point, NC Metro Area",168335,481,166487,1093,98634,5006,14565,3173,53288,4212,1848,943
310M200US24780,24780,"Greenville, NC Metro Area",38228,313,38228,313,21148,1935,3259,1768,13821,1910,0,201
310M200US24860,24860,"Greenville-Anderson-Mauldin, SC Metro Area",194409,650,193820,757,124358,4961,13256,2848,56206,4151,589,359
310M200US24940,24940,"Greenwood, SC Micro Area",20664,603,20036,1187,9665,1437,1679,1053,8692,1650,628,918
310M200US25020,25020,"Guayama, PR Metro Area",18397,1192,18397,1192,6864,1638,1309,920,10224,1710,0,225
310M200US25060,25060,"Gulfport-Biloxi-Pascagoula, MS Metro Area",92267,429,91198,1091,52329,3756,7122,2136,31747,3255,1069,998
310M200US25180,25180,"Hagerstown-Martinsburg, MD-WV Metro Area",59116,333,57743,1031,40164,2727,6594,2563,10985,2309,1373,977
310M200US25220,25220,"Hammond, LA Metro Area",30945,188,30779,275,18299,2041,2664,1326,9816,1844,166,203
310M200US25260,25260,"Hanford-Corcoran, CA Metro Area",41825,97,41217,714,24827,2800,3223,1343,13167,2927,608,708
310M200US25420,25420,"Harrisburg-Carlisle, PA Metro Area",119539,336,118242,698,81340,4051,9491,2051,27411,3717,1297,589
310M200US25500,25500,"Harrisonburg, VA Metro Area",26027,352,25728,453,19588,1371,1218,602,4922,1204,299,273
310M200US25540,25540,"Hartford-West Hartford-East Hartford, CT Metro Area",257745,834,256497,1023,164740,5209,15491,2546,76266,4837,1248,636
310M200US25620,25620,"Hattiesburg, MS Metro Area",36512,1171,36512,1171,20680,2003,3024,1444,12808,2235,0,208
310M200US25740,25740,"Helena, MT Micro Area",16817,701,16817,701,11398,1224,1359,648,4060,1204,0,165
310M200US25840,25840,"Hermiston-Pendleton, OR Micro Area",24041,1171,23615,1227,15047,2000,3315,1389,5253,1384,426,406
310M200US25860,25860,"Hickory-Lenoir-Morganton, NC Metro Area",78586,897,77321,1394,47855,3638,6319,1649,23147,3643,1265,1011
310M200US25900,25900,"Hilo, HI Micro Area",42467,507,42103,601,25365,3199,6218,2102,10520,3127,364,268
310M200US25940,25940,"Hilton Head Island-Bluffton-Beaufort, SC Metro Area",41611,813,41240,920,25524,2625,2670,1379,13046,2570,371,358
310M200US25980,25980,"Hinesville, GA Metro Area",23298,1208,23016,1251,12424,2038,2623,1353,7969,1785,282,411
310M200US26020,26020,"Hobbs, NM Micro Area",20505,406,20445,423,14675,1666,2661,1299,3109,1305,60,139
310M200US26090,26090,"Holland, MI Micro Area",28168,452,27454,576,21974,1265,1388,693,4092,1035,714,371
310M200US26140,26140,"Homosassa Springs, FL Metro Area",21075,148,20974,198,13122,1770,2386,1206,5466,1614,101,132
310M200US26300,26300,"Hot Springs, AR Metro Area",19169,1251,18572,1318,11268,1765,1800,841,5504,1434,597,518
310M200US26380,26380,"Houma-Thibodaux, LA Metro Area",51281,491,50306,1056,28869,3645,5467,1796,15970,3112,975,794
310M200US26420,26420,"Houston-The Woodlands-Sugar Land, TX Metro Area",1716780,1840,1708036,3228,1148578,19624,112720,11508,446738,16958,8744,2772
310M200US26580,26580,"Huntington-Ashland, WV-KY-OH Metro Area",78876,1126,76796,1712,48916,3428,7267,1957,20613,3035,2080,1165
310M200US26620,26620,"Huntsville, AL Metro Area",99745,560,99394,640,65647,4033,9761,2559,23986,3153,351,314
310M200US26660,26660,"Huntsville, TX Micro Area",12519,865,11905,979,7196,1714,1142,949,3567,1768,614,528
310M200US26740,26740,"Hutchinson, KS Micro Area",14792,189,14792,189,11442,830,777,580,2573,712,0,170
310M200US26820,26820,"Idaho Falls, ID Metro Area",43971,766,43971,766,37188,1913,2190,1084,4593,1545,0,193
310M200US26860,26860,"Indiana, PA Micro Area",15937,393,15397,558,12256,1065,1136,768,2005,641,540,351
310M200US26900,26900,"Indianapolis-Carmel-Anderson, IN Metro Area",494481,1416,490494,2293,314936,9272,37701,5242,137857,8750,3987,1790
310M200US26980,26980,"Iowa City, IA Metro Area",33386,255,33208,342,24885,1566,2127,1334,6196,1448,178,200
310M200US27060,27060,"Ithaca, NY Metro Area",16311,535,15968,673,10957,1257,1047,863,3964,1151,343,341
310M200US27100,27100,"Jackson, MI Metro Area",35740,384,35267,590,20635,2049,2860,865,11772,1931,473,423
310M200US27140,27140,"Jackson, MS Metro Area",146399,1979,145452,2137,81739,4806,9197,2378,54516,4540,947,762
310M200US27180,27180,"Jackson, TN Metro Area",30104,276,29875,379,17863,1922,1662,805,10350,1610,229,279
310M200US27260,27260,"Jacksonville, FL Metro Area",316748,1457,312721,3024,197410,6615,23202,4174,92109,7204,4027,2528
310M200US27340,27340,"Jacksonville, NC Metro Area",47279,87,46550,781,33379,3270,2693,1388,10478,3202,729,778
310M200US27460,27460,"Jamestown-Dunkirk-Fredonia, NY Micro Area",27876,144,27097,707,17655,1617,2258,796,7184,1464,779,694
310M200US27500,27500,"Janesville-Beloit, WI Metro Area",38497,8,38303,183,24509,1855,4056,1342,9738,1884,194,183
310M200US27620,27620,"Jefferson City, MO Metro Area",33942,1132,33638,1162,22631,2257,1764,768,9243,2141,304,253
310M200US27740,27740,"Johnson City, TN Metro Area",39305,1221,39004,1206,26646,2473,1968,809,10390,1872,301,264
310M200US27780,27780,"Johnstown, PA Metro Area",26726,251,26273,520,17823,1460,2213,662,6237,1555,453,407
310M200US27860,27860,"Jonesboro, AR Metro Area",30764,366,30483,477,17178,1893,4712,2168,8593,2134,281,332
310M200US27900,27900,"Joplin, MO Metro Area",43937,344,43701,413,31502,2215,3798,1364,8401,1954,236,229
310M200US27980,27980,"Kahului-Wailuku-Lahaina, HI Metro Area",35718,324,35484,396,23355,2417,3349,1408,8780,2149,234,274
310M200US28020,28020,"Kalamazoo-Portage, MI Metro Area",74966,220,74221,476,49907,2286,5920,1449,18394,2137,745,446
310M200US28060,28060,"Kalispell, MT Micro Area",21151,190,20946,361,14042,2039,2152,718,4752,2080,205,316
310M200US28100,28100,"Kankakee, IL Metro Area",27311,264,27274,274,16439,1680,3296,1235,7539,1643,37,65
310M200US28140,28140,"Kansas City, MO-KS Metro Area",512313,1502,508512,2344,335577,7748,38458,4779,134477,7611,3801,1476
310M200US28180,28180,"Kapaa, HI Micro Area",15499,57,15397,159,11209,1288,2119,1016,2069,784,102,147
310M200US28300,28300,"Keene, NH Micro Area",13994,373,13744,541,8172,1484,1382,658,4190,1511,250,285
310M200US28420,28420,"Kennewick-Richland, WA Metro Area",79529,720,78955,932,51237,3519,9409,2755,18309,3275,574,505
310M200US28580,28580,"Key West, FL Micro Area",11416,5,11416,5,7165,1080,671,509,3580,977,0,218
310M200US28660,28660,"Killeen-Temple, TX Metro Area",114431,1366,114144,1384,80726,4269,6032,2229,27386,3895,287,266
310M200US28700,28700,"Kingsport-Bristol-Bristol, TN-VA Metro Area",62203,1091,61562,1289,37530,3245,6161,1522,17871,3107,641,572
310M200US28740,28740,"Kingston, NY Metro Area",33620,648,33468,675,22629,2402,2507,922,8332,2199,152,188
310M200US28900,28900,"Klamath Falls, OR Micro Area",14321,195,14321,195,10328,1245,1407,770,2586,1129,0,200
310M200US28940,28940,"Knoxville, TN Metro Area",180432,1116,178659,1578,126219,5596,12456,2509,39984,5092,1773,1078
310M200US29020,29020,"Kokomo, IN Metro Area",19001,193,18922,231,10767,1647,3424,1702,4731,1081,79,130
310M200US29100,29100,"La Crosse-Onalaska, WI-MN Metro Area",28064,231,27947,244,19700,1717,2182,945,6065,1619,117,122
310M200US29180,29180,"Lafayette, LA Metro Area",120205,729,119579,858,64528,4723,11058,3339,43993,4349,626,452
310M200US29200,29200,"Lafayette-West Lafayette, IN Metro Area",44372,855,43513,1145,31394,2472,3364,1253,8755,2292,859,908
310M200US29300,29300,"LaGrange, GA Micro Area",17998,886,17998,886,8085,2024,1049,801,8864,1969,0,214
310M200US29340,29340,"Lake Charles, LA Metro Area",49644,1016,49409,1090,27727,3112,4016,1683,17666,2690,235,293
310M200US29380,29380,"Lake City, FL Micro Area",14902,353,14706,439,9336,1459,875,695,4495,1291,196,276
310M200US29420,29420,"Lake Havasu City-Kingman, AZ Metro Area",38473,642,38136,778,22844,3290,6543,2496,8749,2626,337,412
310M200US29460,29460,"Lakeland-Winter Haven, FL Metro Area",142820,302,141895,771,82243,5943,12092,3372,47560,5589,925,715
310M200US29540,29540,"Lancaster, PA Metro Area",128414,195,127852,590,98158,3991,6818,1815,22876,3697,562,542
310M200US29620,29620,"Lansing-East Lansing, MI Metro Area",98536,623,97842,862,65268,3408,7299,1812,25275,3159,694,541
310M200US29700,29700,"Laredo, TX Metro Area",90063,376,89877,455,60214,3971,4964,1395,24699,3798,186,246
310M200US29740,29740,"Las Cruces, NM Metro Area",54781,604,53928,907,32768,2841,3821,1782,17339,2528,853,718
310M200US29820,29820,"Las Vegas-Henderson-Paradise, NV Metro Area",489110,274,484766,1643,304106,8361,47914,6375,132746,7780,4344,1650
310M200US29860,29860,"Laurel, MS Micro Area",22761,1280,22761,1280,11849,2298,1530,1072,9382,1971,0,208
310M200US29940,29940,"Lawrence, KS Metro Area",21195,435,20911,630,14005,1663,1580,698,5326,1805,284,405
310M200US30020,30020,"Lawton, OK Metro Area",32227,468,32019,515,18109,2057,1542,628,12368,1936,208,244
310M200US30140,30140,"Lebanon, PA Metro Area",30745,200,30550,387,20339,1615,3091,1188,7120,1411,195,278
310M200US30300,30300,"Lewiston, ID-WA Metro Area",12255,1210,12166,1202,8277,1453,1037,574,2852,836,89,156
310M200US30340,30340,"Lewiston-Auburn, ME Metro Area",23804,221,23729,246,13769,1806,2428,1074,7532,1549,75,118
310M200US30460,30460,"Lexington-Fayette, KY Metro Area",108804,965,108002,1071,72231,3156,7387,1898,28384,3320,802,602
310M200US30620,30620,"Lima, OH Metro Area",24496,209,24195,294,16164,1361,1070,606,6961,1303,301,224
310M200US30700,30700,"Lincoln, NE Metro Area",73938,636,73494,719,52799,3421,7671,2401,13024,2841,444,306
310M200US30780,30780,"Little Rock-North Little Rock-Conway, AR Metro Area",175412,1500,174441,1508,112520,5650,13386,3729,48535,5368,971,629
310M200US30860,30860,"Logan, UT-ID Metro Area",40933,653,40933,653,35316,1669,1726,994,3891,1483,0,190
310M200US30940,30940,"London, KY Micro Area",30261,1050,30261,1050,18629,2029,2680,1369,8952,1904,0,189
310M200US30980,30980,"Longview, TX Metro Area",53846,371,53437,566,33837,3286,2372,1183,17228,3259,409,397
310M200US31020,31020,"Longview, WA Metro Area",23331,797,23231,809,16445,1591,2104,1103,4682,1481,100,159
310M200US31080,31080,"Los Angeles-Long Beach-Anaheim, CA Metro Area",3042166,964,3029051,2911,1987511,16025,278245,12053,763295,15382,13115,2615
310M200US31140,31140,"Louisville/Jefferson County, KY-IN Metro Area",290294,2418,287491,2573,184925,6154,24637,3938,77929,6122,2803,1023
310M200US31180,31180,"Lubbock, TX Metro Area",74059,1047,73783,1040,49379,4040,4865,1682,19539,3611,276,196
310M200US31260,31260,"Lufkin, TX Micro Area",23119,133,23119,133,13010,2097,1781,1186,8328,2242,0,213
310M200US31300,31300,"Lumberton, NC Micro Area",35036,134,34788,332,16594,1987,2969,1127,15225,1942,248,310
310M200US31340,31340,"Lynchburg, VA Metro Area",55791,2235,55416,2354,36888,3098,2954,1350,15574,2822,375,521
310M200US31420,31420,"Macon, GA Metro Area",56343,1576,56316,1577,28374,2229,3325,1445,24617,2283,27,44
310M200US31460,31460,"Madera, CA Metro Area",42753,479,42753,479,29267,2455,2961,1344,10525,2471,0,203
310M200US31540,31540,"Madison, WI Metro Area",134837,359,134315,463,98138,3501,9675,2334,26502,3059,522,304
310M200US31700,31700,"Manchester-Nashua, NH Metro Area",89019,224,88838,290,61314,3616,7105,2465,20419,2857,181,191
310M200US31740,31740,"Manhattan, KS Metro Area",19317,622,19317,622,15122,1104,1290,826,2905,1125,0,170
310M200US31820,31820,"Manitowoc, WI Micro Area",17160,308,16988,391,13272,1263,808,770,2908,1154,172,226
310M200US31860,31860,"Mankato-North Mankato, MN Metro Area",20235,396,19851,467,15633,1003,1017,428,3201,897,384,275
310M200US31900,31900,"Mansfield, OH Metro Area",26206,365,25985,437,15994,2055,1725,1068,8266,1948,221,198
310M200US31940,31940,"Marinette, WI-MI Micro Area",12734,228,12526,368,7433,952,1776,626,3317,1067,208,261
310M200US31980,31980,"Marion, IN Micro Area",14570,3,13943,710,8228,1168,973,732,4742,1193,627,710
310M200US32020,32020,"Marion, OH Micro Area",13749,264,13326,586,9317,1417,1623,1105,2386,969,423,549
310M200US32100,32100,"Marquette, MI Micro Area",12321,271,12225,306,9144,774,975,441,2106,715,96,115
310M200US32220,32220,"Marshall, TX Micro Area",16777,144,16409,553,10144,1471,1328,951,4937,1373,368,535
310M200US32300,32300,"Martinsville, VA Micro Area",13697,872,13697,872,6721,1578,1862,945,5114,1300,0,198
310M200US32420,32420,"Mayagüez, PR Metro Area",19376,973,19295,1006,7566,1542,1620,1010,10109,1642,81,129
310M200US32580,32580,"McAllen-Edinburg-Mission, TX Metro Area",277332,247,277011,466,188435,7698,10925,2204,77651,7364,321,389
310M200US32740,32740,"Meadville, PA Micro Area",18802,199,18516,349,13732,1216,2015,953,2769,705,286,271
310M200US32780,32780,"Medford, OR Metro Area",44476,519,44383,544,25901,3162,3031,1268,15451,3093,93,156
310M200US32820,32820,"Memphis, TN-MS-AR Metro Area",344568,1808,343256,1919,179637,7957,25842,3929,137777,8099,1312,620
310M200US32900,32900,"Merced, CA Metro Area",79753,458,79268,576,47957,4186,7059,2183,24252,4035,485,419
310M200US32940,32940,"Meridian, MS Micro Area",23760,1660,23760,1660,11602,2210,1868,1045,10290,2018,0,208
310M200US33100,33100,"Miami-Fort Lauderdale-West Palm Beach, FL Metro Area",1214986,1016,1209327,2221,736865,14616,104946,8863,367516,12682,5659,2041
310M200US33140,33140,"Michigan City-La Porte, IN Metro Area",24472,200,24364,250,15914,1574,2098,850,6352,1344,108,150
310M200US33220,33220,"Midland, MI Metro Area",18440,210,18269,260,12958,1217,1607,679,3704,1190,171,153
310M200US33260,33260,"Midland, TX Metro Area",42899,805,42582,869,27337,3505,4495,2113,10750,2705,317,376
310M200US33340,33340,"Milwaukee-Waukesha-West Allis, WI Metro Area",373269,569,369448,1394,231375,5043,25915,3281,112158,5652,3821,1218
310M200US33460,33460,"Minneapolis-St. Paul-Bloomington, MN-WI Metro Area",838117,1599,831049,2352,598237,8289,57964,5246,174848,8642,7068,1519
310M200US33500,33500,"Minot, ND Micro Area",17032,835,17001,837,13194,1431,1815,1025,1992,826,31,49
310M200US33540,33540,"Missoula, MT Metro Area",21434,287,21230,393,13137,1846,2521,1203,5572,1783,204,258
310M200US33660,33660,"Mobile, AL Metro Area",99735,182,99589,262,53573,4175,6371,1836,39645,3614,146,186
310M200US33700,33700,"Modesto, CA Metro Area",144862,258,143228,975,88109,6045,14923,3564,40196,5585,1634,984
310M200US33740,33740,"Monroe, LA Metro Area",44501,854,44206,952,24102,2313,2034,1074,18070,2397,295,359
310M200US33780,33780,"Monroe, MI Metro Area",34202,196,32570,1217,21839,2159,3752,1357,6979,1601,1632,1217
310M200US33860,33860,"Montgomery, AL Metro Area",91381,757,91063,823,48870,3437,6222,2203,35971,3687,318,281
310M200US33980,33980,"Morehead City, NC Micro Area",12672,138,12400,454,8376,1186,1072,596,2952,1045,272,441
310M200US34060,34060,"Morgantown, WV Metro Area",22951,565,22931,568,16862,1474,1101,565,4968,1313,20,33
310M200US34100,34100,"Morristown, TN Metro Area",26215,546,25808,840,16611,2171,2717,1086,6480,2151,407,647
310M200US34180,34180,"Moses Lake, WA Micro Area",28033,40,28033,40,21237,1920,1826,1021,4970,1657,0,198
310M200US34340,34340,"Mount Airy, NC Micro Area",16255,132,16255,132,10816,1133,1659,1045,3780,1006,0,201
310M200US34380,34380,"Mount Pleasant, MI Micro Area",12197,306,11880,373,7148,801,1777,581,2955,761,317,276
310M200US34580,34580,"Mount Vernon-Anacortes, WA Metro Area",26737,217,26528,330,16958,2239,2696,1132,6874,2276,209,237
310M200US34620,34620,"Muncie, IN Metro Area",22248,490,22000,525,14194,1815,651,405,7155,1819,248,215
310M200US34740,34740,"Muskegon, MI Metro Area",41053,318,40617,476,22410,2322,3885,2007,14322,2149,436,340
310M200US34780,34780,"Muskogee, OK Micro Area",17242,120,16877,378,10063,1385,968,430,5846,1376,365,353
310M200US34820,34820,"Myrtle Beach-Conway-North Myrtle Beach, SC-NC Metro Area",77135,583,76214,1091,46014,2708,6351,1881,23849,2593,921,948
310M200US34860,34860,"Nacogdoches, TX Micro Area",15225,129,15225,129,10620,1312,1255,831,3350,1173,0,213
310M200US34900,34900,"Napa, CA Metro Area",30506,358,30433,368,22070,2187,2824,1578,5539,1889,73,92
310M200US34940,34940,"Naples-Immokalee-Marco Island, FL Metro Area",63242,524,62942,593,38132,2985,8587,2542,16223,2646,300,285
310M200US34980,34980,"Nashville-Davidson--Murfreesboro--Franklin, TN Metro Area",418333,1304,414314,1773,278732,7856,28989,3860,106593,7414,4019,1168
310M200US35100,35100,"New Bern, NC Metro Area",28298,1176,28127,1129,16626,1968,1909,1147,9592,1924,171,202
310M200US35260,35260,"New Castle, PA Micro Area",18124,652,17907,671,9934,1594,2097,1737,5876,1575,217,200
310M200US35300,35300,"New Haven-Milford, CT Metro Area",182858,440,182097,672,117665,5315,11043,2724,53389,5343,761,486
310M200US35380,35380,"New Orleans-Metairie, LA Metro Area",280546,946,279479,1088,150866,5777,20619,3611,107994,5256,1067,544
310M200US35420,35420,"New Philadelphia-Dover, OH Micro Area",21311,40,21201,116,14811,1456,1101,616,5289,1499,110,108
310M200US35620,35620,"New York-Newark-Jersey City, NY-NJ-PA Metro Area",4407275,2664,4387735,4481,2958757,22216,290137,13736,1138841,22350,19540,3077
310M200US35660,35660,"Niles-Benton Harbor, MI Metro Area",35194,83,35194,83,21672,1893,1975,653,11547,1825,0,168
310M200US35840,35840,"North Port-Sarasota-Bradenton, FL Metro Area",128018,509,125547,1458,81169,4944,7279,2273,37099,4564,2471,1530
310M200US35900,35900,"North Wilkesboro, NC Micro Area",14717,115,14573,258,11358,979,329,386,2886,898,144,232
310M200US35980,35980,"Norwich-New London, CT Metro Area",56139,302,55911,376,35966,2508,3415,1409,16530,2230,228,236
310M200US36020,36020,"Oak Harbor, WA Micro Area",15171,27,14828,439,11238,1236,960,706,2630,1109,343,437
310M200US36100,36100,"Ocala, FL Metro Area",63194,631,62743,714,39456,3672,3742,2196,19545,3470,451,345
310M200US36140,36140,"Ocean City, NJ Metro Area",17263,145,17212,161,13402,1361,1165,799,2645,1175,51,88
310M200US36220,36220,"Odessa, TX Metro Area",44129,297,44129,297,25613,3262,3849,1746,14667,2926,0,213
310M200US36260,36260,"Ogden-Clearfield, UT Metro Area",197631,893,196873,1041,159741,4437,10975,3109,26157,3511,758,542
310M200US36300,36300,"Ogdensburg-Massena, NY Micro Area",22848,234,22637,324,15863,1825,2093,988,4681,1405,211,221
310M200US36420,36420,"Oklahoma City, OK Metro Area",327827,365,324755,1361,216846,5854,27767,4106,80142,5008,3072,1274
310M200US36460,36460,"Olean, NY Micro Area",17891,134,17713,198,11250,1185,2431,853,4032,960,178,126
310M200US36500,36500,"Olympia-Tumwater, WA Metro Area",58144,138,57623,515,41021,3244,4945,2129,11657,2701,521,498
310M200US36540,36540,"Omaha-Council Bluffs, NE-IA Metro Area",231268,925,230432,990,159718,5396,15167,2965,55547,4577,836,444
310M200US36660,36660,"Opelousas, LA Micro Area",21875,95,21680,262,9640,1525,2192,1185,9848,1311,195,250
310M200US36700,36700,"Orangeburg, SC Micro Area",20486,419,20454,417,10399,2059,2141,1420,7914,1840,32,55
310M200US36740,36740,"Orlando-Kissimmee-Sanford, FL Metro Area",512116,525,506236,2373,321691,10397,35507,5891,149038,9867,5880,2347
310M200US36780,36780,"Oshkosh-Neenah, WI Metro Area",35644,265,35445,309,22847,2016,3716,1405,8882,1975,199,152
310M200US36860,36860,"Ottawa-Peru, IL Micro Area",33337,446,32672,636,22876,1619,3128,931,6668,1697,665,455
310M200US36980,36980,"Owensboro, KY Metro Area",28261,1134,27708,1278,18568,1996,2285,989,6855,1849,553,561
310M200US37020,37020,"Owosso, MI Micro Area",15340,203,15264,249,11965,902,659,484,2640,869,76,123
310M200US37100,37100,"Oxnard-Thousand Oaks-Ventura, CA Metro Area",205827,393,204953,678,148529,5259,16165,3008,40259,5304,874,529
310M200US37140,37140,"Paducah, KY-IL Micro Area",20634,1189,20634,1189,13778,1591,995,541,5861,1369,0,190
310M200US37260,37260,"Palatka, FL Micro Area",16289,358,16202,382,7636,2080,1734,1287,6832,1676,87,146
310M200US37340,37340,"Palm Bay-Melbourne-Titusville, FL Metro Area",103330,470,102720,549,64262,5014,5274,1707,33184,5195,610,443
310M200US37460,37460,"Panama City, FL Metro Area",39840,1027,39705,1039,24306,2572,2441,918,12958,2499,135,178
310M200US37620,37620,"Parkersburg-Vienna, WV Metro Area",19744,767,19387,769,11504,1381,2209,1115,5674,1380,357,361
310M200US37860,37860,"Pensacola-Ferry Pass-Brent, FL Metro Area",100750,547,98806,1619,63201,4511,8953,2227,26652,3892,1944,1532
310M200US37900,37900,"Peoria, IL Metro Area",90086,705,89185,889,61596,2702,5876,1701,21713,2376,901,507
310M200US37980,37980,"Philadelphia-Camden-Wilmington, PA-NJ-DE-MD Metro Area",1353714,1475,1346569,2496,854036,11368,95348,7667,397185,11180,7145,1953
310M200US38060,38060,"Phoenix-Mesa-Scottsdale, AZ Metro Area",1112608,525,1106153,2226,719666,14217,95893,9001,290594,12435,6455,2087
310M200US38220,38220,"Pine Bluff, AR Metro Area",21511,765,21031,942,10434,1622,1602,844,8995,1719,480,572
310M200US38240,38240,"Pinehurst-Southern Pines, NC Micro Area",19511,366,19511,366,15420,1515,920,601,3171,1510,0,201
310M200US38300,38300,"Pittsburgh, PA Metro Area",457848,793,453011,1350,310965,6344,27196,2926,114850,6399,4837,1089
310M200US38340,38340,"Pittsfield, MA Metro Area",23261,289,23210,298,14393,1406,2130,780,6687,1394,51,68
310M200US38460,38460,"Plattsburgh, NY Micro Area",14992,241,14871,274,8509,1445,2462,1309,3900,1322,121,137
310M200US38540,38540,"Pocatello, ID Metro Area",22022,155,21952,190,16383,1392,1218,686,4351,1199,70,114
310M200US38660,38660,"Ponce, PR Metro Area",78079,1183,77795,1244,35891,3137,5438,1310,36466,3219,284,339
310M200US38820,38820,"Port Angeles, WA Micro Area",12864,403,12551,435,6727,1363,1258,676,4566,1445,313,271
310M200US38860,38860,"Portland-South Portland, ME Metro Area",102950,807,102701,859,71622,4268,10002,3018,21077,3702,249,247
310M200US38900,38900,"Portland-Vancouver-Hillsboro, OR-WA Metro Area",527335,1334,522411,2057,378999,7818,36458,4294,106954,7389,4924,1499
310M200US38940,38940,"Port St. Lucie, FL Metro Area",86774,109,86018,694,48211,4482,6456,2627,31351,4201,756,683
310M200US39020,39020,"Portsmouth, OH Micro Area",17097,227,16780,403,10805,1452,1851,1252,4124,1258,317,332
310M200US39060,39060,"Pottsville, PA Micro Area",28680,81,28104,462,18118,1510,2964,1032,7022,1520,576,459
310M200US39140,39140,"Prescott, AZ Metro Area",37850,539,37084,800,25301,2415,4317,1739,7466,1912,766,603
310M200US39300,39300,"Providence-Warwick, RI-MA Metro Area",329581,1060,327554,1305,202160,6419,26802,4096,98592,5289,2027,828
310M200US39340,39340,"Provo-Orem, UT Metro Area",195319,868,194070,1277,170932,3417,5602,2041,17536,3148,1249,836
310M200US39380,39380,"Pueblo, CO Metro Area",37726,256,37321,505,20620,2408,4003,1269,12698,2195,405,459
310M200US39460,39460,"Punta Gorda, FL Metro Area",21918,154,21091,677,11841,1993,4294,2066,4956,1624,827,670
310M200US39500,39500,"Quincy, IL-MO Micro Area",16691,968,16691,968,11846,936,1696,989,3149,897,0,190
310M200US39540,39540,"Racine, WI Metro Area",46956,178,46565,348,30234,2321,4274,1799,12057,2139,391,316
310M200US39580,39580,"Raleigh, NC Metro Area",307849,496,305647,1334,211769,7292,22868,4217,71010,7095,2202,1167
310M200US39660,39660,"Rapid City, SD Metro Area",33226,1537,32800,1636,19828,1887,2859,1081,10113,2018,426,396
310M200US39740,39740,"Reading, PA Metro Area",94532,247,93541,672,59521,3315,9362,2387,24658,3436,991,625
310M200US39820,39820,"Redding, CA Metro Area",38607,135,38165,454,24582,2658,2262,1687,11321,2432,442,439
310M200US39900,39900,"Reno, NV Metro Area",99272,684,97530,1115,66343,3934,8809,1998,22378,3513,1742,980
310M200US39980,39980,"Richmond, IN Micro Area",15185,133,14985,271,10349,1005,478,266,4158,989,200,237
310M200US40060,40060,"Richmond, VA Metro Area",281228,3032,276291,3523,170877,6757,16765,3263,88649,5781,4937,1958
310M200US40080,40080,"Richmond-Berea, KY Micro Area",22417,1000,22254,1062,15755,1587,2063,1050,4436,1062,163,183
310M200US40140,40140,"Riverside-San Bernardino-Ontario, CA Metro Area",1190879,583,1180088,3333,780992,14811,109745,8059,289351,13511,10791,3265
310M200US40220,40220,"Roanoke, VA Metro Area",65015,1546,64677,1483,41925,3535,4813,2168,17939,3056,338,329
310M200US40260,40260,"Roanoke Rapids, NC Micro Area",15288,738,15181,721,5137,1179,2118,964,7926,1473,107,173
310M200US40340,40340,"Rochester, MN Metro Area",52688,303,52482,339,39272,1903,4373,1686,8837,1381,206,192
310M200US40380,40380,"Rochester, NY Metro Area",232206,644,230797,868,139587,5358,18258,3170,72952,4741,1409,573
310M200US40420,40420,"Rockford, IL Metro Area",84715,286,84185,455,52055,3442,6184,1763,25946,3346,530,389
310M200US40580,40580,"Rocky Mount, NC Metro Area",34473,835,34400,858,17521,2622,2700,1413,14179,2901,73,143
310M200US40660,40660,"Rome, GA Metro Area",22482,350,21914,654,13558,1842,1225,775,7131,1589,568,575
310M200US40700,40700,"Roseburg, OR Micro Area",21159,535,20578,711,13153,1886,2774,1507,4651,1473,581,466
310M200US40740,40740,"Roswell, NM Micro Area",17727,506,17727,506,11193,1650,1022,591,5512,1847,0,195
310M200US40780,40780,"Russellville, AR Micro Area",19467,998,19305,1061,13389,1419,1296,762,4620,1312,162,197
310M200US40900,40900,"Sacramento--Roseville--Arden-Arcade, CA Metro Area",528655,959,524213,2909,355425,9239,42030,5567,126758,7892,4442,2441
310M200US40980,40980,"Saginaw, MI Metro Area",43409,175,43116,422,24432,2001,3112,1630,15572,2063,293,392
310M200US41060,41060,"St. Cloud, MN Metro Area",44238,560,43932,634,30881,2057,3221,1020,9830,1723,306,276
310M200US41100,41100,"St. George, UT Metro Area",42656,639,42412,683,34873,2102,954,629,6585,2026,244,323
310M200US41140,41140,"St. Joseph, MO-KS Metro Area",29081,561,28442,820,18495,1977,1110,718,8837,1885,639,522
310M200US41180,41180,"St. Louis, MO-IL Metro Area",641774,1598,636697,2291,413379,8671,48123,4749,175195,7991,5077,1577
310M200US41400,41400,"Salem, OH Micro Area",22242,144,21930,385,14331,1665,2669,1099,4930,1229,312,347
310M200US41420,41420,"Salem, OR Metro Area",100779,114,100122,507,67079,4111,7557,2989,25486,3930,657,486
310M200US41500,41500,"Salinas, CA Metro Area",113298,426,112975,462,79791,4394,9445,2118,23739,3461,323,253
310M200US41540,41540,"Salisbury, MD-DE Metro Area",76026,850,75286,1008,45992,2958,6177,1887,23117,2784,740,519
310M200US41620,41620,"Salt Lake City, UT Metro Area",328284,503,325563,1539,255415,6774,22858,4359,47290,5473,2721,1500
310M200US41660,41660,"San Angelo, TX Metro Area",27495,501,27467,505,20044,1881,2900,1413,4523,1646,28,50
310M200US41700,41700,"San Antonio-New Braunfels, TX Metro Area",591445,1326,587633,2369,377385,11144,37000,4613,173248,11445,3812,1689
310M200US41740,41740,"San Diego-Carlsbad, CA Metro Area",724050,662,718190,1867,500556,10422,54562,5993,163072,9801,5860,1777
310M200US41780,41780,"Sandusky, OH Micro Area",16012,80,16012,80,9627,1191,782,379,5603,1138,0,190
310M200US41860,41860,"San Francisco-Oakland-Hayward, CA Metro Area",927900,843,923479,1588,676390,10035,67498,6854,179591,9586,4421,1329
310M200US41900,41900,"San Germán, PR Metro Area",28324,903,28324,903,16606,2151,2648,1280,9070,1986,0,225
310M200US41940,41940,"San Jose-Sunnyvale-Santa Clara, CA Metro Area",449669,817,447160,1397,337560,6980,32956,4314,76644,6180,2509,1271
310M200US41980,41980,"San Juan-Carolina-Caguas, PR Metro Area",514140,2100,512630,2426,237960,8042,48489,5063,226181,8058,1510,926
310M200US42020,42020,"San Luis Obispo-Paso Robles-Arroyo Grande, CA Metro Area",49751,1042,49654,1051,36231,2806,2911,1448,10512,2496,97,129
310M200US42100,42100,"Santa Cruz-Watsonville, CA Metro Area",55763,701,54693,1104,39988,2910,2761,1150,11944,2736,1070,931
310M200US42140,42140,"Santa Fe, NM Metro Area",29565,193,29463,250,15314,1953,3474,912,10675,1997,102,164
310M200US42200,42200,"Santa Maria-Santa Barbara, CA Metro Area",98073,488,97756,636,65522,4613,10551,2631,21683,4005,317,347
310M200US42220,42220,"Santa Rosa, CA Metro Area",103137,333,102640,559,69664,5148,10391,3566,22585,3878,497,468
310M200US42340,42340,"Savannah, GA Metro Area",86807,948,86203,1066,50262,3576,7385,1580,28556,3411,604,493
310M200US42540,42540,"Scranton--Wilkes-Barre--Hazleton, PA Metro Area",111496,207,110393,494,65750,3971,9790,2331,34853,4026,1103,486
310M200US42620,42620,"Searcy, AR Micro Area",18377,234,18377,234,14101,1390,883,604,3393,1170,0,192
310M200US42660,42660,"Seattle-Tacoma-Bellevue, WA Metro Area",801160,769,796697,1386,579835,10273,60169,6474,156693,9791,4463,1071
310M200US42680,42680,"Sebastian-Vero Beach, FL Metro Area",25449,368,25072,486,15695,2094,2484,1093,6893,1738,377,376
310M200US42700,42700,"Sebring, FL Metro Area",17184,313,16950,384,9866,1638,1007,677,6077,1774,234,250
310M200US42860,42860,"Seneca, SC Micro Area",15256,81,15256,81,8201,2080,2991,1559,4064,1818,0,204
310M200US42940,42940,"Sevierville, TN Micro Area",20117,455,19921,459,12444,2221,2382,1252,5095,1874,196,191
310M200US43060,43060,"Shawnee, OK Micro Area",17299,160,17184,218,10932,1047,1014,372,5238,1008,115,129
310M200US43100,43100,"Sheboygan, WI Metro Area",26593,537,26423,543,18583,1773,2452,940,5388,1591,170,160
310M200US43140,43140,"Shelby, NC Micro Area",21939,197,21939,197,12939,1781,2630,1389,6370,1400,0,201
310M200US43300,43300,"Sherman-Denison, TX Metro Area",28709,314,28709,314,16827,1765,3476,1265,8406,1699,0,213
310M200US43320,43320,"Show Low, AZ Micro Area",30130,161,30120,161,14601,2184,1551,833,13968,2219,10,21
310M200US43340,43340,"Shreveport-Bossier City, LA Metro Area",109386,500,109183,577,57017,3593,9246,2609,42920,3816,203,279
310M200US43420,43420,"Sierra Vista-Douglas, AZ Metro Area",29131,341,28994,475,20117,2071,2307,1058,6570,1787,137,237
310M200US43580,43580,"Sioux City, IA-NE-SD Metro Area",44639,1441,44295,1478,28630,2555,3793,1259,11872,2346,344,304
310M200US43620,43620,"Sioux Falls, SD Metro Area",62679,373,62067,545,46451,2493,3756,1093,11860,2340,612,448
310M200US43740,43740,"Somerset, PA Micro Area",14240,255,13993,361,10961,848,1231,649,1801,548,247,235
310M200US43780,43780,"South Bend-Mishawaka, IN-MI Metro Area",75385,433,74526,658,47490,3129,5558,1979,21478,3091,859,499
310M200US43900,43900,"Spartanburg, SC Metro Area",75055,293,74088,813,43896,3747,4127,1306,26065,3732,967,747
310M200US44060,44060,"Spokane-Spokane Valley, WA Metro Area",121414,909,120049,1354,83767,4224,9368,2362,26914,3803,1365,829
310M200US44100,44100,"Springfield, IL Metro Area",48482,618,47827,770,29101,2451,4046,1420,14680,2492,655,465
310M200US44140,44140,"Springfield, MA Metro Area",130550,573,129635,856,70567,3820,12814,2887,46254,3539,915,549
310M200US44180,44180,"Springfield, MO Metro Area",101848,1572,100923,1688,69938,4239,8044,2262,22941,3519,925,590
310M200US44220,44220,"Springfield, OH Metro Area",31179,173,30995,181,18985,1888,2686,1089,9324,1809,184,145
310M200US44300,44300,"State College, PA Metro Area",23705,284,23662,295,18489,1324,1184,587,3989,1121,43,72
310M200US44340,44340,"Statesboro, GA Micro Area",14617,214,14421,305,8039,1425,1010,732,5372,1203,196,250
310M200US44420,44420,"Staunton-Waynesboro, VA Metro Area",23459,1625,23459,1625,15147,1811,3176,1570,5136,1544,0,198
310M200US44620,44620,"Stevens Point, WI Micro Area",14101,91,13993,165,11248,785,1079,447,1666,622,108,129
310M200US44660,44660,"Stillwater, OK Micro Area",16023,572,15889,661,11818,1330,1504,822,2567,1211,134,216
310M200US44700,44700,"Stockton-Lodi, CA Metro Area",197234,786,196421,933,130012,5768,18243,3753,48166,4963,813,560
310M200US44940,44940,"Sumter, SC Metro Area",26474,259,26409,261,13810,2273,1186,789,11413,2223,65,92
310M200US44980,44980,"Sunbury, PA Micro Area",18600,235,18515,282,11528,1495,1667,798,5320,1430,85,119
310M200US45060,45060,"Syracuse, NY Metro Area",143975,624,142862,733,91547,4271,11366,2431,39949,3796,1113,351
310M200US45180,45180,"Talladega-Sylacauga, AL Micro Area",19265,1186,18714,1344,11916,1482,1579,739,5219,1524,551,827
310M200US45220,45220,"Tallahassee, FL Metro Area",74439,1476,74147,1502,41370,3944,3723,1294,29054,3925,292,329
310M200US45300,45300,"Tampa-St. Petersburg-Clearwater, FL Metro Area",591236,610,583941,2043,358591,10745,51505,6324,173845,10675,7295,1877
310M200US45460,45460,"Terre Haute, IN Metro Area",34845,1250,34379,1322,24293,1946,3362,1455,6724,1509,466,518
310M200US45500,45500,"Texarkana, TX-AR Metro Area",35416,1261,35342,1270,19453,1623,1228,586,14661,2112,74,108
310M200US45540,45540,"The Villages, FL Metro Area",8126,126,8084,147,5400,1124,883,649,1801,810,42,77
310M200US45780,45780,"Toledo, OH Metro Area",138371,317,137877,439,83996,4682,9683,2487,44198,4351,494,321
310M200US45820,45820,"Topeka, KS Metro Area",56943,604,56629,647,39289,2809,4078,1321,13262,2502,314,278
310M200US45860,45860,"Torrington, CT Micro Area",37180,207,36758,508,30281,1893,2018,1104,4459,1661,422,454
310M200US45900,45900,"Traverse City, MI Micro Area",29939,909,29713,943,19901,1958,2974,1104,6838,1812,226,217
310M200US45940,45940,"Trenton, NJ Metro Area",81053,161,80753,384,56676,3169,3143,1248,20934,3090,300,351
310M200US46020,46020,"Truckee-Grass Valley, CA Micro Area",17676,377,17676,377,13629,1611,923,976,3124,1330,0,203
310M200US46060,46060,"Tucson, AZ Metro Area",217675,617,215375,1233,129283,6094,20076,3350,66016,5813,2300,1115
310M200US46100,46100,"Tullahoma-Manchester, TN Micro Area",22971,551,22914,568,14391,1874,1490,744,7033,1900,57,112
310M200US46140,46140,"Tulsa, OK Metro Area",241325,752,239732,805,158073,3934,18650,1973,63009,3710,1593,515
310M200US46180,46180,"Tupelo, MS Micro Area",35655,993,35642,996,23155,2366,2034,942,10453,2133,13,23
310M200US46220,46220,"Tuscaloosa, AL Metro Area",50501,1509,50463,1509,28635,2778,2842,1350,18986,3115,38,56
310M200US46300,46300,"Twin Falls, ID Micro Area",27939,1687,27853,1708,21158,2243,1832,944,4863,1512,86,136
310M200US46340,46340,"Tyler, TX Metro Area",53819,340,53697,370,36221,3045,4648,2007,12828,2504,122,147
310M200US46380,46380,"Ukiah, CA Micro Area",18284,461,17923,705,12156,1620,1172,669,4595,1465,361,340
310M200US46520,46520,"Urban Honolulu, HI Metro Area",212017,1048,210525,1308,158728,4662,13462,3030,38335,4291,1492,801
310M200US46540,46540,"Utica-Rome, NY Metro Area",62915,335,62397,532,34589,2473,7781,2126,20027,2327,518,323
310M200US46660,46660,"Valdosta, GA Metro Area",36969,1058,36324,1284,20721,1963,2142,1050,13461,2372,645,563
310M200US46700,46700,"Vallejo-Fairfield, CA Metro Area",98685,257,98123,482,63594,3661,9253,2274,25276,3279,562,425
310M200US47020,47020,"Victoria, TX Metro Area",24136,439,23843,607,14938,1892,2233,868,6672,1671,293,340
310M200US47220,47220,"Vineland-Bridgeton, NJ Metro Area",37120,389,36890,560,20285,2754,4362,2116,12243,2530,230,297
310M200US47260,47260,"Virginia Beach-Norfolk-Newport News, VA-NC Metro Area",385999,1898,383153,2287,232035,6580,23072,3041,128046,6561,2846,914
310M200US47300,47300,"Visalia-Porterville, CA Metro Area",144140,223,143273,900,91445,5017,12994,3108,38834,4687,867,892
310M200US47380,47380,"Waco, TX Metro Area",62544,1162,62363,1232,36846,3214,5201,2290,20316,2766,181,325
310M200US47460,47460,"Walla Walla, WA Metro Area",13385,587,13385,587,7608,1523,1409,648,4368,1534,0,198
310M200US47580,47580,"Warner Robins, GA Metro Area",46035,1414,45847,1500,26758,2874,1551,991,17538,3069,188,322
310M200US47700,47700,"Warsaw, IN Micro Area",18890,532,18871,537,12885,1149,2065,926,3921,1026,19,31
310M200US47900,47900,"Washington-Arlington-Alexandria, DC-VA-MD-WV Metro Area",1387475,2145,1380926,2574,980465,13730,94444,7582,306017,12010,6549,1781
310M200US47940,47940,"Waterloo-Cedar Falls, IA Metro Area",37126,301,37002,307,26605,1590,2462,885,7935,1195,124,115
310M200US48020,48020,"Watertown-Fort Atkinson, WI Micro Area",19325,308,18919,395,13995,1141,1153,560,3771,1025,406,303
310M200US48060,48060,"Watertown-Fort Drum, NY Metro Area",29824,371,29510,510,20281,2005,2853,1203,6376,1753,314,286
310M200US48140,48140,"Wausau, WI Metro Area",32048,23,31663,267,24140,1534,2318,779,5205,1487,385,268
310M200US48260,48260,"Weirton-Steubenville, WV-OH Metro Area",25254,1123,24810,1196,14477,1594,1446,723,8887,1758,444,410
310M200US48300,48300,"Wenatchee, WA Metro Area",28559,546,28414,565,20952,2148,2597,1591,4865,1706,145,215
310M200US48540,48540,"Wheeling, WV-OH Metro Area",27572,413,27052,761,17821,1577,2458,1095,6773,1400,520,579
310M200US48580,48580,"Whitewater-Elkhorn, WI Micro Area",22996,260,22900,292,16803,1541,1127,558,4970,1469,96,117
310M200US48620,48620,"Wichita, KS Metro Area",167646,812,167036,932,113889,5358,11729,2470,41418,4712,610,529
310M200US48660,48660,"Wichita Falls, TX Metro Area",34430,285,34278,294,21158,1827,1852,960,11268,1785,152,130
310M200US48700,48700,"Williamsport, PA Metro Area",23739,112,23541,165,15801,1709,2017,781,5723,1816,198,133
310M200US48900,48900,"Wilmington, NC Metro Area",54165,142,54028,271,32189,2352,6963,1998,14876,2801,137,224
310M200US48980,48980,"Wilson, NC Micro Area",19415,28,19346,116,10026,1281,1413,810,7907,1386,69,114
310M200US49020,49020,"Winchester, VA-WV Metro Area",27197,1881,27197,1881,21521,2013,1546,986,4130,1186,0,190
310M200US49180,49180,"Winston-Salem, NC Metro Area",149872,991,148540,1215,94697,4547,10041,2404,43802,4266,1332,905
310M200US49220,49220,"Wisconsin Rapids-Marshfield, WI Micro Area",15792,529,15753,532,10578,1384,2003,1116,3172,1142,39,48
310M200US49300,49300,"Wooster, OH Micro Area",28392,233,28379,233,20361,1848,1790,859,6228,1708,13,23
310M200US49340,49340,"Worcester, MA-CT Metro Area",203524,820,201210,1308,134354,5374,16858,3277,49998,4475,2314,1017
310M200US49420,49420,"Yakima, WA Metro Area",73884,285,73563,485,46424,3751,7201,2257,19938,3766,321,368
310M200US49620,49620,"York-Hanover, PA Metro Area",98920,214,96845,1265,63964,3421,8142,2147,24739,2792,2075,1248
310M200US49660,49660,"Youngstown-Warren-Boardman, OH-PA Metro Area",114665,897,113945,944,68500,3183,11404,2003,34041,2844,720,474
310M200US49700,49700,"Yuba City, CA Metro Area",45876,317,45269,872,33065,2481,3469,1553,8735,1824,607,783
310M200US49740,49740,"Yuma, AZ Metro Area",53614,120,53332,444,38424,2695,4801,1880,10107,2362,282,431
310M200US49780,49780,"Zanesville, OH Micro Area",20077,175,19846,238,12131,1622,1837,874,5878,1524,231,228
