GEO.id,GEO.id2,GEO.display-label,HD01_VD01,HD02_VD01
310M300US10140,10140,"Aberdeen, WA Micro Area",0.4564,0.0482
310M300US10180,10180,"Abilene, TX Metro Area",0.4516,0.0270
310M300US10300,10300,"Adrian, MI Micro Area",0.4336,0.0304
310M300US10380,10380,"Aguadilla-Isabela, PR Metro Area",0.5233,0.0173
310M300US10420,10420,"Akron, OH Metro Area",0.4669,0.0105
310M300US10460,10460,"Alamogordo, NM Micro Area",0.5330,0.0959
310M300US10500,10500,"Albany, GA Metro Area",0.4829,0.0279
310M300US10540,10540,"Albany, OR Metro Area",0.4535,0.0474
310M300US10580,10580,"Albany-Schenectady-Troy, NY Metro Area",0.4520,0.0097
310M300US10700,10700,"Albertville, AL Micro Area",0.4788,0.0371
310M300US10740,10740,"Albuquerque, NM Metro Area",0.4640,0.0112
310M300US10780,10780,"Alexandria, LA Metro Area",0.4978,0.0237
310M300US10900,10900,"Allentown-Bethlehem-Easton, PA-NJ Metro Area",0.4419,0.0118
310M300US11020,11020,"Altoona, PA Metro Area",0.4395,0.0379
310M300US11100,11100,"Amarillo, TX Metro Area",0.4691,0.0202
310M300US11180,11180,"Ames, IA Metro Area",0.4647,0.0279
310M300US11260,11260,"Anchorage, AK Metro Area",0.4105,0.0154
310M300US11460,11460,"Ann Arbor, MI Metro Area",0.4903,0.0150
310M300US11500,11500,"Anniston-Oxford-Jacksonville, AL Metro Area",0.4692,0.0357
310M300US11540,11540,"Appleton, WI Metro Area",0.4146,0.0191
310M300US11640,11640,"Arecibo, PR Metro Area",0.4742,0.0180
310M300US11700,11700,"Asheville, NC Metro Area",0.4536,0.0149
310M300US11780,11780,"Ashtabula, OH Micro Area",0.4635,0.0395
310M300US11900,11900,"Athens, OH Micro Area",0.4999,0.0395
310M300US11980,11980,"Athens, TX Micro Area",0.4776,0.0645
310M300US12020,12020,"Athens-Clarke County, GA Metro Area",0.5092,0.0227
310M300US12060,12060,"Atlanta-Sandy Springs-Roswell, GA Metro Area",0.4713,0.0049
310M300US12100,12100,"Atlantic City-Hammonton, NJ Metro Area",0.4599,0.0159
310M300US12180,12180,"Auburn, NY Micro Area",0.4138,0.0282
310M300US12220,12220,"Auburn-Opelika, AL Metro Area",0.4773,0.0297
310M300US12260,12260,"Augusta-Richmond County, GA-SC Metro Area",0.4555,0.0105
310M300US12300,12300,"Augusta-Waterville, ME Micro Area",0.4355,0.0241
310M300US12420,12420,"Austin-Round Rock, TX Metro Area",0.4594,0.0079
310M300US12540,12540,"Bakersfield, CA Metro Area",0.4644,0.0132
310M300US12580,12580,"Baltimore-Columbia-Towson, MD Metro Area",0.4539,0.0050
310M300US12620,12620,"Bangor, ME Metro Area",0.4529,0.0294
310M300US12700,12700,"Barnstable Town, MA Metro Area",0.4678,0.0237
310M300US12940,12940,"Baton Rouge, LA Metro Area",0.4882,0.0131
310M300US12980,12980,"Battle Creek, MI Metro Area",0.4545,0.0207
310M300US13020,13020,"Bay City, MI Metro Area",0.4429,0.0346
310M300US13140,13140,"Beaumont-Port Arthur, TX Metro Area",0.4813,0.0194
310M300US13180,13180,"Beaver Dam, WI Micro Area",0.3951,0.0258
310M300US13220,13220,"Beckley, WV Metro Area",0.4370,0.0214
310M300US13380,13380,"Bellingham, WA Metro Area",0.4351,0.0157
310M300US13460,13460,"Bend-Redmond, OR Metro Area",0.4200,0.0274
310M300US13740,13740,"Billings, MT Metro Area",0.4237,0.0154
310M300US13780,13780,"Binghamton, NY Metro Area",0.4590,0.0184
310M300US13820,13820,"Birmingham-Hoover, AL Metro Area",0.4888,0.0127
310M300US13900,13900,"Bismarck, ND Metro Area",0.4550,0.0334
310M300US13980,13980,"Blacksburg-Christiansburg-Radford, VA Metro Area",0.5119,0.0333
310M300US14010,14010,"Bloomington, IL Metro Area",0.4420,0.0167
310M300US14020,14020,"Bloomington, IN Metro Area",0.4976,0.0252
310M300US14100,14100,"Bloomsburg-Berwick, PA Metro Area",0.4516,0.0210
310M300US14140,14140,"Bluefield, WV-VA Micro Area",0.4571,0.0373
310M300US14260,14260,"Boise City, ID Metro Area",0.4612,0.0183
310M300US14460,14460,"Boston-Cambridge-Newton, MA-NH Metro Area",0.4753,0.0041
310M300US14500,14500,"Boulder, CO Metro Area",0.4840,0.0162
310M300US14540,14540,"Bowling Green, KY Metro Area",0.4771,0.0314
310M300US14580,14580,"Bozeman, MT Micro Area",0.5056,0.0350
310M300US14660,14660,"Brainerd, MN Micro Area",0.4838,0.0404
310M300US14700,14700,"Branson, MO Micro Area",0.4458,0.0487
310M300US14740,14740,"Bremerton-Silverdale, WA Metro Area",0.4233,0.0191
310M300US14860,14860,"Bridgeport-Stamford-Norwalk, CT Metro Area",0.5404,0.0091
310M300US15180,15180,"Brownsville-Harlingen, TX Metro Area",0.4899,0.0197
310M300US15260,15260,"Brunswick, GA Metro Area",0.4830,0.0506
310M300US15380,15380,"Buffalo-Cheektowaga-Niagara Falls, NY Metro Area",0.4646,0.0093
310M300US15500,15500,"Burlington, NC Metro Area",0.4336,0.0198
310M300US15540,15540,"Burlington-South Burlington, VT Metro Area",0.4432,0.0192
310M300US15680,15680,"California-Lexington Park, MD Metro Area",0.3917,0.0220
310M300US15940,15940,"Canton-Massillon, OH Metro Area",0.4325,0.0148
310M300US15980,15980,"Cape Coral-Fort Myers, FL Metro Area",0.4717,0.0114
310M300US16020,16020,"Cape Girardeau, MO-IL Metro Area",0.4661,0.0353
310M300US16060,16060,"Carbondale-Marion, IL Metro Area",0.4620,0.0186
310M300US16180,16180,"Carson City, NV Metro Area",0.4235,0.0310
310M300US16220,16220,"Casper, WY Metro Area",0.4335,0.0321
310M300US16300,16300,"Cedar Rapids, IA Metro Area",0.4328,0.0191
310M300US16500,16500,"Centralia, WA Micro Area",0.4140,0.0274
310M300US16540,16540,"Chambersburg-Waynesboro, PA Metro Area",0.4260,0.0382
310M300US16580,16580,"Champaign-Urbana, IL Metro Area",0.4990,0.0218
310M300US16620,16620,"Charleston, WV Metro Area",0.4986,0.0252
310M300US16660,16660,"Charleston-Mattoon, IL Micro Area",0.4543,0.0294
310M300US16700,16700,"Charleston-North Charleston, SC Metro Area",0.4838,0.0153
310M300US16740,16740,"Charlotte-Concord-Gastonia, NC-SC Metro Area",0.4724,0.0086
310M300US16820,16820,"Charlottesville, VA Metro Area",0.4620,0.0170
310M300US16860,16860,"Chattanooga, TN-GA Metro Area",0.4855,0.0159
310M300US16940,16940,"Cheyenne, WY Metro Area",0.3927,0.0226
310M300US16980,16980,"Chicago-Naperville-Elgin, IL-IN-WI Metro Area",0.4832,0.0033
310M300US17020,17020,"Chico, CA Metro Area",0.4888,0.0222
310M300US17060,17060,"Chillicothe, OH Micro Area",0.4579,0.0360
310M300US17140,17140,"Cincinnati, OH-KY-IN Metro Area",0.4663,0.0068
310M300US17200,17200,"Claremont-Lebanon, NH-VT Micro Area",0.4694,0.0244
310M300US17220,17220,"Clarksburg, WV Micro Area",0.4480,0.0299
310M300US17300,17300,"Clarksville, TN-KY Metro Area",0.4131,0.0159
310M300US17340,17340,"Clearlake, CA Micro Area",0.4763,0.0353
310M300US17420,17420,"Cleveland, TN Metro Area",0.4359,0.0364
310M300US17460,17460,"Cleveland-Elyria, OH Metro Area",0.4896,0.0072
310M300US17660,17660,"Coeur d'Alene, ID Metro Area",0.4217,0.0215
310M300US17780,17780,"College Station-Bryan, TX Metro Area",0.5243,0.0195
310M300US17820,17820,"Colorado Springs, CO Metro Area",0.4318,0.0095
310M300US17860,17860,"Columbia, MO Metro Area",0.4706,0.0258
310M300US17900,17900,"Columbia, SC Metro Area",0.4592,0.0127
310M300US17980,17980,"Columbus, GA-AL Metro Area",0.4931,0.0210
310M300US18020,18020,"Columbus, IN Metro Area",0.4381,0.0290
310M300US18140,18140,"Columbus, OH Metro Area",0.4628,0.0078
310M300US18180,18180,"Concord, NH Micro Area",0.4185,0.0207
310M300US18260,18260,"Cookeville, TN Micro Area",0.4977,0.0288
310M300US18300,18300,"Coos Bay, OR Micro Area",0.4504,0.0417
310M300US18500,18500,"Corning, NY Micro Area",0.4569,0.0397
310M300US18580,18580,"Corpus Christi, TX Metro Area",0.4442,0.0146
310M300US18700,18700,"Corvallis, OR Metro Area",0.4911,0.0222
310M300US18880,18880,"Crestview-Fort Walton Beach-Destin, FL Metro Area",0.4445,0.0192
310M300US18980,18980,"Cullman, AL Micro Area",0.4518,0.0311
310M300US19060,19060,"Cumberland, MD-WV Metro Area",0.4142,0.0263
310M300US19100,19100,"Dallas-Fort Worth-Arlington, TX Metro Area",0.4667,0.0038
310M300US19140,19140,"Dalton, GA Metro Area",0.4566,0.0347
310M300US19180,19180,"Danville, IL Metro Area",0.4462,0.0340
310M300US19260,19260,"Danville, VA Micro Area",0.4447,0.0421
310M300US19300,19300,"Daphne-Fairhope-Foley, AL Metro Area",0.4498,0.0203
310M300US19340,19340,"Davenport-Moline-Rock Island, IA-IL Metro Area",0.4386,0.0154
310M300US19380,19380,"Dayton, OH Metro Area",0.4682,0.0124
310M300US19460,19460,"Decatur, AL Metro Area",0.4699,0.0335
310M300US19500,19500,"Decatur, IL Metro Area",0.4613,0.0255
310M300US19660,19660,"Deltona-Daytona Beach-Ormond Beach, FL Metro Area",0.4555,0.0129
310M300US19740,19740,"Denver-Aurora-Lakewood, CO Metro Area",0.4547,0.0056
310M300US19780,19780,"Des Moines-West Des Moines, IA Metro Area",0.4377,0.0131
310M300US19820,19820,"Detroit-Warren-Dearborn, MI Metro Area",0.4810,0.0043
310M300US20020,20020,"Dothan, AL Metro Area",0.4682,0.0141
310M300US20100,20100,"Dover, DE Metro Area",0.4152,0.0215
310M300US20180,20180,"DuBois, PA Micro Area",0.4168,0.0366
310M300US20220,20220,"Dubuque, IA Metro Area",0.4751,0.0481
310M300US20260,20260,"Duluth, MN-WI Metro Area",0.4420,0.0142
310M300US20380,20380,"Dunn, NC Micro Area",0.4151,0.0222
310M300US20500,20500,"Durham-Chapel Hill, NC Metro Area",0.4916,0.0145
310M300US20700,20700,"East Stroudsburg, PA Metro Area",0.4177,0.0198
310M300US20740,20740,"Eau Claire, WI Metro Area",0.4321,0.0223
310M300US20940,20940,"El Centro, CA Metro Area",0.4746,0.0341
310M300US21020,21020,"Elizabeth City, NC Micro Area",0.4418,0.0286
310M300US21060,21060,"Elizabethtown-Fort Knox, KY Metro Area",0.4237,0.0256
310M300US21140,21140,"Elkhart-Goshen, IN Metro Area",0.4073,0.0289
310M300US21300,21300,"Elmira, NY Metro Area",0.4492,0.0241
310M300US21340,21340,"El Paso, TX Metro Area",0.4598,0.0144
310M300US21420,21420,"Enid, OK Metro Area",0.4158,0.0250
310M300US21500,21500,"Erie, PA Metro Area",0.4442,0.0176
310M300US21660,21660,"Eugene, OR Metro Area",0.4588,0.0121
310M300US21700,21700,"Eureka-Arcata-Fortuna, CA Micro Area",0.5038,0.0768
310M300US21780,21780,"Evansville, IN-KY Metro Area",0.4603,0.0216
310M300US21820,21820,"Fairbanks, AK Metro Area",0.3756,0.0320
310M300US22020,22020,"Fargo, ND-MN Metro Area",0.4382,0.0205
310M300US22060,22060,"Faribault-Northfield, MN Micro Area",0.4123,0.0213
310M300US22100,22100,"Farmington, MO Micro Area",0.4268,0.0303
310M300US22140,22140,"Farmington, NM Metro Area",0.4229,0.0220
310M300US22180,22180,"Fayetteville, NC Metro Area",0.4376,0.0161
310M300US22220,22220,"Fayetteville-Springdale-Rogers, AR-MO Metro Area",0.4682,0.0136
310M300US22300,22300,"Findlay, OH Micro Area",0.4264,0.0260
310M300US22380,22380,"Flagstaff, AZ Metro Area",0.4525,0.0268
310M300US22420,22420,"Flint, MI Metro Area",0.4738,0.0147
310M300US22500,22500,"Florence, SC Metro Area",0.4609,0.0194
310M300US22520,22520,"Florence-Muscle Shoals, AL Metro Area",0.4417,0.0199
310M300US22540,22540,"Fond du Lac, WI Metro Area",0.3974,0.0242
310M300US22580,22580,"Forest City, NC Micro Area",0.4511,0.0328
310M300US22660,22660,"Fort Collins, CO Metro Area",0.4400,0.0168
310M300US22840,22840,"Fort Payne, AL Micro Area",0.4528,0.0283
310M300US22900,22900,"Fort Smith, AR-OK Metro Area",0.4402,0.0168
310M300US23060,23060,"Fort Wayne, IN Metro Area",0.4388,0.0125
310M300US23180,23180,"Frankfort, KY Micro Area",0.3993,0.0257
310M300US23420,23420,"Fresno, CA Metro Area",0.4910,0.0104
310M300US23460,23460,"Gadsden, AL Metro Area",0.4477,0.0221
310M300US23540,23540,"Gainesville, FL Metro Area",0.5024,0.0225
310M300US23580,23580,"Gainesville, GA Metro Area",0.4268,0.0317
310M300US23700,23700,"Gallup, NM Micro Area",0.4899,0.0255
310M300US23900,23900,"Gettysburg, PA Metro Area",0.3985,0.0176
310M300US24020,24020,"Glens Falls, NY Metro Area",0.4357,0.0352
310M300US24060,24060,"Glenwood Springs, CO Micro Area",0.4422,0.0572
310M300US24140,24140,"Goldsboro, NC Metro Area",0.4755,0.0226
310M300US24220,24220,"Grand Forks, ND-MN Metro Area",0.4557,0.0307
310M300US24260,24260,"Grand Island, NE Metro Area",0.4467,0.0361
310M300US24300,24300,"Grand Junction, CO Metro Area",0.4346,0.0218
310M300US24340,24340,"Grand Rapids-Wyoming, MI Metro Area",0.4401,0.0117
310M300US24420,24420,"Grants Pass, OR Metro Area",0.4616,0.0301
310M300US24500,24500,"Great Falls, MT Metro Area",0.4703,0.0399
310M300US24540,24540,"Greeley, CO Metro Area",0.4375,0.0195
310M300US24580,24580,"Green Bay, WI Metro Area",0.4276,0.0170
310M300US24620,24620,"Greeneville, TN Micro Area",0.5066,0.0520
310M300US24640,24640,"Greenfield Town, MA Micro Area",0.4626,0.0284
310M300US24660,24660,"Greensboro-High Point, NC Metro Area",0.4789,0.0139
310M300US24780,24780,"Greenville, NC Metro Area",0.4907,0.0248
310M300US24860,24860,"Greenville-Anderson-Mauldin, SC Metro Area",0.4652,0.0111
310M300US24940,24940,"Greenwood, SC Micro Area",0.4644,0.0296
310M300US25020,25020,"Guayama, PR Metro Area",0.5233,0.0856
310M300US25060,25060,"Gulfport-Biloxi-Pascagoula, MS Metro Area",0.4512,0.0143
310M300US25180,25180,"Hagerstown-Martinsburg, MD-WV Metro Area",0.4380,0.0217
310M300US25220,25220,"Hammond, LA Metro Area",0.4788,0.0309
310M300US25260,25260,"Hanford-Corcoran, CA Metro Area",0.4321,0.0312
310M300US25420,25420,"Harrisburg-Carlisle, PA Metro Area",0.4308,0.0127
310M300US25500,25500,"Harrisonburg, VA Metro Area",0.4558,0.0362
310M300US25540,25540,"Hartford-West Hartford-East Hartford, CT Metro Area",0.4648,0.0092
310M300US25620,25620,"Hattiesburg, MS Metro Area",0.5111,0.0386
310M300US25740,25740,"Helena, MT Micro Area",0.4529,0.0762
310M300US25840,25840,"Hermiston-Pendleton, OR Micro Area",0.4229,0.0321
310M300US25860,25860,"Hickory-Lenoir-Morganton, NC Metro Area",0.4526,0.0175
310M300US25900,25900,"Hilo, HI Micro Area",0.4674,0.0201
310M300US25940,25940,"Hilton Head Island-Bluffton-Beaufort, SC Metro Area",0.4706,0.0277
310M300US25980,25980,"Hinesville, GA Metro Area",0.3943,0.0335
310M300US26020,26020,"Hobbs, NM Micro Area",0.4445,0.0338
310M300US26090,26090,"Holland, MI Micro Area",0.3837,0.0166
310M300US26140,26140,"Homosassa Springs, FL Metro Area",0.4443,0.0265
310M300US26300,26300,"Hot Springs, AR Metro Area",0.4441,0.0247
310M300US26380,26380,"Houma-Thibodaux, LA Metro Area",0.4601,0.0268
310M300US26420,26420,"Houston-The Woodlands-Sugar Land, TX Metro Area",0.4901,0.0052
310M300US26580,26580,"Huntington-Ashland, WV-KY-OH Metro Area",0.4654,0.0185
310M300US26620,26620,"Huntsville, AL Metro Area",0.4787,0.0159
310M300US26660,26660,"Huntsville, TX Micro Area",0.4532,0.0310
310M300US26740,26740,"Hutchinson, KS Micro Area",0.4512,0.0427
310M300US26820,26820,"Idaho Falls, ID Metro Area",0.4239,0.0241
310M300US26860,26860,"Indiana, PA Micro Area",0.4606,0.0245
310M300US26900,26900,"Indianapolis-Carmel-Anderson, IN Metro Area",0.4732,0.0101
310M300US26980,26980,"Iowa City, IA Metro Area",0.4708,0.0198
310M300US27060,27060,"Ithaca, NY Metro Area",0.4750,0.0231
310M300US27100,27100,"Jackson, MI Metro Area",0.4421,0.0295
310M300US27140,27140,"Jackson, MS Metro Area",0.4706,0.0147
310M300US27180,27180,"Jackson, TN Metro Area",0.4664,0.0217
310M300US27260,27260,"Jacksonville, FL Metro Area",0.4574,0.0086
310M300US27340,27340,"Jacksonville, NC Metro Area",0.3787,0.0170
310M300US27460,27460,"Jamestown-Dunkirk-Fredonia, NY Micro Area",0.4303,0.0182
310M300US27500,27500,"Janesville-Beloit, WI Metro Area",0.4274,0.0179
310M300US27620,27620,"Jefferson City, MO Metro Area",0.3856,0.0167
310M300US27740,27740,"Johnson City, TN Metro Area",0.4641,0.0235
310M300US27780,27780,"Johnstown, PA Metro Area",0.4288,0.0177
310M300US27860,27860,"Jonesboro, AR Metro Area",0.4923,0.0510
310M300US27900,27900,"Joplin, MO Metro Area",0.4619,0.0322
310M300US27980,27980,"Kahului-Wailuku-Lahaina, HI Metro Area",0.4612,0.0272
310M300US28020,28020,"Kalamazoo-Portage, MI Metro Area",0.4671,0.0164
310M300US28060,28060,"Kalispell, MT Micro Area",0.4696,0.0414
310M300US28100,28100,"Kankakee, IL Metro Area",0.4113,0.0209
310M300US28140,28140,"Kansas City, MO-KS Metro Area",0.4547,0.0072
310M300US28180,28180,"Kapaa, HI Micro Area",0.4198,0.0312
310M300US28300,28300,"Keene, NH Micro Area",0.4382,0.0353
310M300US28420,28420,"Kennewick-Richland, WA Metro Area",0.4220,0.0158
310M300US28580,28580,"Key West, FL Micro Area",0.4610,0.0242
310M300US28660,28660,"Killeen-Temple, TX Metro Area",0.4312,0.0193
310M300US28700,28700,"Kingsport-Bristol-Bristol, TN-VA Metro Area",0.4641,0.0180
310M300US28740,28740,"Kingston, NY Metro Area",0.4610,0.0186
310M300US28900,28900,"Klamath Falls, OR Micro Area",0.4348,0.0240
310M300US28940,28940,"Knoxville, TN Metro Area",0.4720,0.0098
310M300US29020,29020,"Kokomo, IN Metro Area",0.4556,0.0235
310M300US29100,29100,"La Crosse-Onalaska, WI-MN Metro Area",0.4320,0.0197
310M300US29180,29180,"Lafayette, LA Metro Area",0.4803,0.0159
310M300US29200,29200,"Lafayette-West Lafayette, IN Metro Area",0.4659,0.0224
310M300US29300,29300,"LaGrange, GA Micro Area",0.4594,0.0317
310M300US29340,29340,"Lake Charles, LA Metro Area",0.4741,0.0203
310M300US29380,29380,"Lake City, FL Micro Area",0.4855,0.0519
310M300US29420,29420,"Lake Havasu City-Kingman, AZ Metro Area",0.4645,0.0290
310M300US29460,29460,"Lakeland-Winter Haven, FL Metro Area",0.4455,0.0131
310M300US29540,29540,"Lancaster, PA Metro Area",0.4331,0.0135
310M300US29620,29620,"Lansing-East Lansing, MI Metro Area",0.4489,0.0110
310M300US29700,29700,"Laredo, TX Metro Area",0.5040,0.0181
310M300US29740,29740,"Las Cruces, NM Metro Area",0.4912,0.0260
310M300US29820,29820,"Las Vegas-Henderson-Paradise, NV Metro Area",0.4563,0.0078
310M300US29860,29860,"Laurel, MS Micro Area",0.4812,0.0379
310M300US29940,29940,"Lawrence, KS Metro Area",0.4659,0.0325
310M300US30020,30020,"Lawton, OK Metro Area",0.4341,0.0338
310M300US30140,30140,"Lebanon, PA Metro Area",0.4073,0.0263
310M300US30300,30300,"Lewiston, ID-WA Metro Area",0.4108,0.0283
310M300US30340,30340,"Lewiston-Auburn, ME Metro Area",0.4154,0.0244
310M300US30460,30460,"Lexington-Fayette, KY Metro Area",0.4833,0.0118
310M300US30620,30620,"Lima, OH Metro Area",0.4683,0.0335
310M300US30700,30700,"Lincoln, NE Metro Area",0.4539,0.0178
310M300US30780,30780,"Little Rock-North Little Rock-Conway, AR Metro Area",0.4751,0.0127
310M300US30860,30860,"Logan, UT-ID Metro Area",0.4313,0.0304
310M300US30940,30940,"London, KY Micro Area",0.5070,0.0579
310M300US30980,30980,"Longview, TX Metro Area",0.4699,0.0190
310M300US31020,31020,"Longview, WA Metro Area",0.4521,0.0270
310M300US31080,31080,"Los Angeles-Long Beach-Anaheim, CA Metro Area",0.4971,0.0030
310M300US31140,31140,"Louisville/Jefferson County, KY-IN Metro Area",0.4643,0.0091
310M300US31180,31180,"Lubbock, TX Metro Area",0.4742,0.0160
310M300US31260,31260,"Lufkin, TX Micro Area",0.4566,0.0349
310M300US31300,31300,"Lumberton, NC Micro Area",0.4844,0.0269
310M300US31340,31340,"Lynchburg, VA Metro Area",0.4513,0.0167
310M300US31420,31420,"Macon-Bibb County, GA Metro Area",0.5096,0.0197
310M300US31460,31460,"Madera, CA Metro Area",0.4481,0.0265
310M300US31540,31540,"Madison, WI Metro Area",0.4395,0.0135
310M300US31700,31700,"Manchester-Nashua, NH Metro Area",0.4186,0.0137
310M300US31740,31740,"Manhattan, KS Metro Area",0.4531,0.0285
310M300US31820,31820,"Manitowoc, WI Micro Area",0.3868,0.0170
310M300US31860,31860,"Mankato-North Mankato, MN Metro Area",0.4152,0.0200
310M300US31900,31900,"Mansfield, OH Metro Area",0.4246,0.0310
310M300US31940,31940,"Marinette, WI-MI Micro Area",0.4383,0.0418
310M300US31980,31980,"Marion, IN Micro Area",0.4207,0.0291
310M300US32020,32020,"Marion, OH Micro Area",0.4307,0.0272
310M300US32100,32100,"Marquette, MI Micro Area",0.4318,0.0373
310M300US32220,32220,"Marshall, TX Micro Area",0.4255,0.0400
310M300US32300,32300,"Martinsville, VA Micro Area",0.4623,0.0325
310M300US32420,32420,"Mayagüez, PR Metro Area",0.5810,0.0281
310M300US32580,32580,"McAllen-Edinburg-Mission, TX Metro Area",0.4952,0.0176
310M300US32740,32740,"Meadville, PA Micro Area",0.4440,0.0254
310M300US32780,32780,"Medford, OR Metro Area",0.4666,0.0235
310M300US32820,32820,"Memphis, TN-MS-AR Metro Area",0.4940,0.0103
310M300US32900,32900,"Merced, CA Metro Area",0.4969,0.0310
310M300US32940,32940,"Meridian, MS Micro Area",0.4787,0.0234
310M300US33100,33100,"Miami-Fort Lauderdale-West Palm Beach, FL Metro Area",0.5149,0.0051
310M300US33140,33140,"Michigan City-La Porte, IN Metro Area",0.4309,0.0262
310M300US33220,33220,"Midland, MI Metro Area",0.4636,0.0299
310M300US33260,33260,"Midland, TX Metro Area",0.4776,0.0238
310M300US33340,33340,"Milwaukee-Waukesha-West Allis, WI Metro Area",0.4880,0.0078
310M300US33460,33460,"Minneapolis-St. Paul-Bloomington, MN-WI Metro Area",0.4460,0.0050
310M300US33500,33500,"Minot, ND Micro Area",0.4109,0.0374
310M300US33540,33540,"Missoula, MT Metro Area",0.4981,0.0323
310M300US33660,33660,"Mobile, AL Metro Area",0.4756,0.0140
310M300US33700,33700,"Modesto, CA Metro Area",0.4532,0.0157
310M300US33740,33740,"Monroe, LA Metro Area",0.4963,0.0265
310M300US33780,33780,"Monroe, MI Metro Area",0.4146,0.0240
310M300US33860,33860,"Montgomery, AL Metro Area",0.4873,0.0204
310M300US33980,33980,"Morehead City, NC Micro Area",0.4404,0.0256
310M300US34060,34060,"Morgantown, WV Metro Area",0.5266,0.0361
310M300US34100,34100,"Morristown, TN Metro Area",0.4622,0.0540
310M300US34180,34180,"Moses Lake, WA Micro Area",0.4275,0.0255
310M300US34340,34340,"Mount Airy, NC Micro Area",0.5322,0.0558
310M300US34380,34380,"Mount Pleasant, MI Micro Area",0.4938,0.0339
310M300US34580,34580,"Mount Vernon-Anacortes, WA Metro Area",0.4279,0.0253
310M300US34620,34620,"Muncie, IN Metro Area",0.4806,0.0393
310M300US34740,34740,"Muskegon, MI Metro Area",0.4316,0.0204
310M300US34780,34780,"Muskogee, OK Micro Area",0.4802,0.0296
310M300US34820,34820,"Myrtle Beach-Conway-North Myrtle Beach, SC-NC Metro Area",0.4558,0.0188
310M300US34860,34860,"Nacogdoches, TX Micro Area",0.4954,0.0534
310M300US34900,34900,"Napa, CA Metro Area",0.4641,0.0190
310M300US34940,34940,"Naples-Immokalee-Marco Island, FL Metro Area",0.5327,0.0246
310M300US34980,34980,"Nashville-Davidson--Murfreesboro--Franklin, TN Metro Area",0.4619,0.0067
310M300US35100,35100,"New Bern, NC Metro Area",0.4656,0.0291
310M300US35260,35260,"New Castle, PA Micro Area",0.4837,0.0445
310M300US35300,35300,"New Haven-Milford, CT Metro Area",0.4617,0.0095
310M300US35380,35380,"New Orleans-Metairie, LA Metro Area",0.5053,0.0108
310M300US35420,35420,"New Philadelphia-Dover, OH Micro Area",0.3900,0.0216
310M300US35620,35620,"New York-Newark-Jersey City, NY-NJ-PA Metro Area",0.5130,0.0022
310M300US35660,35660,"Niles-Benton Harbor, MI Metro Area",0.4783,0.0185
310M300US35840,35840,"North Port-Sarasota-Bradenton, FL Metro Area",0.4765,0.0112
310M300US35900,35900,"North Wilkesboro, NC Micro Area",0.4259,0.0301
310M300US35980,35980,"Norwich-New London, CT Metro Area",0.4591,0.0187
310M300US36020,36020,"Oak Harbor, WA Micro Area",0.4359,0.0391
310M300US36100,36100,"Ocala, FL Metro Area",0.4428,0.0169
310M300US36140,36140,"Ocean City, NJ Metro Area",0.4815,0.0287
310M300US36220,36220,"Odessa, TX Metro Area",0.5128,0.0530
310M300US36260,36260,"Ogden-Clearfield, UT Metro Area",0.3953,0.0135
310M300US36300,36300,"Ogdensburg-Massena, NY Micro Area",0.4378,0.0258
310M300US36420,36420,"Oklahoma City, OK Metro Area",0.4597,0.0074
310M300US36460,36460,"Olean, NY Micro Area",0.4167,0.0191
310M300US36500,36500,"Olympia-Tumwater, WA Metro Area",0.4119,0.0161
310M300US36540,36540,"Omaha-Council Bluffs, NE-IA Metro Area",0.4440,0.0078
310M300US36660,36660,"Opelousas, LA Micro Area",0.4942,0.0260
310M300US36700,36700,"Orangeburg, SC Micro Area",0.5016,0.0467
310M300US36740,36740,"Orlando-Kissimmee-Sanford, FL Metro Area",0.4606,0.0075
310M300US36780,36780,"Oshkosh-Neenah, WI Metro Area",0.4468,0.0319
310M300US36860,36860,"Ottawa-Peru, IL Micro Area",0.4045,0.0163
310M300US36980,36980,"Owensboro, KY Metro Area",0.4622,0.0296
310M300US37020,37020,"Owosso, MI Micro Area",0.4251,0.0309
310M300US37100,37100,"Oxnard-Thousand Oaks-Ventura, CA Metro Area",0.4474,0.0117
310M300US37140,37140,"Paducah, KY-IL Micro Area",0.4884,0.0301
310M300US37260,37260,"Palatka, FL Micro Area",0.4254,0.0358
310M300US37340,37340,"Palm Bay-Melbourne-Titusville, FL Metro Area",0.4645,0.0116
310M300US37460,37460,"Panama City, FL Metro Area",0.4576,0.0264
310M300US37620,37620,"Parkersburg-Vienna, WV Metro Area",0.4739,0.0333
310M300US37860,37860,"Pensacola-Ferry Pass-Brent, FL Metro Area",0.4337,0.0166
310M300US37900,37900,"Peoria, IL Metro Area",0.4446,0.0125
310M300US37980,37980,"Philadelphia-Camden-Wilmington, PA-NJ-DE-MD Metro Area",0.4840,0.0042
310M300US38060,38060,"Phoenix-Mesa-Scottsdale, AZ Metro Area",0.4686,0.0063
310M300US38220,38220,"Pine Bluff, AR Metro Area",0.4662,0.0274
310M300US38240,38240,"Pinehurst-Southern Pines, NC Micro Area",0.4585,0.0349
310M300US38300,38300,"Pittsburgh, PA Metro Area",0.4615,0.0046
310M300US38340,38340,"Pittsfield, MA Metro Area",0.4463,0.0187
310M300US38460,38460,"Plattsburgh, NY Micro Area",0.4077,0.0200
310M300US38540,38540,"Pocatello, ID Metro Area",0.4654,0.0459
310M300US38660,38660,"Ponce, PR Metro Area",0.5257,0.0277
310M300US38820,38820,"Port Angeles, WA Micro Area",0.4144,0.0230
310M300US38860,38860,"Portland-South Portland, ME Metro Area",0.4474,0.0130
310M300US38900,38900,"Portland-Vancouver-Hillsboro, OR-WA Metro Area",0.4481,0.0066
310M300US38940,38940,"Port St. Lucie, FL Metro Area",0.4842,0.0168
310M300US39020,39020,"Portsmouth, OH Micro Area",0.4785,0.0470
310M300US39060,39060,"Pottsville, PA Micro Area",0.4072,0.0165
310M300US39140,39140,"Prescott, AZ Metro Area",0.4627,0.0297
310M300US39300,39300,"Providence-Warwick, RI-MA Metro Area",0.4714,0.0077
310M300US39340,39340,"Provo-Orem, UT Metro Area",0.4147,0.0119
310M300US39380,39380,"Pueblo, CO Metro Area",0.4477,0.0193
310M300US39460,39460,"Punta Gorda, FL Metro Area",0.4792,0.0335
310M300US39500,39500,"Quincy, IL-MO Micro Area",0.4635,0.0313
310M300US39540,39540,"Racine, WI Metro Area",0.4328,0.0179
310M300US39580,39580,"Raleigh, NC Metro Area",0.4469,0.0101
310M300US39660,39660,"Rapid City, SD Metro Area",0.4552,0.0275
310M300US39740,39740,"Reading, PA Metro Area",0.4386,0.0158
310M300US39820,39820,"Redding, CA Metro Area",0.4655,0.0167
310M300US39900,39900,"Reno, NV Metro Area",0.4731,0.0178
310M300US39980,39980,"Richmond, IN Micro Area",0.4303,0.0265
310M300US40060,40060,"Richmond, VA Metro Area",0.4649,0.0098
310M300US40080,40080,"Richmond-Berea, KY Micro Area",0.4558,0.0303
310M300US40140,40140,"Riverside-San Bernardino-Ontario, CA Metro Area",0.4491,0.0060
310M300US40220,40220,"Roanoke, VA Metro Area",0.4594,0.0177
310M300US40260,40260,"Roanoke Rapids, NC Micro Area",0.4652,0.0406
310M300US40340,40340,"Rochester, MN Metro Area",0.4384,0.0156
310M300US40380,40380,"Rochester, NY Metro Area",0.4542,0.0080
310M300US40420,40420,"Rockford, IL Metro Area",0.4635,0.0218
310M300US40580,40580,"Rocky Mount, NC Metro Area",0.4843,0.0275
310M300US40660,40660,"Rome, GA Metro Area",0.4659,0.0479
310M300US40700,40700,"Roseburg, OR Micro Area",0.4685,0.0461
310M300US40740,40740,"Roswell, NM Micro Area",0.4811,0.0749
310M300US40780,40780,"Russellville, AR Micro Area",0.4781,0.0321
310M300US40900,40900,"Sacramento--Roseville--Arden-Arcade, CA Metro Area",0.4713,0.0081
310M300US40980,40980,"Saginaw, MI Metro Area",0.4522,0.0259
310M300US41060,41060,"St. Cloud, MN Metro Area",0.4257,0.0134
310M300US41100,41100,"St. George, UT Metro Area",0.4430,0.0323
310M300US41140,41140,"St. Joseph, MO-KS Metro Area",0.4531,0.0294
310M300US41180,41180,"St. Louis, MO-IL Metro Area",0.4670,0.0064
310M300US41400,41400,"Salem, OH Micro Area",0.4132,0.0265
310M300US41420,41420,"Salem, OR Metro Area",0.4161,0.0173
310M300US41500,41500,"Salinas, CA Metro Area",0.4514,0.0168
310M300US41540,41540,"Salisbury, MD-DE Metro Area",0.4494,0.0151
310M300US41620,41620,"Salt Lake City, UT Metro Area",0.4320,0.0120
310M300US41660,41660,"San Angelo, TX Metro Area",0.4486,0.0273
310M300US41700,41700,"San Antonio-New Braunfels, TX Metro Area",0.4570,0.0072
310M300US41740,41740,"San Diego-Carlsbad, CA Metro Area",0.4644,0.0063
310M300US41780,41780,"Sandusky, OH Micro Area",0.4725,0.0462
310M300US41860,41860,"San Francisco-Oakland-Hayward, CA Metro Area",0.4821,0.0046
310M300US41900,41900,"San Germán, PR Metro Area",0.5237,0.0272
310M300US41940,41940,"San Jose-Sunnyvale-Santa Clara, CA Metro Area",0.4649,0.0063
310M300US41980,41980,"San Juan-Carolina-Caguas, PR Metro Area",0.5418,0.0090
310M300US42020,42020,"San Luis Obispo-Paso Robles-Arroyo Grande, CA Metro Area",0.4376,0.0170
310M300US42100,42100,"Santa Cruz-Watsonville, CA Metro Area",0.4857,0.0171
310M300US42140,42140,"Santa Fe, NM Metro Area",0.4794,0.0200
310M300US42200,42200,"Santa Maria-Santa Barbara, CA Metro Area",0.4707,0.0157
310M300US42220,42220,"Santa Rosa, CA Metro Area",0.4481,0.0138
310M300US42340,42340,"Savannah, GA Metro Area",0.4738,0.0180
310M300US42540,42540,"Scranton--Wilkes-Barre--Hazleton, PA Metro Area",0.4613,0.0102
310M300US42620,42620,"Searcy, AR Micro Area",0.4236,0.0256
310M300US42660,42660,"Seattle-Tacoma-Bellevue, WA Metro Area",0.4578,0.0065
310M300US42680,42680,"Sebastian-Vero Beach, FL Metro Area",0.5373,0.0429
310M300US42700,42700,"Sebring, FL Metro Area",0.4504,0.0866
310M300US42860,42860,"Seneca, SC Micro Area",0.4735,0.0371
310M300US42940,42940,"Sevierville, TN Micro Area",0.4064,0.0390
310M300US43060,43060,"Shawnee, OK Micro Area",0.4357,0.0260
310M300US43100,43100,"Sheboygan, WI Metro Area",0.4102,0.0216
310M300US43140,43140,"Shelby, NC Micro Area",0.4851,0.0396
310M300US43300,43300,"Sherman-Denison, TX Metro Area",0.4290,0.0233
310M300US43320,43320,"Show Low, AZ Micro Area",0.4847,0.0291
310M300US43340,43340,"Shreveport-Bossier City, LA Metro Area",0.5115,0.0177
310M300US43420,43420,"Sierra Vista-Douglas, AZ Metro Area",0.4325,0.0256
310M300US43580,43580,"Sioux City, IA-NE-SD Metro Area",0.4281,0.0213
310M300US43620,43620,"Sioux Falls, SD Metro Area",0.4317,0.0173
310M300US43740,43740,"Somerset, PA Micro Area",0.4300,0.0239
310M300US43780,43780,"South Bend-Mishawaka, IN-MI Metro Area",0.4694,0.0170
310M300US43900,43900,"Spartanburg, SC Metro Area",0.4635,0.0225
310M300US44060,44060,"Spokane-Spokane Valley, WA Metro Area",0.4507,0.0135
310M300US44100,44100,"Springfield, IL Metro Area",0.4617,0.0230
310M300US44140,44140,"Springfield, MA Metro Area",0.4571,0.0097
310M300US44180,44180,"Springfield, MO Metro Area",0.4508,0.0147
310M300US44220,44220,"Springfield, OH Metro Area",0.4374,0.0306
310M300US44300,44300,"State College, PA Metro Area",0.4812,0.0286
310M300US44340,44340,"Statesboro, GA Micro Area",0.4579,0.0308
310M300US44420,44420,"Staunton-Waynesboro, VA Metro Area",0.4130,0.0272
310M300US44620,44620,"Stevens Point, WI Micro Area",0.4258,0.0218
310M300US44660,44660,"Stillwater, OK Micro Area",0.5589,0.0408
310M300US44700,44700,"Stockton-Lodi, CA Metro Area",0.4466,0.0122
310M300US44940,44940,"Sumter, SC Metro Area",0.4923,0.0446
310M300US44980,44980,"Sunbury, PA Micro Area",0.4201,0.0196
310M300US45060,45060,"Syracuse, NY Metro Area",0.4560,0.0100
310M300US45180,45180,"Talladega-Sylacauga, AL Micro Area",0.4486,0.0262
310M300US45220,45220,"Tallahassee, FL Metro Area",0.4703,0.0151
310M300US45300,45300,"Tampa-St. Petersburg-Clearwater, FL Metro Area",0.4759,0.0055
310M300US45460,45460,"Terre Haute, IN Metro Area",0.4195,0.0184
310M300US45500,45500,"Texarkana, TX-AR Metro Area",0.4897,0.0277
310M300US45540,45540,"The Villages, FL Metro Area",0.4363,0.0382
310M300US45780,45780,"Toledo, OH Metro Area",0.4804,0.0140
310M300US45820,45820,"Topeka, KS Metro Area",0.4366,0.0229
310M300US45860,45860,"Torrington, CT Micro Area",0.4497,0.0229
310M300US45900,45900,"Traverse City, MI Micro Area",0.4621,0.0237
310M300US45940,45940,"Trenton, NJ Metro Area",0.5003,0.0170
310M300US46020,46020,"Truckee-Grass Valley, CA Micro Area",0.4784,0.0339
310M300US46060,46060,"Tucson, AZ Metro Area",0.4684,0.0096
310M300US46100,46100,"Tullahoma-Manchester, TN Micro Area",0.4553,0.0371
310M300US46140,46140,"Tulsa, OK Metro Area",0.4673,0.0082
310M300US46180,46180,"Tupelo, MS Micro Area",0.4549,0.0296
310M300US46220,46220,"Tuscaloosa, AL Metro Area",0.4806,0.0213
310M300US46300,46300,"Twin Falls, ID Micro Area",0.4190,0.0286
310M300US46340,46340,"Tyler, TX Metro Area",0.4416,0.0246
310M300US46380,46380,"Ukiah, CA Micro Area",0.5156,0.0647
310M300US46520,46520,"Urban Honolulu, HI Metro Area",0.4300,0.0081
310M300US46540,46540,"Utica-Rome, NY Metro Area",0.4532,0.0205
310M300US46660,46660,"Valdosta, GA Metro Area",0.5085,0.0369
310M300US46700,46700,"Vallejo-Fairfield, CA Metro Area",0.4340,0.0222
310M300US47020,47020,"Victoria, TX Metro Area",0.5124,0.0355
310M300US47220,47220,"Vineland-Bridgeton, NJ Metro Area",0.4455,0.0238
310M300US47260,47260,"Virginia Beach-Norfolk-Newport News, VA-NC Metro Area",0.4410,0.0080
310M300US47300,47300,"Visalia-Porterville, CA Metro Area",0.4554,0.0207
310M300US47380,47380,"Waco, TX Metro Area",0.4891,0.0275
310M300US47460,47460,"Walla Walla, WA Metro Area",0.4765,0.0585
310M300US47580,47580,"Warner Robins, GA Metro Area",0.4249,0.0222
310M300US47700,47700,"Warsaw, IN Micro Area",0.4303,0.0430
310M300US47900,47900,"Washington-Arlington-Alexandria, DC-VA-MD-WV Metro Area",0.4442,0.0032
310M300US47940,47940,"Waterloo-Cedar Falls, IA Metro Area",0.4671,0.0287
310M300US48020,48020,"Watertown-Fort Atkinson, WI Micro Area",0.3854,0.0165
310M300US48060,48060,"Watertown-Fort Drum, NY Metro Area",0.4343,0.0233
310M300US48140,48140,"Wausau, WI Metro Area",0.4412,0.0240
310M300US48260,48260,"Weirton-Steubenville, WV-OH Metro Area",0.4275,0.0254
310M300US48300,48300,"Wenatchee, WA Metro Area",0.4379,0.0266
310M300US48540,48540,"Wheeling, WV-OH Metro Area",0.4780,0.0254
310M300US48580,48580,"Whitewater-Elkhorn, WI Micro Area",0.4511,0.0288
310M300US48620,48620,"Wichita, KS Metro Area",0.4451,0.0101
310M300US48660,48660,"Wichita Falls, TX Metro Area",0.4484,0.0216
310M300US48700,48700,"Williamsport, PA Metro Area",0.4148,0.0294
310M300US48900,48900,"Wilmington, NC Metro Area",0.5016,0.0164
310M300US48980,48980,"Wilson, NC Micro Area",0.4998,0.0504
310M300US49020,49020,"Winchester, VA-WV Metro Area",0.4098,0.0246
310M300US49180,49180,"Winston-Salem, NC Metro Area",0.4813,0.0144
310M300US49220,49220,"Wisconsin Rapids-Marshfield, WI Micro Area",0.4425,0.0332
310M300US49300,49300,"Wooster, OH Micro Area",0.4116,0.0176
310M300US49340,49340,"Worcester, MA-CT Metro Area",0.4494,0.0079
310M300US49420,49420,"Yakima, WA Metro Area",0.4486,0.0393
310M300US49620,49620,"York-Hanover, PA Metro Area",0.4015,0.0124
310M300US49660,49660,"Youngstown-Warren-Boardman, OH-PA Metro Area",0.4602,0.0158
310M300US49700,49700,"Yuba City, CA Metro Area",0.4569,0.0336
310M300US49740,49740,"Yuma, AZ Metro Area",0.4269,0.0187
310M300US49780,49780,"Zanesville, OH Micro Area",0.4240,0.0264
