GEO.id,GEO.id2,GEO.display-label,HD01_VD01,HD02_VD01,HD01_VD02,HD02_VD02,HD01_VD03,HD02_VD03,HD01_VD04,HD02_VD04,HD01_VD05,HD02_VD05,HD01_VD06,HD02_VD06,HD01_VD07,HD02_VD07,HD01_VD08,HD02_VD08,HD01_VD09,HD02_VD09,HD01_VD10,HD02_VD10
Id,Id2,Geography,Estimate; Total:,Margin of Error; Total:,Estimate; Total: - White alone,Margin of Error; Total: - White alone,Estimate; Total: - Black or African American alone,Margin of Error; Total: - Black or African American alone,Estimate; Total: - American Indian and Alaska Native alone,Margin of Error; Total: - American Indian and Alaska Native alone,Estimate; Total: - Asian alone,Margin of Error; Total: - Asian alone,Estimate; Total: - Native Hawaiian and Other Pacific Islander alone,Margin of Error; Total: - Native Hawaiian and Other Pacific Islander alone,Estimate; Total: - Some other race alone,Margin of Error; Total: - Some other race alone,Estimate; Total: - Two or more races:,Margin of Error; Total: - Two or more races:,Estimate; Total: - Two or more races: - Two races including Some other race,Margin of Error; Total: - Two or more races: - Two races including Some other race,"Estimate; Total: - Two or more races: - Two races excluding Some other race, and three or more races","Margin of Error; Total: - Two or more races: - Two races excluding Some other race, and three or more races"
310M200US10180,10180,"Abilene, TX Metro Area",168144,2513,138580,3596,13160,1102,575,369,2299,585,123,197,8874,2274,4533,1467,507,332,4026,1414
310M200US10380,10380,"Aguadilla-Isabela, PR Metro Area",327847,2444,192550,7182,10774,2380,440,451,2070,949,0,225,56584,4980,65429,5833,1226,1008,64203,5973
310M200US10420,10420,"Akron, OH Metro Area",705686,,583324,1686,85143,2961,1232,685,16145,941,146,227,2750,1393,16946,3055,479,395,16467,3040
310M200US10500,10500,"Albany, GA Metro Area",156277,2001,67125,1184,83961,1956,238,260,1583,297,39,56,1209,689,2122,880,381,423,1741,751
310M200US10540,10540,"Albany, OR Metro Area",118765,,110936,859,281,288,1481,653,1847,237,222,216,762,600,3236,1057,336,368,2900,930
310M200US10580,10580,"Albany-Schenectady-Troy, NY Metro Area",877905,,740800,2828,69167,3068,1881,450,32558,1563,588,558,9951,2448,22960,2806,2075,872,20885,2711
310M200US10740,10740,"Albuquerque, NM Metro Area",901932,2508,694943,10117,24444,2202,48417,2440,19403,2088,686,454,79029,8648,35010,4079,8457,1875,26553,3597
310M200US10780,10780,"Alexandria, LA Metro Area",154753,,102934,775,45770,805,1304,732,2119,161,0,203,412,294,2214,615,504,348,1710,546
310M200US10900,10900,"Allentown-Bethlehem-Easton, PA-NJ Metro Area",827048,,693498,5565,45488,3175,2346,1692,23105,1344,98,103,44143,5416,18370,2773,2815,1238,15555,2388
310M200US11100,11100,"Amarillo, TX Metro Area",259164,1555,221623,3017,15584,1360,1582,633,7505,944,129,165,5118,1349,7623,1928,1468,675,6155,1818
310M200US11180,11180,"Ames, IA Metro Area",92406,,81549,529,1697,392,0,157,6495,442,32,65,765,420,1868,705,0,157,1868,705
310M200US11260,11260,"Anchorage, AK Metro Area",396142,,276689,2617,18863,1520,27385,2285,25924,2397,6885,304,6312,2247,34084,4223,1775,1136,32309,4172
310M200US11460,11460,"Ann Arbor, MI Metro Area",354240,,263185,1469,43146,1792,1029,676,28654,963,0,168,3267,1398,14959,2104,1341,664,13618,2109
310M200US11500,11500,"Anniston-Oxford-Jacksonville, AL Metro Area",116736,,87777,1038,24658,653,88,124,1207,192,0,192,1226,1031,1780,553,78,99,1702,521
310M200US11540,11540,"Appleton, WI Metro Area",229962,,208804,1072,2444,705,3578,659,7383,808,0,149,4856,1255,2897,1037,593,448,2304,1024
310M200US11640,11640,"Arecibo, PR Metro Area",195036,,168506,4223,6679,1964,495,354,690,506,0,225,14880,3464,3786,1540,1298,871,2488,1449
310M200US11700,11700,"Asheville, NC Metro Area",437657,,397476,2771,19628,1652,1206,577,3560,955,207,206,4494,1967,11086,2157,1682,1876,9404,1993
310M200US12020,12020,"Athens-Clarke County, GA Metro Area",197357,2746,144240,2479,38749,1933,392,335,6923,516,0,214,3370,2076,3683,1175,460,410,3223,1155
310M200US12060,12060,"Atlanta-Sandy Springs-Roswell, GA Metro Area",5524693,3326,3099614,16959,1822587,10523,12998,2602,290092,3664,2117,921,172321,14905,124964,8980,18866,3941,106098,7901
310M200US12100,12100,"Atlantic City-Hammonton, NJ Metro Area",275862,,189499,3610,41824,2612,394,350,22338,779,0,200,12457,3266,9350,2641,1832,1083,7518,2313
310M200US12220,12220,"Auburn-Opelika, AL Metro Area",150933,,104152,1424,35703,724,61,143,4857,538,0,192,4520,1810,1640,856,0,192,1640,856
310M200US12260,12260,"Augusta-Richmond County, GA-SC Metro Area",581551,1676,344464,3261,206307,3843,1038,783,11005,1207,510,25,4751,1729,13476,3238,1296,711,12180,3107
310M200US12420,12420,"Austin-Round Rock, TX Metro Area",1883051,,1502229,10018,135776,3821,7810,2586,93892,2907,1390,762,82799,9066,59155,4619,11469,2767,47686,4155
310M200US12540,12540,"Bakersfield, CA Metro Area",864124,,646188,11508,47749,2015,8530,1618,39322,2217,992,667,94554,11125,26789,3747,8097,2431,18692,3045
310M200US12580,12580,"Baltimore-Columbia-Towson, MD Metro Area",2770738,,1703860,6909,803254,5497,7519,1616,138307,2941,1261,694,42604,7037,73933,7110,6268,1981,67665,7057
310M200US12620,12620,"Bangor, ME Metro Area",153364,,146203,360,1073,278,1886,559,1809,486,0,165,36,64,2357,687,87,159,2270,695
310M200US12700,12700,"Barnstable Town, MA Metro Area",214990,,199074,1252,5715,721,1397,687,2776,510,0,203,2577,1057,3451,1110,1261,738,2190,736
310M200US12940,12940,"Baton Rouge, LA Metro Area",820159,,491888,2503,293661,3235,1748,685,15381,1015,0,203,5371,2174,12110,2715,1059,866,11051,2771
310M200US12980,12980,"Battle Creek, MI Metro Area",135012,,110781,1170,15300,1349,622,373,2609,319,40,63,676,612,4984,1260,547,502,4437,1117
310M200US13020,13020,"Bay City, MI Metro Area",106832,,101303,486,1424,558,411,283,661,237,0,168,393,309,2640,749,88,115,2552,708
310M200US13140,13140,"Beaumont-Port Arthur, TX Metro Area",403622,1897,284938,2463,96548,1775,998,581,10455,276,458,521,4213,1300,6012,1765,566,583,5446,1595
310M200US13220,13220,"Beckley, WV Metro Area",124432,,111857,956,9700,902,120,171,312,290,376,404,930,873,1137,593,0,190,1137,593
310M200US13380,13380,"Bellingham, WA Metro Area",206353,,176587,2569,1660,484,6034,1086,8916,948,383,275,4736,2551,8037,1871,224,241,7813,1907
310M200US13460,13460,"Bend-Redmond, OR Metro Area",165954,,155768,1648,456,469,1149,615,2346,572,587,545,2429,1732,3219,1029,474,611,2745,877
310M200US13740,13740,"Billings, MT Metro Area",165730,1098,150207,1626,779,590,7199,1431,1238,403,290,345,1440,946,4577,1582,0,165,4577,1582
310M200US13780,13780,"Binghamton, NY Metro Area",247777,,220165,1209,11158,1201,888,471,7698,597,0,193,2647,1130,5221,1002,357,277,4864,968
310M200US13820,13820,"Birmingham-Hoover, AL Metro Area",1140300,,760739,3606,324223,2556,2907,990,14379,1549,12,20,21343,3563,16697,3406,1042,648,15655,3401
310M200US13900,13900,"Bismarck, ND Metro Area",124817,1085,110884,667,720,411,9523,1371,687,177,0,149,501,453,2502,929,142,166,2360,930
310M200US13980,13980,"Blacksburg-Christiansburg-Radford, VA Metro Area",179738,2893,161060,2716,8369,1340,227,262,5859,1063,20,43,381,310,3822,1565,312,408,3510,1472
310M200US14010,14010,"Bloomington, IL Metro Area",192140,1312,163265,1850,13171,1126,318,222,8647,917,118,197,1900,1364,4721,1229,461,441,4260,1162
310M200US14020,14020,"Bloomington, IN Metro Area",163089,,145433,701,5021,517,303,235,8435,514,127,169,695,565,3075,871,70,134,3005,858
310M200US14260,14260,"Boise City, ID Metro Area",649321,2861,593580,4769,5286,1620,4851,1124,13429,1224,1293,735,13618,3794,17264,2797,2526,1210,14738,2847
310M200US14460,14460,"Boston-Cambridge-Newton, MA-NH Metro Area",4684299,,3644480,11617,362084,7082,8658,1914,327254,4132,618,333,198767,11338,142438,7295,19121,2849,123317,6802
310M200US14500,14500,"Boulder, CO Metro Area",310048,,269689,3471,3382,967,2566,1587,12770,1105,585,534,12570,3586,8486,1581,876,725,7610,1432
310M200US14540,14540,"Bowling Green, KY Metro Area",163300,2482,140701,2689,12114,1405,626,477,3199,635,0,189,4061,1119,2599,1165,173,149,2426,1111
310M200US14740,14740,"Bremerton-Silverdale, WA Metro Area",253968,,208336,1995,7069,1122,3094,889,12497,1565,2152,897,4825,1934,15995,2567,368,321,15627,2498
310M200US14860,14860,"Bridgeport-Stamford-Norwalk, CT Metro Area",939904,,690752,6810,104904,3397,2759,1002,44601,2080,236,385,70423,7153,26229,3556,8396,2394,17833,2878
310M200US15180,15180,"Brownsville-Harlingen, TX Metro Area",417276,,388956,4479,945,645,1150,958,3778,1443,39,64,18805,4015,3603,1521,1759,988,1844,1204
310M200US15260,15260,"Brunswick, GA Metro Area",113007,3202,81510,3491,25295,2136,321,107,715,457,130,222,1826,1473,3210,1398,744,707,2466,1155
310M200US15380,15380,"Buffalo-Cheektowaga-Niagara Falls, NY Metro Area",1134115,,911402,3235,138569,2534,6168,1162,29386,1267,427,224,23019,2952,25144,3198,4763,1428,20381,3004
310M200US15500,15500,"Burlington, NC Metro Area",154378,,106532,2448,29014,967,1458,1451,2359,308,40,69,11853,2681,3122,1286,769,568,2353,1092
310M200US15540,15540,"Burlington-South Burlington, VT Metro Area",215539,746,200413,919,4111,502,642,327,4529,978,222,251,672,407,4950,987,290,237,4660,1015
310M200US15680,15680,"California-Lexington Park, MD Metro Area",109633,,85665,760,16660,1138,542,604,3137,567,84,102,1066,781,2479,1217,590,671,1889,1013
310M200US15940,15940,"Canton-Massillon, OH Metro Area",403707,,359812,1067,26477,2059,388,314,2889,744,59,107,1309,788,12773,2450,495,450,12278,2485
310M200US15980,15980,"Cape Coral-Fort Myers, FL Metro Area",661115,,555372,6632,57870,3033,1143,632,9936,913,168,231,25499,6667,11127,2045,2027,975,9100,1803
310M200US16020,16020,"Cape Girardeau, MO-IL Metro Area",95463,2110,84035,2044,9483,1189,70,127,554,359,0,190,392,470,929,445,0,190,929,445
310M200US16060,16060,"Carbondale-Marion, IL Metro Area",126738,,108032,661,11347,1376,550,480,2415,444,0,185,1008,798,3386,1228,145,144,3241,1195
310M200US16180,16180,"Carson City, NV Metro Area",54080,,46043,2000,1088,380,1024,446,1231,378,542,558,2710,1960,1442,1120,565,791,877,633
310M200US16220,16220,"Casper, WY Metro Area",80973,,74143,889,360,446,1036,901,745,166,0,193,1682,909,3007,1083,341,318,2666,1044
310M200US16300,16300,"Cedar Rapids, IA Metro Area",262421,,238686,1497,11953,1095,191,161,3711,989,0,157,3682,1913,4198,1447,696,662,3502,1233
310M200US16540,16540,"Chambersburg-Waynesboro, PA Metro Area",152085,,141912,1024,6274,598,0,172,1346,744,93,165,1040,1016,1420,1054,80,132,1340,1054
310M200US16580,16580,"Champaign-Urbana, IL Metro Area",234089,1312,180883,1615,24689,1453,298,218,19354,868,17,31,1452,876,7396,1859,468,370,6928,1780
310M200US16620,16620,"Charleston, WV Metro Area",224727,1904,202050,1904,8064,1349,175,128,1810,540,0,190,760,722,11868,1463,123,115,11745,1460
310M200US16700,16700,"Charleston-North Charleston, SC Metro Area",712220,,477735,2954,193549,1853,1416,660,12281,1414,218,149,10154,2626,16867,2704,1874,1044,14993,2584
310M200US16740,16740,"Charlotte-Concord-Gastonia, NC-SC Metro Area",2335358,,1595861,9613,522746,4776,8279,1606,70306,1964,749,649,88223,9323,49194,4848,6139,1742,43055,4873
310M200US16820,16820,"Charlottesville, VA Metro Area",225531,2729,176282,3420,31800,2519,143,143,7254,799,131,129,2007,1039,7914,1773,489,404,7425,1646
310M200US16860,16860,"Chattanooga, TN-GA Metro Area",540387,3150,442066,3655,76223,1651,735,676,8139,861,599,744,3283,1642,9342,1889,329,309,9013,1903
310M200US16940,16940,"Cheyenne, WY Metro Area",95809,,84321,1624,3245,435,365,323,1704,614,21,40,2737,1276,3416,1040,687,620,2729,1010
310M200US16980,16980,"Chicago-Naperville-Elgin, IL-IN-WI Metro Area",9537040,1597,6370042,21270,1610136,7435,22233,3319,575210,4769,3790,1469,740098,20843,215531,9044,49281,5729,166250,7510
310M200US17020,17020,"Chico, CA Metro Area",222090,,185187,2179,3336,642,1868,750,9970,1035,321,353,7491,2286,13917,2156,1437,629,12480,2047
310M200US17140,17140,"Cincinnati, OH-KY-IN Metro Area",2134109,3649,1771200,5436,255948,3742,2221,811,45800,1848,1073,621,12576,3394,45291,4005,2328,1289,42963,4132
310M200US17300,17300,"Clarksville, TN-KY Metro Area",272452,1862,198443,2413,49639,2451,1328,628,4713,832,148,145,4885,1784,13296,2912,501,300,12795,2870
310M200US17420,17420,"Cleveland, TN Metro Area",120384,1502,112380,1531,5701,369,10,17,1102,303,0,203,401,325,790,479,65,122,725,477
310M200US17460,17460,"Cleveland-Elyria, OH Metro Area",2064725,,1535196,4039,409908,4196,4043,1393,43208,1497,453,315,19597,3351,52320,4807,3889,1032,48431,4856
310M200US17660,17660,"Coeur d'Alene, ID Metro Area",144265,,135593,1463,623,336,2058,718,1626,401,0,193,992,1459,3373,1527,230,313,3143,1488
310M200US17780,17780,"College Station-Bryan, TX Metro Area",238939,3209,174810,5046,26204,2761,761,679,11681,386,269,319,17060,3980,8154,2609,863,413,7291,2517
310M200US17820,17820,"Colorado Springs, CO Metro Area",678319,,544919,5266,38152,3060,3937,1235,18417,1438,2472,909,31431,4463,38991,4257,6405,1804,32586,3819
310M200US17860,17860,"Columbia, MO Metro Area",170773,,141884,564,11325,1851,566,460,7182,592,423,494,546,523,8847,1939,312,429,8535,1839
310M200US17900,17900,"Columbia, SC Metro Area",793360,2275,478521,3641,265415,4136,1552,496,15100,1130,232,224,14359,3068,18181,3554,4169,2010,14012,2982
310M200US17980,17980,"Columbus, GA-AL Metro Area",314519,2239,161506,3229,125107,3140,1134,554,5460,903,339,379,9193,2243,11780,2645,1374,1259,10406,2333
310M200US18020,18020,"Columbus, IN Metro Area",79587,,68434,1002,1311,648,302,362,3716,584,162,211,4155,1053,1507,847,83,113,1424,844
310M200US18140,18140,"Columbus, OH Metro Area",1967066,,1530858,4577,286036,4266,3062,1110,64724,2785,354,342,22854,4370,59178,5166,3624,1299,55554,5048
310M200US18580,18580,"Corpus Christi, TX Metro Area",444904,2265,381299,5320,16332,1762,1837,910,7708,1027,402,471,28890,4815,8436,2296,2761,1491,5675,1569
310M200US18700,18700,"Corvallis, OR Metro Area",86591,,76162,814,1061,239,549,320,4771,708,199,241,1195,818,2654,744,0,200,2654,744
310M200US18880,18880,"Crestview-Fort Walton Beach-Destin, FL Metro Area",253618,,205343,2134,23286,1168,1353,702,7390,937,140,191,9348,2421,6758,1826,598,413,6160,1699
310M200US19060,19060,"Cumberland, MD-WV Metro Area",101225,,90753,150,6985,960,292,275,192,183,174,298,272,223,2557,737,182,236,2375,745
310M200US19100,19100,"Dallas-Fort Worth-Arlington, TX Metro Area",6812373,2016,4715476,22446,1028035,8085,29012,3903,389458,5956,5306,1488,447188,22048,197898,12800,42134,5373,155764,12608
310M200US19140,19140,"Dalton, GA Metro Area",142212,,129512,2521,4723,649,782,1358,1119,452,0,214,3038,1812,3038,1266,967,874,2071,834
310M200US19180,19180,"Danville, IL Metro Area",80329,,66841,786,10829,568,195,133,631,220,103,158,687,777,1043,578,0,185,1043,578
310M200US19300,19300,"Daphne-Fairhope-Foley, AL Metro Area",195540,,169831,1499,20100,1250,570,441,1341,829,0,192,1513,1482,2185,1460,754,836,1431,1120
310M200US19340,19340,"Davenport-Moline-Rock Island, IA-IL Metro Area",383257,1051,330412,2108,29558,769,750,387,7079,535,176,175,7209,1621,8073,1507,1180,639,6893,1406
310M200US19380,19380,"Dayton, OH Metro Area",802489,,634057,2271,123187,2485,1057,377,15680,1633,336,322,4662,1937,23510,2936,1828,1038,21682,2688
310M200US19460,19460,"Decatur, AL Metro Area",153374,,124193,1871,18189,1855,2554,1082,245,227,0,192,2737,1768,5456,1973,0,192,5456,1973
310M200US19500,19500,"Decatur, IL Metro Area",109278,,86103,481,14287,1378,341,311,1263,272,0,185,713,513,6571,1370,0,185,6571,1370
310M200US19660,19660,"Deltona-Daytona Beach-Ormond Beach, FL Metro Area",600756,,497368,3806,60667,3088,1387,670,11214,900,194,227,16465,3930,13461,3055,1515,871,11946,2866
310M200US19740,19740,"Denver-Aurora-Lakewood, CO Metro Area",2697476,,2215642,11061,146932,3941,17533,2706,102732,2580,3656,1277,116030,9551,94951,6151,15452,2826,79499,5987
310M200US19780,19780,"Des Moines-West Des Moines, IA Metro Area",599789,,525855,3191,29747,1778,1046,568,20995,1352,48,67,8928,2923,13170,2978,2530,1564,10640,2385
310M200US19820,19820,"Detroit-Warren-Dearborn, MI Metro Area",4294983,,3009755,5518,961990,6094,12304,1822,162016,3198,1112,846,47348,5000,100458,6997,6823,1748,93635,6890
310M200US20020,20020,"Dothan, AL Metro Area",147691,,107325,554,35292,692,719,345,981,143,0,192,687,443,2687,676,114,93,2573,694
310M200US20100,20100,"Dover, DE Metro Area",169416,,111974,1191,41668,1957,1821,816,3765,701,260,230,3078,1225,6850,2048,379,265,6471,2071
310M200US20220,20220,"Dubuque, IA Metro Area",95697,,90106,349,1484,642,0,157,1144,237,32,56,246,352,2685,705,9,16,2676,702
310M200US20260,20260,"Duluth, MN-WI Metro Area",279887,,258539,597,4191,693,7332,1000,2770,396,19,36,511,268,6525,1305,164,148,6361,1262
310M200US20500,20500,"Durham-Chapel Hill, NC Metro Area",534578,,333143,4641,145032,2637,1598,763,23619,1282,66,80,14298,4277,16822,2902,4354,1866,12468,2551
310M200US20700,20700,"East Stroudsburg, PA Metro Area",167148,,129382,2907,23272,1724,686,740,3393,940,0,172,4802,2591,5613,1851,815,719,4798,1706
310M200US20740,20740,"Eau Claire, WI Metro Area",164570,,154791,380,1152,443,640,243,3769,943,31,58,406,369,3781,999,25,59,3756,992
310M200US20940,20940,"El Centro, CA Metro Area",176584,,122140,5719,4604,378,1845,541,2621,423,81,95,33895,5032,11398,2900,7128,2631,4270,1543
310M200US21060,21060,"Elizabethtown-Fort Knox, KY Metro Area",151740,1784,126415,2062,14940,1436,441,310,2110,440,26,46,1783,657,6025,1414,343,314,5682,1399
310M200US21140,21140,"Elkhart-Goshen, IN Metro Area",200563,,174310,2780,8776,1773,652,509,1484,494,192,222,6630,2454,8519,2063,775,511,7744,1941
310M200US21300,21300,"Elmira, NY Metro Area",88506,,78686,546,5498,753,495,195,1045,302,0,193,300,353,2482,1016,30,30,2452,1013
310M200US21340,21340,"El Paso, TX Metro Area",831935,1391,698343,9031,28682,1839,5776,2684,9482,1132,1208,635,72047,8746,16397,2439,5749,1526,10648,1947
310M200US21500,21500,"Erie, PA Metro Area",280294,,246992,997,19822,1415,900,166,4063,251,58,78,2410,854,6049,1701,679,621,5370,1549
310M200US21660,21660,"Eugene, OR Metro Area",356212,,312281,2990,3903,719,3854,1017,8772,1216,1185,319,10884,3371,15333,1855,1738,724,13595,1717
310M200US21780,21780,"Evansville, IN-KY Metro Area",314280,,280860,864,19594,1407,1027,272,3756,1286,377,454,1637,842,7029,1615,541,544,6488,1548
310M200US21820,21820,"Fairbanks, AK Metro Area",100436,,77978,1105,3911,1159,6815,2024,3426,567,196,246,201,235,7909,2156,50,89,7859,2141
310M200US22020,22020,"Fargo, ND-MN Metro Area",223490,,205079,643,5478,1005,2456,832,4619,522,28,59,475,380,5355,1430,301,333,5054,1390
310M200US22140,22140,"Farmington, NM Metro Area",126503,,66915,1891,292,272,47755,1353,415,280,97,115,6199,1493,4830,1570,1027,714,3803,1256
310M200US22180,22180,"Fayetteville, NC Metro Area",377193,,192529,2797,136559,2718,7380,1326,8354,1160,401,294,9006,2204,22964,3443,1733,914,21231,3257
310M200US22220,22220,"Fayetteville-Springdale-Rogers, AR-MO Metro Area",491755,2748,409862,5025,15269,1774,6344,1358,14510,1153,454,506,31576,3990,13740,2453,2099,1073,11641,2224
310M200US22380,22380,"Flagstaff, AZ Metro Area",136539,,84389,1920,2577,403,35829,1588,1734,526,277,355,6133,2060,5600,1429,563,341,5037,1349
310M200US22420,22420,"Flint, MI Metro Area",415376,,309801,1545,85506,2423,1312,631,3669,818,88,115,2551,996,12449,2461,1093,946,11356,2193
310M200US22500,22500,"Florence, SC Metro Area",206261,,114901,684,84844,1400,737,592,1626,395,0,204,612,552,3541,1155,0,204,3541,1155
310M200US22520,22520,"Florence-Muscle Shoals, AL Metro Area",147317,,123454,484,19387,990,609,416,1113,211,46,87,652,584,2056,920,654,655,1402,680
310M200US22540,22540,"Fond du Lac, WI Metro Area",101798,,95052,1872,869,272,319,216,1379,207,0,149,2308,1792,1871,391,108,140,1763,383
310M200US22660,22660,"Fort Collins, CO Metro Area",315988,,287126,2557,2263,604,1635,515,5693,783,229,152,8143,2266,10899,2107,2026,1428,8873,1492
310M200US22900,22900,"Fort Smith, AR-OK Metro Area",279974,,227434,1407,10483,1021,14795,1352,7117,531,382,452,3353,1292,16410,1664,821,442,15589,1619
310M200US23060,23060,"Fort Wayne, IN Metro Area",424122,,347268,2453,42941,1593,841,470,9553,1357,75,116,11403,2932,12041,1898,1174,705,10867,1928
310M200US23420,23420,"Fresno, CA Metro Area",955272,,590833,15613,48872,1726,10938,2299,95291,2481,1574,127,170759,14969,37005,5961,13768,4756,23237,3529
310M200US23460,23460,"Gadsden, AL Metro Area",103931,,84585,723,16426,265,799,611,699,245,71,128,226,339,1125,593,309,327,816,462
310M200US23540,23540,"Gainesville, FL Metro Area",273232,2124,197102,2225,49999,2146,525,204,14077,708,1379,1275,2328,914,7822,1818,728,385,7094,1764
310M200US23580,23580,"Gainesville, GA Metro Area",187745,,153910,3585,13937,765,614,434,3319,537,66,107,13320,3578,2579,1025,370,387,2209,944
310M200US23900,23900,"Gettysburg, PA Metro Area",101546,,93557,1009,1634,359,167,130,773,210,0,172,3816,1101,1599,619,523,513,1076,417
310M200US24020,24020,"Glens Falls, NY Metro Area",128430,,122173,422,3361,660,75,126,417,177,0,193,644,319,1760,688,317,253,1443,617
310M200US24140,24140,"Goldsboro, NC Metro Area",124583,,70896,1528,38133,1236,131,173,856,1045,0,201,8932,1954,5635,2003,657,548,4978,1921
310M200US24220,24220,"Grand Forks, ND-MN Metro Area",100748,,91061,535,2201,911,2340,592,1757,218,139,222,518,409,2732,1015,738,419,1994,919
310M200US24260,24260,"Grand Island, NE Metro Area",84168,725,78481,1462,1209,700,215,232,1059,421,51,59,1835,1329,1318,639,25,48,1293,632
310M200US24300,24300,"Grand Junction, CO Metro Area",147554,,137705,1508,1536,300,1107,821,701,247,0,195,2641,1376,3864,1091,412,320,3452,1022
310M200US24340,24340,"Grand Rapids-Wyoming, MI Metro Area",1016603,,874611,4540,65892,3493,4770,1872,23851,1311,49,88,18089,3692,29341,4093,3320,1187,26021,4082
310M200US24420,24420,"Grants Pass, OR Metro Area",83306,,78133,675,199,194,1202,855,249,193,10,23,485,614,3028,902,229,305,2799,849
310M200US24500,24500,"Great Falls, MT Metro Area",82384,,72705,856,1320,263,3548,946,951,315,9,16,936,975,2915,914,276,376,2639,899
310M200US24540,24540,"Greeley, CO Metro Area",269785,,217193,4477,3155,578,2116,957,4051,645,139,146,35956,4777,7175,1723,3193,1330,3982,1153
310M200US24580,24580,"Green Bay, WI Metro Area",312409,,276036,2610,6949,1538,6247,1074,7844,690,61,106,6089,2545,9183,2041,1798,1226,7385,1610
310M200US24660,24660,"Greensboro-High Point, NC Metro Area",741065,,481501,4005,196954,4222,4146,1350,24459,1016,543,578,19125,4638,14337,2580,2195,1334,12142,2195
310M200US24780,24780,"Greenville, NC Metro Area",174263,,102436,1628,59315,1231,539,235,3211,240,53,90,5464,1667,3245,1377,154,192,3091,1352
310M200US24860,24860,"Greenville-Anderson-Mauldin, SC Metro Area",850965,,668784,3041,143482,1951,2308,515,13063,1071,864,609,10703,2992,11761,2288,912,511,10849,2240
310M200US25020,25020,"Guayama, PR Metro Area",81217,2051,65400,3107,13284,2630,62,99,0,225,51,81,1321,779,1099,681,349,293,750,669
310M200US25060,25060,"Gulfport-Biloxi-Pascagoula, MS Metro Area",382516,,277731,2322,82599,1800,1202,754,9535,639,0,208,4832,2093,6617,1920,485,564,6132,1889
310M200US25180,25180,"Hagerstown-Martinsburg, MD-WV Metro Area",258294,,220707,1283,23455,1741,619,369,3976,471,458,444,1951,1174,7128,1687,123,158,7005,1653
310M200US25260,25260,"Hanford-Corcoran, CA Metro Area",150960,,100734,4422,10111,650,1726,420,5400,856,406,33,26823,4277,5760,1590,1316,717,4444,1309
310M200US25420,25420,"Harrisburg-Carlisle, PA Metro Area",557711,,456037,2486,58675,2421,746,281,18078,1493,108,142,10562,2461,13505,3022,1550,1044,11955,2657
310M200US25500,25500,"Harrisonburg, VA Metro Area",129136,,116764,1508,4329,1004,105,159,2397,610,402,540,1880,1153,3259,1169,199,180,3060,1127
310M200US25540,25540,"Hartford-West Hartford-East Hartford, CT Metro Area",1215211,,931485,6698,134673,4290,790,350,53723,2106,164,174,55853,6707,38523,4827,11482,2865,27041,3624
310M200US25620,25620,"Hattiesburg, MS Metro Area",148644,2352,99628,2372,44100,1542,983,847,939,77,29,56,1440,893,1525,778,136,142,1389,770
310M200US25860,25860,"Hickory-Lenoir-Morganton, NC Metro Area",363572,,305144,2713,23003,2097,1072,765,9480,650,0,201,15459,3001,9414,2344,559,549,8855,2309
310M200US25940,25940,"Hilton Head Island-Bluffton-Beaufort, SC Metro Area",198467,,136994,3208,44681,2023,687,229,1641,430,75,149,10345,3006,4044,1661,279,290,3765,1596
310M200US25980,25980,"Hinesville, GA Metro Area",81555,2601,39252,2529,31046,1984,335,101,1002,361,141,177,5790,1513,3989,1093,490,490,3499,1032
310M200US26140,26140,"Homosassa Springs, FL Metro Area",139271,,130088,524,4549,807,336,300,2336,191,0,218,315,313,1647,870,248,231,1399,810
310M200US26300,26300,"Hot Springs, AR Metro Area",97173,,81149,585,8355,925,833,508,125,194,0,192,4535,652,2176,1024,0,192,2176,1024
310M200US26380,26380,"Houma-Thibodaux, LA Metro Area",209890,,158245,1184,34153,1245,7812,1385,2070,274,0,203,2263,1118,5347,1831,0,203,5347,1831
310M200US26420,26420,"Houston-The Woodlands-Sugar Land, TX Metro Area",6313158,,4144564,25716,1085816,8554,26811,4644,441249,4846,2836,529,469503,25375,142379,10253,30510,5353,111869,9623
310M200US26580,26580,"Huntington-Ashland, WV-KY-OH Metro Area",364101,,344163,972,8486,1324,328,349,2271,727,0,190,946,818,7907,1404,82,97,7825,1397
310M200US26620,26620,"Huntsville, AL Metro Area",435737,,313045,2178,96668,1219,2625,960,10153,774,356,372,3130,1487,9760,1921,590,504,9170,1807
310M200US26820,26820,"Idaho Falls, ID Metro Area",137554,1068,123383,2534,656,425,471,422,782,310,255,280,7347,2135,4660,1303,2047,1132,2613,668
310M200US26900,26900,"Indianapolis-Carmel-Anderson, IN Metro Area",1953613,2310,1505540,6139,288849,4321,3116,1078,49122,2585,304,452,63620,5761,43062,4577,4958,1999,38104,4291
310M200US26980,26980,"Iowa City, IA Metro Area",161170,,140911,792,8145,757,105,171,8456,399,300,385,1405,777,1848,744,86,131,1762,752
310M200US27060,27060,"Ithaca, NY Metro Area",103617,,84165,973,4381,853,172,157,10781,794,16,33,957,526,3145,1213,344,496,2801,1111
310M200US27100,27100,"Jackson, MI Metro Area",160369,,140605,558,14303,604,526,208,819,484,27,45,422,331,3667,1018,465,285,3202,938
310M200US27140,27140,"Jackson, MS Metro Area",578361,2001,277942,3350,282855,2951,564,337,6019,564,119,197,5776,1311,5086,1603,283,312,4803,1538
310M200US27180,27180,"Jackson, TN Metro Area",130645,,83627,900,43614,904,104,133,1237,73,0,203,838,796,1225,861,0,203,1225,861
310M200US27260,27260,"Jacksonville, FL Metro Area",1394624,,988830,4532,298316,3846,4181,1601,50414,2726,1431,742,10735,2720,40717,5843,7533,3822,33184,4584
310M200US27340,27340,"Jacksonville, NC Metro Area",185220,,139086,2049,30075,1481,632,419,3950,894,750,607,3476,1585,7251,1711,916,665,6335,1498
310M200US27500,27500,"Janesville-Beloit, WI Metro Area",160739,,144732,1410,5438,1394,120,102,1898,361,0,149,2281,1391,6270,1453,195,237,6075,1459
310M200US27620,27620,"Jefferson City, MO Metro Area",148703,2082,131272,2062,10518,1502,450,314,1437,354,149,136,1639,584,3238,1365,42,86,3196,1359
310M200US27740,27740,"Johnson City, TN Metro Area",200591,2235,187146,2743,5752,1171,614,694,2316,411,0,203,963,699,3800,1113,981,813,2819,963
310M200US27780,27780,"Johnstown, PA Metro Area",140499,,131551,596,5067,690,30,39,762,227,0,172,22,61,3067,1141,107,140,2960,1123
310M200US27860,27860,"Jonesboro, AR Metro Area",125633,,104570,630,15042,1476,535,185,1083,296,0,192,1836,980,2567,1539,140,224,2427,1527
310M200US27900,27900,"Joplin, MO Metro Area",175243,,158552,2103,3370,456,2721,959,2123,311,513,718,2478,1985,5486,1195,299,304,5187,1106
310M200US27980,27980,"Kahului-Wailuku-Lahaina, HI Metro Area",160292,,54831,1782,762,531,425,320,45951,3653,16920,2118,1225,670,40178,4663,276,214,39902,4667
310M200US28020,28020,"Kalamazoo-Portage, MI Metro Area",332180,,276368,2030,30867,1856,792,490,6551,746,0,168,4107,1470,13495,2339,679,498,12816,2314
310M200US28100,28100,"Kankakee, IL Metro Area",112120,,90026,1332,16734,797,320,446,979,415,35,60,1204,1025,2822,1042,284,299,2538,991
310M200US28140,28140,"Kansas City, MO-KS Metro Area",2052048,1505,1618695,5386,258227,4292,9011,2044,51258,2279,2453,398,51361,5628,61043,5728,8139,2409,52904,4993
310M200US28420,28420,"Kennewick-Richland, WA Metro Area",271124,,207715,4530,4374,1002,2025,684,6957,1141,179,214,39835,4683,10039,2243,2851,1315,7188,1763
310M200US28660,28660,"Killeen-Temple, TX Metro Area",423253,2305,286638,4455,84831,2615,2866,1632,10347,1600,2856,779,15446,4171,20269,3290,1642,788,18627,3382
310M200US28700,28700,"Kingsport-Bristol-Bristol, TN-VA Metro Area",308643,1777,293367,2208,8495,1461,322,389,1384,520,75,106,1617,831,3383,712,19,34,3364,717
310M200US28740,28740,"Kingston, NY Metro Area",180998,,157566,1622,9396,1493,40,73,3330,969,0,193,2337,1327,8329,2115,515,456,7814,2255
310M200US28940,28940,"Knoxville, TN Metro Area",852147,1866,766075,3766,52636,2404,2345,1276,10168,938,378,452,3040,1143,17505,3110,1819,835,15686,3018
310M200US29020,29020,"Kokomo, IN Metro Area",82760,,73088,477,6201,800,441,233,1065,93,0,190,324,322,1641,763,57,99,1584,741
310M200US29100,29100,"La Crosse-Onalaska, WI-MN Metro Area",135512,,124547,383,1715,434,195,235,5490,298,0,190,1383,438,2182,658,0,190,2182,658
310M200US29180,29180,"Lafayette, LA Metro Area",479116,,338419,1854,119842,2481,1102,621,6044,1200,0,203,3334,1471,10375,2390,791,565,9584,2344
310M200US29200,29200,"Lafayette-West Lafayette, IN Metro Area",209611,1239,184303,1597,6428,1075,259,272,13136,182,0,190,825,897,4660,1074,281,265,4379,1064
310M200US29340,29340,"Lake Charles, LA Metro Area",202397,1412,145626,1779,48270,1451,232,329,2265,583,0,203,538,637,5466,1426,277,206,5189,1476
310M200US29420,29420,"Lake Havasu City-Kingman, AZ Metro Area",203030,,184282,1841,2612,605,4842,679,2556,623,162,165,3559,1555,5017,1425,515,462,4502,1453
310M200US29460,29460,"Lakeland-Winter Haven, FL Metro Area",623009,,490345,4466,93544,2158,1930,826,10374,989,138,152,8700,2913,17978,4423,4310,2531,13668,3771
310M200US29540,29540,"Lancaster, PA Metro Area",529600,,467534,3673,23593,2367,1105,506,10419,910,0,172,18029,4177,8920,1893,1296,681,7624,1709
310M200US29620,29620,"Lansing-East Lansing, MI Metro Area",467321,,381617,2114,39193,3002,2106,658,17956,927,159,106,6159,1669,20131,3377,1479,732,18652,3382
310M200US29700,29700,"Laredo, TX Metro Area",262495,,249895,2267,1346,731,977,654,1098,569,0,213,7992,2097,1187,456,761,375,426,344
310M200US29740,29740,"Las Cruces, NM Metro Area",213460,,191537,3490,3573,399,2630,638,1464,963,45,71,8217,2681,5994,2146,1995,1414,3999,1715
310M200US29820,29820,"Las Vegas-Henderson-Paradise, NV Metro Area",2027868,,1270968,14619,218231,4552,10832,1959,187873,4284,14559,954,234426,14317,90979,6195,15467,2792,75512,5943
310M200US29940,29940,"Lawrence, KS Metro Area",114322,,95380,1153,4617,1034,2798,922,4746,586,0,170,727,473,6054,1719,630,606,5424,1849
310M200US30020,30020,"Lawton, OK Metro Area",131396,922,85738,1636,21358,1482,7546,996,2315,901,689,139,3220,1150,10530,1982,1060,684,9470,1899
310M200US30140,30140,"Lebanon, PA Metro Area",135486,,118941,1422,2765,930,68,111,1692,200,0,172,8710,1719,3310,1353,1151,781,2159,879
310M200US30300,30300,"Lewiston, ID-WA Metro Area",62025,,55971,783,296,312,2016,723,1400,584,0,190,96,119,2246,858,131,171,2115,812
310M200US30340,30340,"Lewiston-Auburn, ME Metro Area",107604,,99738,459,1001,534,86,84,1189,211,0,165,149,162,5441,572,0,165,5441,572
310M200US30460,30460,"Lexington-Fayette, KY Metro Area",489435,,397615,2753,55486,1919,1454,610,12355,705,146,143,13026,2863,9353,2059,945,605,8408,1946
310M200US30620,30620,"Lima, OH Metro Area",105298,,87735,611,12079,1178,402,338,960,230,0,190,503,450,3619,1321,185,186,3434,1329
310M200US30700,30700,"Lincoln, NE Metro Area",316941,1085,274828,2468,12528,1190,2143,759,11512,760,63,109,6782,2433,9085,2273,3049,1831,6036,1126
310M200US30780,30780,"Little Rock-North Little Rock-Conway, AR Metro Area",723743,1516,521230,3565,163225,2814,1570,659,9851,1633,198,301,8456,2673,19213,2976,1021,466,18192,2947
310M200US30860,30860,"Logan, UT-ID Metro Area",129956,895,117953,2243,1151,257,577,286,2931,435,0,190,4867,1817,2477,909,858,837,1619,516
310M200US30980,30980,"Longview, TX Metro Area",216530,,168356,1679,39121,698,360,502,1751,678,0,213,3687,1592,3255,1067,607,520,2648,941
310M200US31020,31020,"Longview, WA Metro Area",101860,,93102,833,419,390,1546,771,1198,785,0,198,1138,646,4457,1177,264,306,4193,1120
310M200US31080,31080,"Los Angeles-Long Beach-Anaheim, CA Metro Area",13131431,,7326886,46039,884129,8579,76638,6898,1995734,9249,36628,2454,2324648,43742,486768,16735,126263,8607,360505,13726
310M200US31140,31140,"Louisville/Jefferson County, KY-IN Metro Area",1262928,3721,1022004,4501,175762,4278,1660,622,20557,1173,454,547,8754,2289,33737,4508,3263,1252,30474,4362
310M200US31180,31180,"Lubbock, TX Metro Area",304830,1913,242921,5392,20864,1001,2369,904,5728,805,16,28,24245,4241,8687,1670,3350,1231,5337,1619
310M200US31340,31340,"Lynchburg, VA Metro Area",260792,3394,201897,3224,44795,2873,419,316,3626,650,130,141,2262,1400,7663,1984,411,447,7252,1966
310M200US31420,31420,"Macon, GA Metro Area",230300,2721,120737,2508,101976,2432,315,299,2723,550,51,85,734,723,3764,1312,507,463,3257,1272
310M200US31460,31460,"Madera, CA Metro Area",152389,,125984,3341,5044,656,2627,736,3131,719,300,302,10872,2542,4431,1767,1167,598,3264,1665
310M200US31540,31540,"Madison, WI Metro Area",627431,,546638,2898,27738,2127,1640,678,27129,980,340,378,9790,2700,14156,2737,899,400,13257,2654
310M200US31700,31700,"Manchester-Nashua, NH Metro Area",403985,,362991,2885,9746,2159,302,233,14815,880,0,185,6517,2728,9614,2229,513,477,9101,2202
310M200US31740,31740,"Manhattan, KS Metro Area",98085,,83601,924,6001,1040,722,530,3870,593,12,24,217,325,3662,1350,592,563,3070,1382
310M200US31860,31860,"Mankato-North Mankato, MN Metro Area",98560,,91417,471,2801,595,316,232,1636,367,0,145,507,410,1883,575,79,120,1804,568
310M200US31900,31900,"Mansfield, OH Metro Area",121773,,106186,558,9809,892,58,82,902,174,119,183,683,467,4016,874,338,249,3678,863
310M200US32420,32420,"Mayagüez, PR Metro Area",101856,2444,59498,4592,4633,1473,199,317,203,335,0,225,35722,4535,1601,830,946,669,655,562
310M200US32580,32580,"McAllen-Edinburg-Mission, TX Metro Area",815996,,748461,7870,5821,1164,1374,952,8465,758,0,213,45761,7780,6114,1736,3404,1361,2710,1128
310M200US32780,32780,"Medford, OR Metro Area",208545,,190667,2315,1837,692,804,442,1833,851,61,104,3876,1978,9467,1556,774,810,8693,1256
310M200US32820,32820,"Memphis, TN-MS-AR Metro Area",1343850,2634,643602,4378,622992,4115,2158,1011,26131,1758,414,664,28531,4250,20022,3290,2846,1185,17176,2935
310M200US32900,32900,"Merced, CA Metro Area",263228,,155090,5341,8493,813,1509,592,21317,928,179,213,61310,5886,15330,3541,8118,2826,7212,1916
310M200US33100,33100,"Miami-Fort Lauderdale-West Palm Beach, FL Metro Area",5828191,,4172279,17087,1242833,9663,9786,2087,140067,3755,1247,589,148468,14005,113511,8495,24376,3504,89135,7382
310M200US33140,33140,"Michigan City-La Porte, IN Metro Area",111281,,93499,947,12124,1040,366,206,272,236,43,69,2116,924,2861,955,380,311,2481,939
310M200US33220,33220,"Midland, MI Metro Area",83919,,78387,996,1465,68,132,222,2012,288,95,161,771,883,1057,344,0,168,1057,344
310M200US33260,33260,"Midland, TX Metro Area",155723,1449,116695,5899,8832,2048,593,597,1665,563,864,1301,23001,5703,4073,1502,544,420,3529,1481
310M200US33340,33340,"Milwaukee-Waukesha-West Allis, WI Metro Area",1569659,,1173512,4920,258216,3334,5426,985,50081,1615,299,293,40771,4608,41354,4171,5660,2001,35694,3951
310M200US33460,33460,"Minneapolis-St. Paul-Bloomington, MN-WI Metro Area",3459146,,2792981,6365,261265,5656,20530,2868,208466,3513,1230,489,68573,5729,106101,7116,8856,2184,97245,6645
310M200US33540,33540,"Missoula, MT Metro Area",111807,,102733,1032,179,233,3068,1021,1289,412,0,165,482,511,4056,1250,552,610,3504,1100
310M200US33660,33660,"Mobile, AL Metro Area",414079,,249194,1075,144740,2045,1845,710,8198,809,46,76,1323,785,8733,2499,427,402,8306,2406
310M200US33700,33700,"Modesto, CA Metro Area",525491,,379477,8329,14527,1994,2994,919,30854,2473,1367,746,72582,8625,23690,3812,6588,2688,17102,2917
310M200US33740,33740,"Monroe, LA Metro Area",178565,,110830,1423,63020,1445,536,185,1797,203,0,203,1148,569,1234,594,98,137,1136,572
310M200US33780,33780,"Monroe, MI Metro Area",150376,,142498,621,3435,482,864,353,841,104,0,168,586,417,2152,640,336,317,1816,545
310M200US33860,33860,"Montgomery, AL Metro Area",376066,1276,194117,1836,166460,1836,582,362,5779,1140,52,120,4827,1641,4249,1517,1042,1159,3207,1153
310M200US34060,34060,"Morgantown, WV Metro Area",136133,,124597,1039,5289,801,240,230,2927,743,118,136,516,438,2446,1066,190,170,2256,1042
310M200US34100,34100,"Morristown, TN Metro Area",115197,,106746,1798,3431,810,0,203,626,184,0,203,1648,1546,2746,1044,468,601,2278,831
310M200US34580,34580,"Mount Vernon-Anacortes, WA Metro Area",118837,,102620,2879,1019,337,2064,489,1589,377,459,341,5920,2326,5166,1344,1013,880,4153,908
310M200US34620,34620,"Muncie, IN Metro Area",117484,,104619,677,7939,802,59,70,1159,551,0,190,842,693,2866,1013,48,76,2818,1011
310M200US34740,34740,"Muskegon, MI Metro Area",171008,,138521,1327,22463,1188,1576,963,1097,289,0,168,600,362,6751,1416,723,513,6028,1322
310M200US34820,34820,"Myrtle Beach-Conway-North Myrtle Beach, SC-NC Metro Area",404951,,334635,1721,51415,1872,1773,829,4229,514,1634,1680,4414,1741,6851,1558,406,243,6445,1558
310M200US34900,34900,"Napa, CA Metro Area",140326,,101561,3494,3074,397,1319,879,10765,840,122,136,18010,3455,5475,1409,1946,942,3529,1058
310M200US34940,34940,"Naples-Immokalee-Marco Island, FL Metro Area",339642,,303120,2883,22772,1245,979,348,4450,859,0,218,5443,2731,2878,1506,599,546,2279,1364
310M200US34980,34980,"Nashville-Davidson--Murfreesboro--Franklin, TN Metro Area",1757424,1948,1368399,6111,269975,4192,4782,1339,41684,1989,1106,638,38046,5515,33432,4458,3256,1583,30176,4195
310M200US35100,35100,"New Bern, NC Metro Area",128853,2659,90752,2972,28832,1968,625,336,2395,619,369,592,2381,1706,3499,1312,211,246,3288,1350
310M200US35300,35300,"New Haven-Milford, CT Metro Area",862287,,653393,7531,109998,3140,1100,569,33213,1493,101,167,45430,7554,19052,3268,6023,2628,13029,2073
310M200US35380,35380,"New Orleans-Metairie, LA Metro Area",1240977,,727112,4819,433151,2403,4794,1196,35906,1317,363,471,21944,4234,17707,2889,1789,672,15918,2829
310M200US35620,35620,"New York-Newark-Jersey City, NY-NJ-PA Metro Area",19949502,,11758079,36999,3436346,19816,58155,6040,2078246,10228,8060,2347,2044869,38345,565747,22792,167575,11490,398172,17884
310M200US35660,35660,"Niles-Benton Harbor, MI Metro Area",155252,,121325,1554,22338,1279,528,286,2878,358,93,79,3276,1503,4814,1414,154,133,4660,1373
310M200US35840,35840,"North Port-Sarasota-Bradenton, FL Metro Area",732535,,649534,3171,50432,2243,1653,619,12321,863,88,155,7864,2377,10643,2681,1635,891,9008,2387
310M200US35980,35980,"Norwich-New London, CT Metro Area",274150,,223921,2559,16303,2208,2599,1987,10862,1221,44,75,6444,2154,13977,2458,1048,878,12929,2369
310M200US36100,36100,"Ocala, FL Metro Area",337362,,278429,3131,44795,1204,1661,468,4629,701,64,108,1269,624,6515,3230,1201,607,5314,3239
310M200US36140,36140,"Ocean City, NJ Metro Area",95897,,86724,989,4286,763,66,109,1082,195,262,447,1837,1064,1640,921,67,83,1573,912
310M200US36220,36220,"Odessa, TX Metro Area",149378,,127043,3166,6142,937,1156,617,1399,77,0,213,9729,2732,3909,1597,614,465,3295,1519
310M200US36260,36260,"Ogden-Clearfield, UT Metro Area",621853,1673,563575,4022,7573,1335,2782,889,9453,1284,2712,686,17155,3346,18603,2566,5393,1837,13210,1877
310M200US36420,36420,"Oklahoma City, OK Metro Area",1319677,,980639,5870,133687,3609,51608,3332,40469,2082,876,618,34631,5169,77767,5600,4316,1305,73451,5149
310M200US36500,36500,"Olympia-Tumwater, WA Metro Area",262388,,215726,2130,7928,1222,2858,994,16792,1550,550,468,4139,1668,14395,1953,959,557,13436,1767
310M200US36540,36540,"Omaha-Council Bluffs, NE-IA Metro Area",895999,1025,763344,3562,66995,2366,2690,696,20026,1242,409,284,17403,3561,25132,2555,2182,676,22950,2472
310M200US36740,36740,"Orlando-Kissimmee-Sanford, FL Metro Area",2267846,,1612589,13263,358265,7165,5895,2593,95344,3683,1499,1094,123447,11885,70807,8477,14974,3863,55833,7729
310M200US36780,36780,"Oshkosh-Neenah, WI Metro Area",169541,,157303,886,2788,308,997,298,4352,459,92,173,1141,826,2868,625,86,153,2782,624
310M200US36980,36980,"Owensboro, KY Metro Area",117149,2141,108396,2235,4791,1114,193,174,902,301,0,189,165,167,2702,1330,495,479,2207,1299
310M200US37100,37100,"Oxnard-Thousand Oaks-Ventura, CA Metro Area",839620,,664232,9317,14439,1215,4990,1104,58231,2059,986,673,60320,7992,36422,4617,7769,2084,28653,4087
310M200US37340,37340,"Palm Bay-Melbourne-Titusville, FL Metro Area",550823,,460191,2903,57116,2101,1621,809,13123,1187,0,218,4961,2189,13811,2409,2325,1531,11486,2071
310M200US37460,37460,"Panama City, FL Metro Area",191522,2353,157466,2738,21626,1564,1474,510,4677,575,56,92,1413,1084,4810,1508,342,237,4468,1478
310M200US37860,37860,"Pensacola-Ferry Pass-Brent, FL Metro Area",466913,,350719,2148,74740,2763,2483,834,11206,1260,689,733,4480,1633,22596,3335,1765,957,20831,3317
310M200US37900,37900,"Peoria, IL Metro Area",382776,827,327590,1581,34569,1596,382,262,8312,870,0,185,2731,1126,9192,1805,959,562,8233,1740
310M200US37980,37980,"Philadelphia-Camden-Wilmington, PA-NJ-DE-MD Metro Area",6034678,,4098678,11114,1269652,9948,9086,1938,325884,4367,1135,479,186049,11197,144194,10062,23367,4645,120827,9019
310M200US38060,38060,"Phoenix-Mesa-Scottsdale, AZ Metro Area",4398762,,3522606,16522,225302,4717,93808,4825,153692,4196,9597,892,254824,15327,138933,9256,26322,3940,112611,8237
310M200US38220,38220,"Pine Bluff, AR Metro Area",96415,1276,47566,1315,46941,764,308,229,243,189,0,192,732,499,625,443,0,192,625,443
310M200US38300,38300,"Pittsburgh, PA Metro Area",2360867,,2065063,1613,193818,4249,2675,782,47535,1577,372,295,6217,1495,45187,4544,1533,764,43654,4521
310M200US38340,38340,"Pittsfield, MA Metro Area",129585,,119285,967,3471,799,58,87,1695,330,0,203,1089,518,3987,1261,261,239,3726,1245
310M200US38540,38540,"Pocatello, ID Metro Area",83249,,74843,1090,426,316,2463,690,1052,409,0,193,1439,1061,3026,1017,334,528,2692,876
310M200US38660,38660,"Ponce, PR Metro Area",333527,,266462,5888,15884,3224,543,533,460,543,0,225,5745,2256,44433,4749,1236,633,43197,4787
310M200US38860,38860,"Portland-South Portland, ME Metro Area",519900,,488665,1611,9152,934,1447,707,8364,1019,45,71,2028,1593,10199,1800,181,200,10018,1785
310M200US38900,38900,"Portland-Vancouver-Hillsboro, OR-WA Metro Area",2315089,1470,1911127,9863,69090,3122,18476,3118,136199,4117,11262,1733,66788,7913,102147,6343,9107,1754,93040,5845
310M200US38940,38940,"Port St. Lucie, FL Metro Area",438095,,341599,4467,64483,2230,340,364,7060,661,0,218,14833,4367,9780,2835,2235,1424,7545,2229
310M200US39140,39140,"Prescott, AZ Metro Area",215133,,198393,2784,1316,254,4282,455,1576,786,0,203,5080,2712,4486,988,760,585,3726,843
310M200US39300,39300,"Providence-Warwick, RI-MA Metro Area",1604291,,1328145,7963,85482,5650,4786,1138,44138,2756,839,619,96258,8003,44643,5095,8496,1773,36147,4345
310M200US39340,39340,"Provo-Orem, UT Metro Area",562338,1479,512343,4515,4095,1386,3300,903,8393,864,4901,1012,16003,4319,13303,2084,1096,632,12207,2023
310M200US39380,39380,"Pueblo, CO Metro Area",161451,,119340,3841,4595,1614,4800,2064,1137,479,122,137,24594,3868,6863,1689,2508,1096,4355,1356
310M200US39460,39460,"Punta Gorda, FL Metro Area",164736,,148883,777,9860,505,571,281,1718,683,0,218,597,403,3107,1037,533,425,2574,908
310M200US39540,39540,"Racine, WI Metro Area",195041,,154486,2439,21649,1172,998,536,2206,551,0,149,9445,2577,6257,1886,647,480,5610,1861
310M200US39580,39580,"Raleigh, NC Metro Area",1214516,,840655,6389,243800,4283,4452,1375,60178,1630,738,536,38208,6911,26485,4326,3696,1382,22789,3928
310M200US39660,39660,"Rapid City, SD Metro Area",141324,2869,119649,2849,2317,672,10365,1362,1176,393,0,155,554,316,7263,1615,227,192,7036,1605
310M200US39740,39740,"Reading, PA Metro Area",413521,,342426,3639,18267,1930,3120,1937,5760,657,417,664,26502,3463,17029,3265,4036,1646,12993,2761
310M200US39820,39820,"Redding, CA Metro Area",178980,,154166,1780,1609,412,4378,1015,5121,871,59,100,6108,1779,7539,1459,1072,804,6467,1323
310M200US39900,39900,"Reno, NV Metro Area",439047,1466,357967,4827,10218,1660,6937,1047,23447,1807,2414,527,20401,4683,17663,2787,1295,748,16368,2817
310M200US40060,40060,"Richmond, VA Metro Area",1248513,5269,759383,6325,378245,5219,4003,1289,43949,1807,349,294,26314,4326,36270,3871,2154,798,34116,3861
310M200US40140,40140,"Riverside-San Bernardino-Ontario, CA Metro Area",4380878,,2815154,24548,328176,6330,33739,3815,279999,5167,14377,1389,709307,23735,200126,12042,60312,6784,139814,9383
310M200US40220,40220,"Roanoke, VA Metro Area",311607,1093,257494,2102,39451,2643,640,455,4884,819,511,732,868,735,7759,2380,219,288,7540,2365
310M200US40340,40340,"Rochester, MN Metro Area",211853,,188605,1401,8201,776,331,185,8130,850,0,145,1941,1349,4645,1190,313,389,4332,1073
310M200US40380,40380,"Rochester, NY Metro Area",1083278,,875201,4208,126411,3099,3913,956,29733,1388,767,623,22110,3938,25143,3642,4155,1347,20988,3301
310M200US40420,40420,"Rockford, IL Metro Area",344623,,277309,3671,36575,1425,297,302,7801,649,23,41,12256,3162,10362,2426,2369,2033,7993,1472
310M200US40580,40580,"Rocky Mount, NC Metro Area",150667,,74483,1404,67690,1530,663,138,878,109,0,201,4147,1533,2806,1370,208,315,2598,1472
310M200US40660,40660,"Rome, GA Metro Area",95821,,73615,2066,13914,664,0,214,1408,79,0,214,5539,2149,1345,630,0,214,1345,630
310M200US40900,40900,"Sacramento--Roseville--Arden-Arcade, CA Metro Area",2215770,,1479544,11732,158922,4472,16320,2818,274985,4797,15579,1640,133283,11011,137137,8560,23351,4787,113786,7530
310M200US40980,40980,"Saginaw, MI Metro Area",196542,,149061,1186,37412,937,396,302,2217,506,0,168,3293,1212,4163,1196,416,235,3747,1105
310M200US41060,41060,"St. Cloud, MN Metro Area",191306,,175312,852,5649,1194,967,435,3137,405,128,213,2281,776,3832,1061,166,187,3666,1052
310M200US41100,41100,"St. George, UT Metro Area",147800,,134284,2814,891,435,724,573,490,403,1019,601,4591,2911,5801,1807,860,967,4941,1501
310M200US41140,41140,"St. Joseph, MO-KS Metro Area",128989,1066,117159,1115,6719,1134,294,206,477,478,0,190,364,347,3976,822,169,186,3807,790
310M200US41180,41180,"St. Louis, MO-IL Metro Area",2799609,1894,2147593,4241,508046,4144,4743,840,63576,2715,1081,599,12305,2888,62265,5616,4506,1775,57759,5087
310M200US41420,41420,"Salem, OR Metro Area",400408,,344179,5349,2701,438,3836,1627,7814,1248,1272,634,21068,5282,19538,2203,2607,1537,16931,1707
310M200US41500,41500,"Salinas, CA Metro Area",428826,,333814,6689,11376,1642,4140,1836,26772,1458,2267,193,35464,5536,14993,2558,3027,1461,11966,2236
310M200US41540,41540,"Salisbury, MD-DE Metro Area",385438,,293707,2480,67227,2506,1431,633,7665,918,242,202,7000,2064,8166,1965,343,402,7823,1878
310M200US41620,41620,"Salt Lake City, UT Metro Area",1140483,,936132,8182,17791,1551,10195,1418,39082,2125,17828,1046,91671,8292,27784,3656,6091,1727,21693,3288
310M200US41660,41660,"San Angelo, TX Metro Area",116914,720,96972,2982,5328,782,288,281,1508,239,0,213,9908,2795,2910,1216,1473,1140,1437,661
310M200US41700,41700,"San Antonio-New Braunfels, TX Metro Area",2277516,2214,1847952,12573,149159,3960,12462,3167,50197,2346,2587,498,147798,11574,67361,7069,15660,2829,51701,6641
310M200US41740,41740,"San Diego-Carlsbad, CA Metro Area",3211252,,2293611,15921,162450,4267,20836,3235,360899,6840,15267,1788,207408,13857,150781,8848,27229,4392,123552,8145
310M200US41860,41860,"San Francisco-Oakland-Hayward, CA Metro Area",4516276,,2402608,19697,354803,4528,21399,2787,1089650,8115,33175,1811,359595,18342,255046,10215,51341,6192,203705,9068
310M200US41940,41940,"San Jose-Sunnyvale-Santa Clara, CA Metro Area",1919641,,927380,11614,50883,3019,9343,2423,623904,4291,5689,1422,212351,12279,90091,6749,21929,4237,68162,5593
310M200US41980,41980,"San Juan-Carolina-Caguas, PR Metro Area",2288977,3836,1610594,19401,216597,10793,13984,3340,7575,1992,35,58,236561,11851,203631,11866,16886,2565,186745,11484
310M200US42020,42020,"San Luis Obispo-Paso Robles-Arroyo Grande, CA Metro Area",276443,,236376,4108,6348,875,2313,1687,10506,1090,115,102,11527,3799,9258,1887,1862,1142,7396,1417
310M200US42100,42100,"Santa Cruz-Watsonville, CA Metro Area",269419,,217508,6634,2086,950,1414,936,12556,1538,40,70,23627,6475,12188,2717,2168,1259,10020,1870
310M200US42140,42140,"Santa Fe, NM Metro Area",147423,,119458,2920,650,407,6065,1678,1596,334,370,325,15310,2785,3974,1170,1429,991,2545,683
310M200US42200,42200,"Santa Maria-Santa Barbara, CA Metro Area",435697,,279064,6973,8076,1350,3761,1048,22980,1270,615,367,103275,7455,17926,3254,4602,1869,13324,2632
310M200US42220,42220,"Santa Rosa, CA Metro Area",495025,,379213,7922,7290,1032,6302,2650,18448,1359,1565,783,61081,7942,21126,2825,3307,1420,17819,2568
310M200US42340,42340,"Savannah, GA Metro Area",366047,,223866,1625,122553,2638,1248,263,7291,1548,198,217,2275,1179,8616,2857,1714,1554,6902,2442
310M200US42540,42540,"Scranton--Wilkes-Barre--Hazleton, PA Metro Area",562037,,514453,3166,16908,1265,1133,572,7700,750,0,172,11371,2954,10472,1799,2097,1063,8375,1613
310M200US42660,42660,"Seattle-Tacoma-Bellevue, WA Metro Area",3610105,,2617370,11299,204461,6687,35693,3890,436053,6508,30960,1980,78314,9059,207254,11968,14424,3939,192830,10998
310M200US42680,42680,"Sebastian-Vero Beach, FL Metro Area",141994,,121254,1658,13691,1224,735,545,1379,629,0,218,2350,1162,2585,1418,694,931,1891,940
310M200US42700,42700,"Sebring, FL Metro Area",97616,,83534,1161,9867,840,55,95,1495,210,0,218,1361,1072,1304,899,173,210,1131,869
310M200US43100,43100,"Sheboygan, WI Metro Area",114922,,103540,1136,788,445,356,193,5663,299,0,149,2056,1153,2519,590,181,214,2338,580
310M200US43300,43300,"Sherman-Denison, TX Metro Area",122353,,107114,903,7504,604,1359,381,1678,98,91,163,1516,643,3091,866,405,390,2686,818
310M200US43340,43340,"Shreveport-Bossier City, LA Metro Area",446471,,252608,1669,174732,1240,2760,1097,4953,972,235,299,4593,1320,6590,1703,1223,824,5367,1459
310M200US43420,43420,"Sierra Vista-Douglas, AZ Metro Area",129473,,107321,2813,5157,1362,1530,599,2215,478,0,203,7644,2534,5606,1746,915,558,4691,1651
310M200US43580,43580,"Sioux City, IA-NE-SD Metro Area",168491,1959,146660,3052,4600,810,1673,325,4256,870,608,611,6834,2315,3860,1424,995,821,2865,979
310M200US43620,43620,"Sioux Falls, SD Metro Area",243637,885,218892,1536,6976,1318,5332,1081,2822,487,338,363,3470,1284,5807,1798,814,702,4993,1674
310M200US43780,43780,"South Bend-Mishawaka, IN-MI Metro Area",318619,,257889,1934,38633,1613,1437,422,6043,640,105,145,6535,1691,7977,1723,1015,501,6962,1573
310M200US43900,43900,"Spartanburg, SC Metro Area",318999,,229736,2507,69280,1439,561,305,6892,271,0,204,6816,2442,5714,1347,478,532,5236,1304
310M200US44060,44060,"Spokane-Spokane Valley, WA Metro Area",535189,1470,480277,2278,10495,1965,6846,1406,11769,1260,1925,586,3732,1242,20145,3050,809,504,19336,2957
310M200US44100,44100,"Springfield, IL Metro Area",211695,1339,177543,1559,24207,1110,37,55,3962,277,87,148,1440,1123,4419,1159,130,175,4289,1159
310M200US44140,44140,"Springfield, MA Metro Area",626915,,505750,4746,47547,2460,2175,934,16977,1712,418,364,39731,5137,14317,2648,3397,1540,10920,2494
310M200US44180,44180,"Springfield, MO Metro Area",450498,2530,415078,3229,9632,1062,2334,971,5240,775,198,309,3731,1319,14285,1977,1350,1017,12935,1712
310M200US44220,44220,"Springfield, OH Metro Area",136167,,117765,971,12736,747,243,177,799,202,32,54,1099,836,3493,1012,0,190,3493,1012
310M200US44300,44300,"State College, PA Metro Area",155403,,138848,800,4841,467,392,538,8068,1039,259,454,335,265,2660,1096,618,722,2042,754
310M200US44420,44420,"Staunton-Waynesboro, VA Metro Area",117077,2513,105815,3074,8763,1643,92,135,254,179,257,398,435,396,1461,814,10,18,1451,814
310M200US44700,44700,"Stockton-Lodi, CA Metro Area",704379,,390591,8587,48252,3068,3141,1064,101669,3472,4070,588,97839,7259,58817,6905,7225,1908,51592,6730
310M200US44940,44940,"Sumter, SC Metro Area",108123,,52765,827,49640,1842,68,81,1289,427,0,204,454,440,3907,1787,1174,1203,2733,1469
310M200US45060,45060,"Syracuse, NY Metro Area",661934,,560649,2509,54494,2005,3857,927,18236,761,36,51,6974,2197,17688,2546,2450,1501,15238,2151
310M200US45220,45220,"Tallahassee, FL Metro Area",373961,1676,230062,2308,125266,2869,1077,404,8762,566,64,66,2280,970,6450,1499,530,386,5920,1429
310M200US45300,45300,"Tampa-St. Petersburg-Clearwater, FL Metro Area",2870569,,2273653,9162,341514,6508,7393,1376,90716,2587,834,487,78598,8708,77861,7638,14279,3220,63582,6471
310M200US45460,45460,"Terre Haute, IN Metro Area",168400,2521,153291,2538,7556,1009,443,499,2250,219,0,190,571,340,4289,1280,586,655,3703,1076
310M200US45500,45500,"Texarkana, TX-AR Metro Area",149800,2406,105373,1930,36913,1569,1061,389,786,542,0,190,2246,1734,3421,1171,536,552,2885,1255
310M200US45540,45540,"The Villages, FL Metro Area",107056,,94481,696,10222,589,116,143,324,333,40,72,778,400,1095,528,225,323,870,494
310M200US45780,45780,"Toledo, OH Metro Area",608145,,476470,2131,88574,2706,1712,449,9989,941,117,151,12339,1814,18944,2620,4566,1517,14378,2188
310M200US45820,45820,"Topeka, KS Metro Area",234203,,201901,1972,13130,1244,2611,582,1886,463,305,384,3461,1654,10909,1308,346,278,10563,1218
310M200US45940,45940,"Trenton, NJ Metro Area",370414,,224234,5229,73549,1787,273,245,37582,945,61,105,27324,4862,7391,1787,1637,945,5754,1659
310M200US46060,46060,"Tucson, AZ Metro Area",996554,,775006,8385,33917,2065,31306,3161,25044,2201,1649,345,90384,7779,39248,4372,10981,2903,28267,3684
310M200US46140,46140,"Tulsa, OK Metro Area",961321,1230,696110,3079,75538,1772,65006,2839,17254,1049,554,324,23824,2369,83035,3343,3891,1170,79144,3472
310M200US46220,46220,"Tuscaloosa, AL Metro Area",234008,2668,148374,2797,78092,2192,371,280,2915,226,0,192,2111,2185,2145,747,115,140,2030,728
310M200US46340,46340,"Tyler, TX Metro Area",216080,,167675,1781,39666,643,474,357,2034,1258,0,213,3462,1597,2769,1441,1560,1398,1209,646
310M200US46520,46520,"Urban Honolulu, HI Metro Area",983429,,213576,2979,28269,1763,1343,444,418868,8759,88091,4440,10993,2342,222289,9227,10153,2271,212136,9394
310M200US46540,46540,"Utica-Rome, NY Metro Area",297766,,262806,1361,15881,1545,581,312,8090,796,0,193,3380,1299,7028,1656,480,320,6548,1601
310M200US46660,46660,"Valdosta, GA Metro Area",143947,1409,86089,2689,48708,2090,185,145,1830,394,0,214,3020,1740,4115,1525,474,334,3641,1484
310M200US46700,46700,"Vallejo-Fairfield, CA Metro Area",424788,,226199,5707,59988,1590,2426,971,63983,2795,3308,810,38854,5374,30030,3955,4370,1949,25660,3374
310M200US47020,47020,"Victoria, TX Metro Area",96135,1410,82366,1999,6868,1121,94,159,819,686,0,213,4690,1438,1298,876,663,601,635,541
310M200US47220,47220,"Vineland-Bridgeton, NJ Metro Area",157332,,95857,3185,33594,1926,964,500,1685,583,0,200,19820,3235,5412,1346,1463,873,3949,1297
310M200US47260,47260,"Virginia Beach-Norfolk-Newport News, VA-NC Metro Area",1706816,3587,1033398,4942,524032,4886,4075,1246,63081,2623,1625,457,16703,3634,63902,5706,5277,1590,58625,5549
310M200US47300,47300,"Visalia-Porterville, CA Metro Area",454143,,383003,5467,8277,2001,6203,1608,15776,937,546,334,28893,4862,11445,2615,2634,920,8811,2206
310M200US47380,47380,"Waco, TX Metro Area",257083,2267,190423,4095,38382,2063,715,397,4231,631,34,57,17243,4001,6055,1984,690,469,5365,2076
310M200US47460,47460,"Walla Walla, WA Metro Area",63361,889,54497,1649,844,430,1177,861,937,600,0,198,2459,1240,3447,1197,558,508,2889,1104
310M200US47580,47580,"Warner Robins, GA Metro Area",185623,1895,112147,3315,60006,2255,313,449,5386,580,0,214,4954,2181,2817,1191,435,395,2382,1057
310M200US47900,47900,"Washington-Arlington-Alexandria, DC-VA-MD-WV Metro Area",5950214,2663,3338442,14946,1518428,10482,16382,2229,567686,5244,3294,1283,290115,16455,215867,11725,25700,3763,190167,10833
310M200US47940,47940,"Waterloo-Cedar Falls, IA Metro Area",169484,,151107,474,13063,644,368,363,2328,372,0,157,320,397,2298,894,471,458,1827,752
310M200US48060,48060,"Watertown-Fort Drum, NY Metro Area",119504,,102449,918,5401,1071,862,1072,989,273,989,1260,1828,677,6986,1529,274,276,6712,1562
310M200US48140,48140,"Wausau, WI Metro Area",135416,,124283,532,1008,476,258,197,7188,568,0,149,113,137,2566,845,13,23,2553,853
310M200US48260,48260,"Weirton-Steubenville, WV-OH Metro Area",124718,1784,117510,1993,4896,756,155,144,481,343,48,64,134,199,1494,650,70,100,1424,631
310M200US48300,48300,"Wenatchee, WA Metro Area",113438,,95577,2495,418,427,862,508,1108,493,372,288,12090,2522,3011,823,534,433,2477,706
310M200US48540,48540,"Wheeling, WV-OH Metro Area",145757,,137938,849,5363,939,205,229,589,496,0,190,179,152,1483,718,0,190,1483,718
310M200US48620,48620,"Wichita, KS Metro Area",637989,1041,534329,2628,48820,1966,5486,2073,21328,1578,0,170,6042,1976,21984,2906,1619,743,20365,2748
310M200US48660,48660,"Wichita Falls, TX Metro Area",151201,,123578,2390,13788,737,1223,695,2757,545,0,213,3995,1282,5860,2161,944,558,4916,2009
310M200US48700,48700,"Williamsport, PA Metro Area",116754,,107718,537,6192,521,167,165,519,252,15,29,489,384,1654,514,79,144,1575,512
310M200US48900,48900,"Wilmington, NC Metro Area",268601,,213921,1922,40729,1249,1326,580,3187,551,206,325,5472,1903,3760,1322,371,374,3389,1324
310M200US49020,49020,"Winchester, VA-WV Metro Area",126900,2605,112182,3502,7318,1604,284,111,1840,553,44,75,2202,1508,3030,1115,307,333,2723,1119
310M200US49180,49180,"Winston-Salem, NC Metro Area",650820,,497103,3707,113983,2325,2225,497,9721,1229,980,1367,17595,3511,9213,2121,1114,688,8099,2018
310M200US49340,49340,"Worcester, MA-CT Metro Area",926710,,794391,5669,40679,2224,2282,809,37084,2186,213,229,25262,4573,26799,4225,4159,2348,22640,3536
310M200US49420,49420,"Yakima, WA Metro Area",247044,,182076,5473,2663,652,9367,1177,3458,1320,180,176,42687,5452,6613,1704,914,695,5699,1418
310M200US49620,49620,"York-Hanover, PA Metro Area",438965,,391637,2005,24926,1705,389,302,6066,653,0,172,5251,1957,10696,1964,1232,1338,9464,1586
310M200US49660,49660,"Youngstown-Warren-Boardman, OH-PA Metro Area",555506,,475382,1777,59892,2132,829,445,4171,440,0,190,4382,1459,10850,2068,540,358,10310,2006
310M200US49700,49700,"Yuba City, CA Metro Area",168690,,120772,3032,4823,603,1722,650,18551,1474,674,678,11031,2664,11117,2090,1931,1006,9186,1915
310M200US49740,49740,"Yuma, AZ Metro Area",201201,,153889,4726,4660,527,2297,484,2275,396,0,203,33299,4744,4781,1132,1797,929,2984,822
