GEO.id,GEO.id2,GEO.display-label,HD01_VD01,HD02_VD01,HD01_VD02,HD02_VD02,HD01_VD03,HD02_VD03,HD01_VD04,HD02_VD04,HD01_VD05,HD02_VD05,HD01_VD06,HD02_VD06,HD01_VD07,HD02_VD07,HD01_VD08,HD02_VD08,HD01_VD09,HD02_VD09,HD01_VD10,HD02_VD10
Id,Id2,Geography,Estimate; Total:,Margin of Error; Total:,Estimate; Total: - White alone,Margin of Error; Total: - White alone,Estimate; Total: - Black or African American alone,Margin of Error; Total: - Black or African American alone,Estimate; Total: - American Indian and Alaska Native alone,Margin of Error; Total: - American Indian and Alaska Native alone,Estimate; Total: - Asian alone,Margin of Error; Total: - Asian alone,Estimate; Total: - Native Hawaiian and Other Pacific Islander alone,Margin of Error; Total: - Native Hawaiian and Other Pacific Islander alone,Estimate; Total: - Some other race alone,Margin of Error; Total: - Some other race alone,Estimate; Total: - Two or more races:,Margin of Error; Total: - Two or more races:,Estimate; Total: - Two or more races: - Two races including Some other race,Margin of Error; Total: - Two or more races: - Two races including Some other race,"Estimate; Total: - Two or more races: - Two races excluding Some other race, and three or more races","Margin of Error; Total: - Two or more races: - Two races excluding Some other race, and three or more races"
310M200US10180,10180,"Abilene, TX Metro Area",168922,2568,130535,3854,13179,985,993,545,2158,623,0,214,16322,3522,5735,1289,1701,873,4034,955
310M200US10380,10380,"Aguadilla-Isabela, PR Metro Area",313209,2576,234412,8250,8329,2530,272,235,830,665,0,221,55582,6467,13784,3617,1113,696,12671,3427
310M200US10420,10420,"Akron, OH Metro Area",704243,,577795,1363,83892,2288,954,490,18375,1292,200,319,2441,1023,20586,2877,1616,1190,18970,2515
310M200US10500,10500,"Albany, GA Metro Area",156997,2018,67640,1582,84675,2742,457,413,1172,753,4,7,301,438,2748,1422,51,86,2697,1418
310M200US10540,10540,"Albany, OR Metro Area",120547,,110729,1889,100,140,1047,586,1200,532,156,155,2092,1094,5223,1126,967,964,4256,772
310M200US10580,10580,"Albany-Schenectady-Troy, NY Metro Area",881830,,735537,2929,66072,3494,1062,416,38031,1728,390,417,12165,2643,28573,4165,3097,1476,25476,4001
310M200US10740,10740,"Albuquerque, NM Metro Area",906209,2370,648614,9957,25944,1895,53536,2677,18038,1920,641,515,119588,9912,39848,5067,17073,4049,22775,3610
310M200US10780,10780,"Alexandria, LA Metro Area",154484,,101862,728,47740,1095,872,671,578,392,0,204,816,391,2616,1030,229,297,2387,952
310M200US10900,10900,"Allentown-Bethlehem-Easton, PA-NJ Metro Area",832327,,701157,4918,43100,3456,1643,843,25070,1158,616,729,35445,4434,25296,4250,4561,1389,20735,3814
310M200US11020,11020,"Altoona, PA Metro Area",125593,,119179,301,1507,975,29,70,954,220,0,168,1291,308,2633,1008,111,137,2522,997
310M200US11100,11100,"Amarillo, TX Metro Area",263258,1646,224939,2320,13771,1733,1108,445,8556,468,500,503,4372,1142,10012,2289,1575,682,8437,2059
310M200US11180,11180,"Ames, IA Metro Area",96021,,83870,300,786,364,718,894,8455,1137,0,155,304,240,1888,896,9,16,1879,896
310M200US11260,11260,"Anchorage, AK Metro Area",399790,,271964,2344,19660,1569,24127,2585,30489,2228,5847,1770,10159,2812,37544,3971,2548,1402,34996,4027
310M200US11460,11460,"Ann Arbor, MI Metro Area",358880,,263224,1859,44740,2046,1703,966,32009,1392,371,328,2815,1160,14018,2603,804,460,13214,2493
310M200US11500,11500,"Anniston-Oxford-Jacksonville, AL Metro Area",115620,,86053,1297,22709,1366,176,195,1229,140,0,192,1787,1312,3666,1306,84,144,3582,1294
310M200US11540,11540,"Appleton, WI Metro Area",233007,,211327,1588,2679,689,3568,607,7625,869,39,65,4618,1608,3151,1090,64,106,3087,1073
310M200US11640,11640,"Arecibo, PR Metro Area",188295,,154483,4139,8318,2389,1155,1082,802,616,0,221,22142,3040,1395,1055,517,412,878,918
310M200US11700,11700,"Asheville, NC Metro Area",446840,,403311,3378,21037,1890,1963,905,4702,772,177,279,7293,3221,8357,1748,128,98,8229,1744
310M200US12020,12020,"Athens-Clarke County, GA Metro Area",201813,2323,143840,3014,43294,2141,362,316,5458,797,257,416,5089,2101,3513,1165,81,133,3432,1154
310M200US12060,12060,"Atlanta-Sandy Springs-Roswell, GA Metro Area",5709731,3035,3126057,13987,1918474,11196,17276,3820,318702,4775,2031,1153,187341,15121,139850,10581,23028,4570,116822,8908
310M200US12100,12100,"Atlantic City-Hammonton, NJ Metro Area",274219,,185429,4246,40528,2579,715,334,21961,1352,176,219,13868,4119,11542,2979,4090,1616,7452,2605
310M200US12220,12220,"Auburn-Opelika, AL Metro Area",156993,,110378,1573,36539,898,231,254,5714,254,0,192,1476,1606,2655,966,204,252,2451,916
310M200US12260,12260,"Augusta-Richmond County, GA-SC Metro Area",590772,1617,345751,4041,206788,3524,1314,811,9848,1364,248,397,10239,2780,16584,2950,3008,1723,13576,2500
310M200US12420,12420,"Austin-Round Rock, TX Metro Area",2000860,,1536430,13256,150211,5632,7710,2331,111246,2273,489,308,133056,11833,61718,6575,10071,2495,51647,5542
310M200US12540,12540,"Bakersfield, CA Metro Area",882176,,684691,10973,50286,2271,7248,2177,40891,2536,2185,907,69878,10536,26997,4080,7867,2132,19130,3235
310M200US12580,12580,"Baltimore-Columbia-Towson, MD Metro Area",2797407,,1714709,5364,807220,7218,6273,1325,156586,3072,1429,462,32726,5356,78464,7988,7259,2002,71205,7392
310M200US12620,12620,"Bangor, ME Metro Area",152692,,145093,271,1225,292,1392,380,1482,485,105,112,59,60,3336,742,223,229,3113,713
310M200US12700,12700,"Barnstable Town, MA Metro Area",214333,,198849,1317,5652,752,726,530,3412,379,0,200,1793,1107,3901,1119,89,138,3812,1138
310M200US12940,12940,"Baton Rouge, LA Metro Area",830480,,494102,3259,289322,4158,886,590,16917,905,187,227,9265,3254,19801,4271,63,108,19738,4289
310M200US12980,12980,"Battle Creek, MI Metro Area",134314,,110510,681,14086,1116,1172,237,2719,484,169,253,357,271,5301,1200,773,618,4528,1098
310M200US13020,13020,"Bay City, MI Metro Area",105659,,99946,504,1768,576,281,237,760,197,0,167,417,420,2487,560,33,57,2454,553
310M200US13140,13140,"Beaumont-Port Arthur, TX Metro Area",408216,2161,284538,3361,99386,2601,1470,731,9838,1192,142,217,5558,1836,7284,1893,2228,1083,5056,1477
310M200US13220,13220,"Beckley, WV Metro Area",122507,,110431,706,9662,874,528,541,1105,122,57,103,103,134,621,474,104,99,517,465
310M200US13380,13380,"Bellingham, WA Metro Area",212284,,177511,2094,1808,968,6691,920,8499,1505,841,265,7517,2086,9417,1966,1262,793,8155,1694
310M200US13460,13460,"Bend-Redmond, OR Metro Area",175268,,163923,2012,1128,225,999,502,1805,549,110,188,1614,882,5689,1661,737,601,4952,1489
310M200US13740,13740,"Billings, MT Metro Area",169329,1141,154607,1457,1016,502,7257,956,1573,575,0,165,808,738,4068,1223,183,251,3885,1202
310M200US13780,13780,"Binghamton, NY Metro Area",246020,,216763,1081,11590,1182,335,244,8911,1057,107,121,2193,866,6121,1508,257,180,5864,1483
310M200US13820,13820,"Birmingham-Hoover, AL Metro Area",1145647,,754052,4012,333067,3172,2249,922,17207,1409,829,1121,22847,3694,15396,2530,739,476,14657,2497
310M200US13900,13900,"Bismarck, ND Metro Area",129640,788,116372,844,1910,400,7340,1025,845,204,6,10,460,544,2707,1024,7,12,2700,1025
310M200US13980,13980,"Blacksburg-Christiansburg-Radford, VA Metro Area",179904,3413,157612,3735,8953,994,46,78,6780,696,17,32,3290,2205,3206,983,106,115,3100,964
310M200US14010,14010,"Bloomington, IL Metro Area",188725,1461,158566,1826,14712,1058,328,172,8256,893,145,163,1959,894,4759,1335,304,471,4455,1250
310M200US14020,14020,"Bloomington, IN Metro Area",165577,,145380,937,4013,978,143,211,9680,820,50,92,723,754,5588,1320,482,526,5106,1265
310M200US14100,14100,"Bloomsburg-Berwick, PA Metro Area",85229,,80765,339,1536,229,21,29,1912,329,0,168,144,177,851,466,113,223,738,377
310M200US14260,14260,"Boise City, ID Metro Area",675800,2966,609302,5605,6151,1096,6115,2122,11751,1877,1231,849,17640,3889,23610,2928,2412,1216,21198,2659
310M200US14460,14460,"Boston-Cambridge-Newton, MA-NH Metro Area",4774321,,3676828,10527,382861,8171,5948,1360,364827,4217,765,418,197130,9670,145962,8472,20389,2890,125573,8379
310M200US14500,14500,"Boulder, CO Metro Area",319372,,286798,2143,2038,808,1203,667,14486,1088,92,119,4488,1774,10267,1534,956,581,9311,1412
310M200US14540,14540,"Bowling Green, KY Metro Area",166890,2367,142886,2693,11977,760,354,278,4508,172,197,299,4944,1301,2024,690,0,187,2024,690
310M200US14740,14740,"Bremerton-Silverdale, WA Metro Area",260131,,211298,1881,6354,1143,2183,726,10975,1462,1472,805,4890,1839,22959,2560,1223,550,21736,2492
310M200US14860,14860,"Bridgeport-Stamford-Norwalk, CT Metro Area",948053,,698939,6924,110503,4180,1120,524,48626,2250,405,181,56326,7527,32134,4287,9049,2803,23085,3375
310M200US15180,15180,"Brownsville-Harlingen, TX Metro Area",422156,,396469,3532,1795,956,1549,863,2664,1208,35,58,15180,3215,4464,1593,2476,1357,1988,931
310M200US15260,15260,"Brunswick, GA Metro Area",117771,3423,83681,3410,28429,2658,325,235,1442,1520,123,122,897,514,2874,1127,326,345,2548,1069
310M200US15380,15380,"Buffalo-Cheektowaga-Niagara Falls, NY Metro Area",1135230,,903423,3650,141223,2504,5760,1873,34958,1397,285,252,25167,3534,24414,3238,4495,1885,19919,3037
310M200US15500,15500,"Burlington, NC Metro Area",158276,,111955,2496,29618,1021,335,207,2643,329,48,86,9281,2451,4396,1046,740,511,3656,1129
310M200US15540,15540,"Burlington-South Burlington, VT Metro Area",216661,714,201035,1145,4353,549,534,317,6447,564,126,156,1118,899,3048,894,44,69,3004,889
310M200US15680,15680,"California-Lexington Park, MD Metro Area",111413,,88245,554,16000,1479,32,62,3584,440,0,195,401,485,3151,1401,0,195,3151,1401
310M200US15940,15940,"Canton-Massillon, OH Metro Area",402976,,358872,1066,28553,2038,348,382,3469,438,60,112,1597,1022,10077,2181,488,525,9589,2137
310M200US15980,15980,"Cape Coral-Fort Myers, FL Metro Area",701982,,600765,5344,61326,2505,462,231,11120,1392,280,396,14198,4894,13831,3147,2179,1095,11652,2824
310M200US16020,16020,"Cape Girardeau, MO-IL Metro Area",96542,2172,84754,1944,7804,1503,249,260,953,448,0,189,60,112,2722,1229,216,384,2506,1122
310M200US16060,16060,"Carbondale-Marion, IL Metro Area",126828,,107129,910,13248,983,154,151,2662,674,0,182,609,462,3026,1119,325,234,2701,1009
310M200US16180,16180,"Carson City, NV Metro Area",54521,,47046,1669,318,233,1119,174,1666,839,21,41,2316,1517,2035,884,340,388,1695,818
310M200US16300,16300,"Cedar Rapids, IA Metro Area",266040,,241099,1202,9556,1895,670,355,4163,1313,40,70,1275,933,9237,2845,645,497,8592,2763
310M200US16540,16540,"Chambersburg-Waynesboro, PA Metro Area",153638,,142091,1238,5818,945,57,100,2019,113,0,168,853,521,2800,1472,1126,1051,1674,909
310M200US16580,16580,"Champaign-Urbana, IL Metro Area",239672,1461,180108,2277,26757,1165,301,302,22344,817,429,631,4088,1738,5645,1267,741,591,4904,1259
310M200US16620,16620,"Charleston, WV Metro Area",219236,1739,196930,1742,13642,1233,146,148,2592,421,60,100,33,57,5833,1552,218,239,5615,1573
310M200US16700,16700,"Charleston-North Charleston, SC Metro Area",744526,,502336,2693,199348,2712,2244,685,12609,1268,960,1103,11348,2562,15681,2492,942,703,14739,2264
310M200US16740,16740,"Charlotte-Concord-Gastonia, NC-SC Metro Area",2426363,,1657526,6848,545138,5179,8209,1478,83347,1995,582,721,76186,7329,55375,5128,6516,2032,48859,4775
310M200US16820,16820,"Charlottesville, VA Metro Area",230602,2719,180835,3214,32625,2585,167,182,9124,753,134,232,1646,814,6071,1635,181,147,5890,1622
310M200US16860,16860,"Chattanooga, TN-GA Metro Area",546351,3449,445622,4025,71918,2583,944,546,10287,1801,63,107,4443,2151,13074,3111,911,843,12163,2784
310M200US16940,16940,"Cheyenne, WY Metro Area",97121,,86194,1890,2474,813,980,254,1141,500,181,215,2459,1370,3692,1178,1145,713,2547,996
310M200US16980,16980,"Chicago-Naperville-Elgin, IL-IN-WI Metro Area",9550108,1575,6302165,22968,1603377,7808,23070,3535,611259,5799,3951,1188,775801,23980,230485,9423,50328,5466,180157,7879
310M200US17020,17020,"Chico, CA Metro Area",225411,,186531,2787,2581,858,3154,1077,10559,1303,331,325,9240,2611,13015,1945,1720,842,11295,1760
310M200US17140,17140,"Cincinnati, OH-KY-IN Metro Area",2159329,3039,1774068,4916,259911,4996,3017,1730,50027,1833,2225,2120,19664,4068,50417,5093,2176,1031,48241,4830
310M200US17300,17300,"Clarksville, TN-KY Metro Area",279887,2316,203475,2856,56201,2759,2041,611,5152,1076,1230,681,1983,927,9805,2090,724,677,9081,2019
310M200US17420,17420,"Cleveland, TN Metro Area",121678,1953,111902,2159,5546,835,154,129,1186,344,0,200,962,787,1928,981,109,131,1819,961
310M200US17460,17460,"Cleveland-Elyria, OH Metro Area",2060810,,1522415,4456,413050,4080,5702,2053,45931,2062,730,461,22427,3888,50555,4912,5298,1136,45257,4761
310M200US17660,17660,"Coeur d'Alene, ID Metro Area",150346,,141615,908,387,271,1905,820,937,637,0,193,601,664,4901,1299,541,428,4360,1170
310M200US17780,17780,"College Station-Bryan, TX Metro Area",250145,2885,188098,4262,27869,1956,1184,897,12750,614,54,72,12708,3225,7482,2185,632,546,6850,2070
310M200US17820,17820,"Colorado Springs, CO Metro Area",697856,,555323,5331,45533,3121,3949,1099,20072,1879,2813,199,34124,5594,36042,4489,4620,1385,31422,4099
310M200US17860,17860,"Columbia, MO Metro Area",174974,,141836,1335,15701,1287,530,522,7069,877,310,319,1848,1337,7680,1641,450,519,7230,1605
310M200US17900,17900,"Columbia, SC Metro Area",810574,2027,488362,3618,271324,4298,1446,717,16357,1008,491,67,10451,2700,22143,3936,3122,1388,19021,3812
310M200US17980,17980,"Columbus, GA-AL Metro Area",312936,2415,160909,2600,125448,3120,997,493,5759,991,665,978,6123,1981,13035,3017,1866,942,11169,2917
310M200US18020,18020,"Columbus, IN Metro Area",81162,,71122,1214,1463,435,580,788,4053,786,317,482,2175,1238,1452,567,104,142,1348,554
310M200US18140,18140,"Columbus, OH Metro Area",2021632,,1555051,5821,302200,5196,3214,1100,75417,2307,839,530,22374,4846,62537,5970,4372,1502,58165,5693
310M200US18580,18580,"Corpus Christi, TX Metro Area",450436,2923,405081,3998,16215,1737,2536,1144,9489,964,119,139,9748,1938,7248,2034,2110,730,5138,1826
310M200US18700,18700,"Corvallis, OR Metro Area",87572,,76011,734,829,422,905,419,5759,694,78,134,1338,816,2652,1022,167,268,2485,981
310M200US18880,18880,"Crestview-Fort Walton Beach-Destin, FL Metro Area",262172,,214287,1979,24911,1426,674,584,6033,1067,0,217,5863,1834,10404,1910,635,552,9769,1759
310M200US19060,19060,"Cumberland, MD-WV Metro Area",99979,,89639,342,6876,740,48,55,968,318,58,96,364,417,2026,821,52,103,1974,817
310M200US19100,19100,"Dallas-Fort Worth-Arlington, TX Metro Area",7102165,2017,4960842,18427,1098308,8882,34749,3818,451657,5199,6840,746,359391,19521,190378,10916,39260,4800,151118,9266
310M200US19140,19140,"Dalton, GA Metro Area",143781,,127702,3693,4820,574,271,285,1716,305,0,214,7309,3575,1963,1026,624,602,1339,707
310M200US19180,19180,"Danville, IL Metro Area",79282,,65527,542,11304,328,175,159,540,281,0,182,512,393,1224,653,8,14,1216,652
310M200US19300,19300,"Daphne-Fairhope-Foley, AL Metro Area",203709,,174923,1624,23049,1049,1917,739,303,288,0,192,1383,1442,2134,1300,812,1065,1322,749
310M200US19340,19340,"Davenport-Moline-Rock Island, IA-IL Metro Area",384584,991,331129,2047,27331,2048,634,397,8603,573,29,50,5551,1701,11307,2349,1258,693,10049,2171
310M200US19380,19380,"Dayton, OH Metro Area",800909,,631136,1308,121057,3308,1675,846,16119,1363,141,147,4844,1631,25937,3367,880,492,25057,3332
310M200US19460,19460,"Decatur, AL Metro Area",152680,,125508,922,19378,969,1231,725,1210,276,29,48,497,475,4827,1053,370,453,4457,970
310M200US19500,19500,"Decatur, IL Metro Area",107303,,82873,347,15646,1506,157,212,981,410,0,182,1522,581,6124,1493,9,15,6115,1493
310M200US19660,19660,"Deltona-Daytona Beach-Ormond Beach, FL Metro Area",623279,,520397,3525,68117,2040,1535,682,11480,994,477,728,8928,3054,12345,2485,2103,916,10242,2374
310M200US19740,19740,"Denver-Aurora-Lakewood, CO Metro Area",2814330,,2297071,11378,156682,4518,21005,3673,109547,4430,3856,1135,121208,10511,104961,7318,16727,3020,88234,6092
310M200US19780,19780,"Des Moines-West Des Moines, IA Metro Area",622899,,543967,2991,31287,1878,2699,1599,23292,1440,918,1045,6416,2577,14320,2163,827,475,13493,1968
310M200US19820,19820,"Detroit-Warren-Dearborn, MI Metro Area",4302043,,3002224,6126,965109,5511,12446,2085,176941,2779,1108,612,48579,5788,95636,6373,9738,1913,85898,5893
310M200US20020,20020,"Dothan, AL Metro Area",148171,,106986,564,35628,940,398,213,1159,457,140,227,751,548,3109,798,183,174,2926,798
310M200US20100,20100,"Dover, DE Metro Area",173533,,115814,1607,43223,1703,876,453,3441,851,174,213,3407,1450,6598,1852,839,647,5759,1825
310M200US20220,20220,"Dubuque, IA Metro Area",97125,,89826,552,3407,743,117,199,1188,282,670,739,862,648,1055,459,234,266,821,343
310M200US20260,20260,"Duluth, MN-WI Metro Area",279601,,257234,480,3638,983,5497,1061,2895,414,175,208,680,373,9482,1524,207,142,9275,1501
310M200US20500,20500,"Durham-Chapel Hill, NC Metro Area",552493,,339671,4694,148590,2754,2419,949,26931,902,178,209,18930,4362,15774,3054,2963,1616,12811,2322
310M200US20700,20700,"East Stroudsburg, PA Metro Area",166397,,126199,2319,24086,1766,607,674,4008,551,0,168,5533,2255,5964,1904,1398,1323,4566,1789
310M200US20740,20740,"Eau Claire, WI Metro Area",165636,,153756,682,1688,629,667,512,5643,588,36,69,314,221,3532,897,629,485,2903,893
310M200US20940,20940,"El Centro, CA Metro Area",180191,,126599,5157,5113,1289,2557,831,3377,920,104,169,36062,5329,6379,1902,2935,1281,3444,1353
310M200US21060,21060,"Elizabethtown-Fort Knox, KY Metro Area",147877,1846,123113,1789,13887,1550,385,499,2808,792,802,659,1291,1100,5591,1393,46,88,5545,1381
310M200US21140,21140,"Elkhart-Goshen, IN Metro Area",203474,,178528,2385,12157,1439,881,413,2820,105,121,159,5677,2367,3290,1548,568,580,2722,1398
310M200US21300,21300,"Elmira, NY Metro Area",87071,,76618,687,6638,891,180,158,927,371,28,52,630,623,2050,815,33,60,2017,811
310M200US21340,21340,"El Paso, TX Metro Area",838019,858,705349,9884,31696,2260,5874,1889,10663,1000,75,125,68543,7969,15819,3542,5490,2297,10329,2456
310M200US21500,21500,"Erie, PA Metro Area",278045,,242365,1236,20540,1798,372,220,3712,642,129,133,1359,652,9568,1655,869,455,8699,1617
310M200US21660,21660,"Eugene, OR Metro Area",362895,,317444,2826,5418,954,5392,2007,8277,1423,945,390,7580,2365,17839,2470,1078,707,16761,2480
310M200US21780,21780,"Evansville, IN-KY Metro Area",315693,,280042,1805,22191,1505,375,247,4353,803,0,189,2018,1223,6714,1426,267,260,6447,1456
310M200US21820,21820,"Fairbanks, AK Metro Area",99631,,75321,1703,4427,710,6741,2005,2886,759,96,167,564,410,9596,1662,0,149,9596,1662
310M200US22020,22020,"Fargo, ND-MN Metro Area",233836,,210341,1004,8689,999,2822,816,5588,868,7,15,1385,951,5004,1525,206,159,4798,1519
310M200US22140,22140,"Farmington, NM Metro Area",118737,,65856,1727,536,479,45158,1226,1005,139,69,120,3268,1123,2845,918,359,229,2486,890
310M200US22180,22180,"Fayetteville, NC Metro Area",376509,,189811,2603,135550,2365,9225,903,8663,1143,800,280,12096,2242,20364,2682,1510,824,18854,2600
310M200US22220,22220,"Fayetteville-Springdale-Rogers, AR-MO Metro Area",515403,2609,433022,4779,13344,1387,4954,1195,15057,1254,7059,607,25402,4283,16565,2142,1881,851,14684,2061
310M200US22380,22380,"Flagstaff, AZ Metro Area",139097,,88124,1636,1772,701,37506,1140,2582,832,183,218,4698,1500,4232,1083,439,469,3793,1131
310M200US22420,22420,"Flint, MI Metro Area",410849,,308385,942,80489,2603,854,431,4672,634,0,167,2083,962,14366,3016,527,442,13839,2951
310M200US22500,22500,"Florence, SC Metro Area",206448,,114456,541,86047,1256,311,285,2263,274,345,562,76,169,2950,1196,0,203,2950,1196
310M200US22520,22520,"Florence-Muscle Shoals, AL Metro Area",146950,,124272,571,17981,825,823,330,650,304,0,192,33,76,3191,1040,312,477,2879,947
310M200US22540,22540,"Fond du Lac, WI Metro Area",101973,,95901,740,1620,456,627,196,878,362,26,38,840,516,2081,797,350,322,1731,736
310M200US22660,22660,"Fort Collins, CO Metro Area",333577,,306923,1825,3553,724,1448,647,6946,1260,391,363,4082,1258,10234,1885,1454,761,8780,1801
310M200US22900,22900,"Fort Smith, AR-OK Metro Area",280241,,219607,2469,12305,592,17017,1767,7115,817,143,229,7943,2489,16111,2045,1255,837,14856,1926
310M200US23060,23060,"Fort Wayne, IN Metro Area",429820,,353023,1930,41180,2029,1245,471,12702,1344,649,943,5492,1803,15529,2541,2072,1373,13457,2526
310M200US23420,23420,"Fresno, CA Metro Area",974861,,630159,11312,46705,1918,9346,2150,99606,2366,1950,1048,153441,11405,33654,4421,6819,1654,26835,3966
310M200US23540,23540,"Gainesville, FL Metro Area",276881,2205,197660,2312,52727,1455,1175,226,16293,720,136,67,1419,576,7471,1438,457,365,7014,1410
310M200US23580,23580,"Gainesville, GA Metro Area",193535,,163978,3442,14588,1016,280,280,3483,387,0,214,8218,3487,2988,1189,166,219,2822,1164
310M200US23900,23900,"Gettysburg, PA Metro Area",102295,,94195,1274,1317,351,0,168,965,172,0,168,3371,1196,2447,697,782,573,1665,403
310M200US24020,24020,"Glens Falls, NY Metro Area",126918,,120272,650,2895,630,313,410,887,220,0,190,618,378,1933,889,28,50,1905,888
310M200US24140,24140,"Goldsboro, NC Metro Area",124132,,76542,2174,38277,949,456,120,2081,148,0,200,3995,2181,2781,1134,22,46,2759,1132
310M200US24220,24220,"Grand Forks, ND-MN Metro Area",102449,,91561,527,2674,464,1698,602,2366,202,264,349,1106,618,2780,915,26,43,2754,917
310M200US24260,24260,"Grand Island, NE Metro Area",84942,617,79665,1195,1700,583,325,248,607,305,84,166,1621,961,940,510,220,297,720,382
310M200US24300,24300,"Grand Junction, CO Metro Area",148513,,140608,969,1338,582,294,251,739,344,1178,685,875,537,3481,1041,334,363,3147,990
310M200US24340,24340,"Grand Rapids-Wyoming, MI Metro Area",1038583,,875351,5444,67009,3034,4052,1612,26783,1253,244,184,31611,5505,33533,3704,3728,1189,29805,3403
310M200US24420,24420,"Grants Pass, OR Metro Area",84745,,77847,1316,370,280,337,211,1027,400,0,197,1911,1428,3253,510,166,221,3087,442
310M200US24500,24500,"Great Falls, MT Metro Area",82278,,71830,588,1122,516,3745,822,777,310,32,71,1092,681,3680,1087,120,128,3560,1080
310M200US24540,24540,"Greeley, CO Metro Area",285174,,260541,2675,2742,746,3076,830,4172,848,61,85,6564,2079,8018,1591,2498,1201,5520,1346
310M200US24580,24580,"Green Bay, WI Metro Area",316519,,276043,2662,5668,1229,6095,980,8128,1347,28,50,10615,2999,9942,2682,2102,1521,7840,2179
310M200US24660,24660,"Greensboro-High Point, NC Metro Area",752157,,475878,4087,199398,2766,2440,909,25712,1178,314,419,28259,4385,20156,3158,2452,1183,17704,2942
310M200US24780,24780,"Greenville, NC Metro Area",175842,,102334,2224,61327,1038,274,215,2737,875,0,200,5221,2254,3949,1314,258,305,3691,1248
310M200US24860,24860,"Greenville-Anderson-Mauldin, SC Metro Area",874869,,680216,3218,145380,3533,1503,548,14378,1123,1044,1023,12024,2677,20324,3665,2545,1500,17779,3115
310M200US25060,25060,"Gulfport-Biloxi-Pascagoula, MS Metro Area",389255,,277124,2395,83290,2217,2006,563,10272,690,70,114,6979,2655,9514,2494,959,780,8555,2400
310M200US25180,25180,"Hagerstown-Martinsburg, MD-WV Metro Area",261486,,221065,1676,24606,2836,178,136,4004,776,27,52,3185,1341,8421,2067,305,347,8116,2078
310M200US25220,25220,"Hammond, LA Metro Area",128755,,86895,416,38061,1293,181,206,1133,139,0,204,191,197,2294,1324,154,275,2140,1290
310M200US25260,25260,"Hanford-Corcoran, CA Metro Area",150965,,99811,3725,9167,1139,2316,622,7163,1150,754,1024,26474,3789,5280,1776,764,429,4516,1752
310M200US25420,25420,"Harrisburg-Carlisle, PA Metro Area",565006,,460165,2665,59037,2300,633,390,18500,1723,102,165,9303,2262,17266,3029,3594,1853,13672,2485
310M200US25500,25500,"Harrisonburg, VA Metro Area",131131,,117987,1268,4714,1047,553,339,3245,357,13,25,1675,1327,2944,1125,110,134,2834,1122
310M200US25540,25540,"Hartford-West Hartford-East Hartford, CT Metro Area",1211324,,922440,6335,137173,3163,2913,1096,54985,1586,0,198,58219,6404,35594,4391,8644,2379,26950,3273
310M200US25620,25620,"Hattiesburg, MS Metro Area",148610,2231,101089,2185,42590,2168,13,26,1558,328,0,207,86,113,3274,1237,153,275,3121,1259
310M200US25860,25860,"Hickory-Lenoir-Morganton, NC Metro Area",362510,,301936,2023,23324,1381,1326,573,13042,933,47,82,17947,2353,4888,1397,447,489,4441,1302
310M200US25940,25940,"Hilton Head Island-Bluffton-Beaufort, SC Metro Area",207413,,150161,2735,43962,2284,169,223,2501,472,0,203,6381,2358,4239,1657,552,686,3687,1602
310M200US25980,25980,"Hinesville, GA Metro Area",78811,2356,41970,3028,28079,1997,553,482,1793,440,421,233,1919,1189,4076,1376,658,435,3418,1284
310M200US26140,26140,"Homosassa Springs, FL Metro Area",141058,,131809,339,4043,862,331,271,2301,319,0,217,30,56,2544,850,134,151,2410,851
310M200US26300,26300,"Hot Springs, AR Metro Area",97177,,84540,516,7660,1061,395,316,479,324,0,190,976,519,3127,1016,87,171,3040,965
310M200US26380,26380,"Houma-Thibodaux, LA Metro Area",212297,,159289,1560,34760,1055,8363,1262,2133,349,142,238,2236,1517,5374,1855,158,192,5216,1828
310M200US26420,26420,"Houston-The Woodlands-Sugar Land, TX Metro Area",6656946,,4387895,26255,1143291,9440,24727,4138,500359,6230,1843,1086,434419,24110,164412,11640,42124,6525,122288,9959
310M200US26580,26580,"Huntington-Ashland, WV-KY-OH Metro Area",361580,,344339,1201,10014,1492,349,307,2487,840,0,189,685,587,3706,1100,291,237,3415,1113
310M200US26620,26620,"Huntsville, AL Metro Area",444752,,317364,1758,97413,2354,2594,1180,10122,1145,344,394,4136,1515,12779,2859,1146,914,11633,2675
310M200US26820,26820,"Idaho Falls, ID Metro Area",139849,736,127810,2436,219,208,444,402,1862,625,147,182,6386,2331,2981,988,270,295,2711,1053
310M200US26900,26900,"Indianapolis-Carmel-Anderson, IN Metro Area",1988152,1992,1548318,5809,294279,5669,4453,1369,57467,2308,63,82,35568,5411,48004,6231,3946,1709,44058,5963
310M200US26980,26980,"Iowa City, IA Metro Area",166498,,141345,1644,9572,462,260,223,8666,1087,406,577,3681,1731,2568,1007,48,88,2520,1003
310M200US27060,27060,"Ithaca, NY Metro Area",104926,,84161,900,2894,1048,563,380,11332,931,0,190,1245,665,4731,1206,381,390,4350,1131
310M200US27100,27100,"Jackson, MI Metro Area",159494,,139227,666,13549,956,488,310,1343,350,0,167,1071,662,3816,1028,216,173,3600,999
310M200US27140,27140,"Jackson, MS Metro Area",578561,2348,278064,3469,282872,3123,502,292,7464,1101,265,364,5185,1723,4209,1133,364,358,3845,1097
310M200US27180,27180,"Jackson, TN Metro Area",129682,,85328,1133,39234,1067,5,10,965,279,0,200,1250,1114,2900,1112,4,8,2896,1112
310M200US27260,27260,"Jacksonville, FL Metro Area",1449481,,1014599,5208,314130,5078,2585,930,57094,3305,1461,575,15184,3734,44428,5230,5945,2208,38483,4444
310M200US27340,27340,"Jacksonville, NC Metro Area",186311,,137859,2481,26337,2502,827,542,4280,1326,33,50,3301,1614,13674,3253,2135,1314,11539,2727
310M200US27500,27500,"Janesville-Beloit, WI Metro Area",161448,,144295,1589,5434,1031,687,492,2122,406,0,145,2242,1521,6668,1829,112,130,6556,1832
310M200US27620,27620,"Jefferson City, MO Metro Area",151357,2423,135252,2451,11054,1121,623,474,1296,322,0,182,27,48,3105,884,0,182,3105,884
310M200US27740,27740,"Johnson City, TN Metro Area",200264,1994,187395,2028,5684,972,749,306,1885,338,0,200,778,508,3773,1290,120,159,3653,1263
310M200US27780,27780,"Johnstown, PA Metro Area",136411,,127879,508,4606,747,115,105,953,94,0,168,397,261,2461,533,152,203,2309,481
310M200US27860,27860,"Jonesboro, AR Metro Area",128394,,104274,1135,15046,1644,1522,1218,1373,170,0,190,1924,973,4255,1641,0,190,4255,1641
310M200US27900,27900,"Joplin, MO Metro Area",177211,,161412,862,1823,984,3331,1185,2532,304,115,185,1094,729,6904,1565,250,173,6654,1572
310M200US27980,27980,"Kahului-Wailuku-Lahaina, HI Metro Area",164726,,61321,2116,1145,470,166,165,45385,3178,15655,2084,1325,616,39729,4462,664,464,39065,4510
310M200US28020,28020,"Kalamazoo-Portage, MI Metro Area",335340,,275893,1835,30964,2294,1371,524,6549,879,0,167,4483,1272,16080,2233,1412,884,14668,2282
310M200US28100,28100,"Kankakee, IL Metro Area",110879,,87939,1185,17543,547,81,103,1267,313,85,144,2471,1191,1493,632,249,245,1244,607
310M200US28140,28140,"Kansas City, MO-KS Metro Area",2088269,1655,1645819,5745,261672,4155,8284,1494,57722,1765,2510,809,49423,4651,62839,4352,6134,1718,56705,4305
310M200US28420,28420,"Kennewick-Richland, WA Metro Area",279116,,222822,4973,2913,931,1751,576,5913,946,174,172,31260,4614,14283,2948,3239,2160,11044,1461
310M200US28660,28660,"Killeen-Temple, TX Metro Area",430642,2576,289636,4776,82989,3802,2234,1275,11282,1909,4980,2005,12759,3231,26762,3921,2234,828,24528,3746
310M200US28700,28700,"Kingsport-Bristol-Bristol, TN-VA Metro Area",305929,1737,291247,2206,6930,1037,282,231,1381,571,152,159,1472,1005,4465,1215,264,335,4201,1080
310M200US28740,28740,"Kingston, NY Metro Area",180143,,153351,1782,11145,948,324,479,3805,625,318,519,4834,1804,6366,1616,1415,743,4951,1436
310M200US28940,28940,"Knoxville, TN Metro Area",861679,1341,772076,3007,49363,2320,2264,899,11120,1366,679,645,6973,2342,19204,2870,929,557,18275,2906
310M200US29020,29020,"Kokomo, IN Metro Area",82556,,72425,633,5570,1039,228,197,1015,179,185,289,397,424,2736,1167,504,415,2232,1020
310M200US29100,29100,"La Crosse-Onalaska, WI-MN Metro Area",136985,,126465,473,1330,307,709,248,5666,424,1,2,702,402,2112,532,40,79,2072,537
310M200US29180,29180,"Lafayette, LA Metro Area",490488,,345971,2151,119650,3311,1403,793,9015,281,0,204,4045,1682,10404,3151,433,444,9971,3138
310M200US29200,29200,"Lafayette-West Lafayette, IN Metro Area",214997,1361,183094,2352,9005,842,383,293,14279,986,11,20,3612,1874,4613,1315,706,556,3907,1240
310M200US29340,29340,"Lake Charles, LA Metro Area",205493,1673,145697,1975,49741,1395,699,442,2990,377,80,132,1587,775,4699,1672,468,440,4231,1588
310M200US29420,29420,"Lake Havasu City-Kingman, AZ Metro Area",204737,,184801,2362,2453,722,5760,528,2743,648,130,133,4647,1932,4203,1183,1024,708,3179,931
310M200US29460,29460,"Lakeland-Winter Haven, FL Metro Area",650092,,510686,4085,98182,2629,1953,752,11084,1034,267,176,12095,3133,15825,3144,3200,1471,12625,2715
310M200US29540,29540,"Lancaster, PA Metro Area",536624,,474069,3278,23230,2468,920,745,11311,972,45,84,15128,3104,11921,2482,2398,918,9523,2178
310M200US29620,29620,"Lansing-East Lansing, MI Metro Area",472276,,379223,2010,39591,2384,1647,483,21939,914,114,139,8236,1815,21526,2955,2870,1510,18656,2511
310M200US29700,29700,"Laredo, TX Metro Area",269721,,258007,2132,590,467,856,669,1884,893,0,214,6521,1622,1863,1041,1051,686,812,802
310M200US29740,29740,"Las Cruces, NM Metro Area",214295,,191138,3817,3623,450,2238,884,2454,586,0,193,10979,3533,3863,1381,584,497,3279,1286
310M200US29820,29820,"Las Vegas-Henderson-Paradise, NV Metro Area",2114801,,1314736,12136,232104,4669,16922,2909,204801,3732,14568,1503,221830,10308,109840,6874,19301,3353,90539,6444
310M200US29940,29940,"Lawrence, KS Metro Area",118053,,98451,1209,5503,761,3556,574,5229,954,0,168,1305,917,4009,1368,361,449,3648,1319
310M200US30020,30020,"Lawton, OK Metro Area",130581,736,84509,1746,21618,1464,6872,1091,3248,513,472,438,2033,1423,11829,2437,842,774,10987,2334
310M200US30140,30140,"Lebanon, PA Metro Area",137067,,120264,1929,2425,644,0,168,2155,319,142,247,9562,2047,2519,747,336,333,2183,621
310M200US30300,30300,"Lewiston, ID-WA Metro Area",62153,,55450,603,165,131,3452,604,785,342,35,59,80,115,2186,666,0,189,2186,666
310M200US30340,30340,"Lewiston-Auburn, ME Metro Area",107233,,98649,472,1245,760,36,59,937,173,0,163,834,505,5532,827,145,148,5387,802
310M200US30460,30460,"Lexington-Fayette, KY Metro Area",500535,,406721,2223,56169,2338,721,746,13095,1418,85,112,10636,2454,13108,2376,1112,517,11996,2336
310M200US30620,30620,"Lima, OH Metro Area",104425,,86537,661,13636,678,323,125,1060,382,0,187,820,477,2049,805,303,280,1746,781
310M200US30700,30700,"Lincoln, NE Metro Area",323557,1378,282777,2264,12389,1453,1690,823,12022,1001,316,409,4294,1777,10069,2163,514,340,9555,2130
310M200US30780,30780,"Little Rock-North Little Rock-Conway, AR Metro Area",730250,1686,521807,3919,169908,1820,3079,810,13320,1095,522,487,9126,3184,12488,2246,1842,1022,10646,2031
310M200US30860,30860,"Logan, UT-ID Metro Area",133821,1342,119533,2321,1170,215,802,503,2842,978,216,310,5953,1880,3305,1407,852,758,2453,1230
310M200US30980,30980,"Longview, TX Metro Area",217781,,169885,1563,39905,1156,731,600,1968,614,0,214,2119,1006,3173,1119,532,354,2641,1039
310M200US31020,31020,"Longview, WA Metro Area",103468,,93275,1329,340,209,1182,451,1784,325,0,195,2346,1203,4541,747,205,278,4336,758
310M200US31080,31080,"Los Angeles-Long Beach-Anaheim, CA Metro Area",13340068,,7267784,40749,890429,6931,85476,7241,2093603,9190,39514,2094,2482966,42399,480296,16628,127341,8081,352955,13949
310M200US31140,31140,"Louisville/Jefferson County, KY-IN Metro Area",1279335,3619,1032804,4279,178321,3468,3453,1095,24890,1908,505,715,8481,2950,30881,3546,1028,458,29853,3594
310M200US31180,31180,"Lubbock, TX Metro Area",312433,1750,258098,4715,19555,2588,4282,2529,6604,641,40,69,13554,2515,10300,2895,2456,1329,7844,2585
310M200US31340,31340,"Lynchburg, VA Metro Area",260504,2447,203525,2135,45679,1630,293,315,4086,757,46,80,1023,568,5852,1483,448,316,5404,1412
310M200US31420,31420,"Macon, GA Metro Area",231448,1987,118780,2116,101294,2347,206,189,5283,1995,0,214,3157,1324,2728,856,319,296,2409,847
310M200US31460,31460,"Madera, CA Metro Area",154998,,126455,3791,4938,570,1446,553,2886,725,126,204,13191,3451,5956,1624,1906,1074,4050,1037
310M200US31540,31540,"Madison, WI Metro Area",641385,,553177,2844,28913,1732,1871,626,30043,1518,268,128,10123,2717,16990,2345,1925,1166,15065,2114
310M200US31700,31700,"Manchester-Nashua, NH Metro Area",406678,,370671,1621,11845,1732,286,245,15626,1072,175,196,1343,701,6732,1575,325,207,6407,1549
310M200US31740,31740,"Manhattan, KS Metro Area",98545,,83313,999,4242,1056,472,400,4468,475,515,498,1793,818,3742,1141,559,452,3183,1053
310M200US31860,31860,"Mankato-North Mankato, MN Metro Area",99134,,91186,501,3300,553,275,79,1746,498,0,143,531,379,2096,737,174,231,1922,764
310M200US31900,31900,"Mansfield, OH Metro Area",121707,,105515,629,8063,1254,191,174,1070,117,0,187,793,662,6075,1253,170,202,5905,1246
310M200US32420,32420,"Mayagüez, PR Metro Area",98464,2576,28392,3842,3050,1136,0,221,155,157,0,221,64123,3757,2744,1300,2062,1099,682,702
310M200US32580,32580,"McAllen-Edinburg-Mission, TX Metro Area",842304,,744591,9263,5649,924,1622,1463,9113,1103,200,211,71935,8631,9194,2879,6212,2527,2982,1477
310M200US32780,32780,"Medford, OR Metro Area",212567,,193760,1988,1514,691,2319,980,2407,522,376,346,3335,1651,8856,1544,728,455,8128,1551
310M200US32820,32820,"Memphis, TN-MS-AR Metro Area",1343572,2810,634193,4971,626698,4865,1078,511,28661,1879,700,824,28865,4818,23377,4208,3982,1829,19395,3833
310M200US32900,32900,"Merced, CA Metro Area",268455,,154331,5786,8873,1734,1519,782,19689,2074,660,954,70482,6378,12901,2868,3228,1234,9673,2548
310M200US33100,33100,"Miami-Fort Lauderdale-West Palm Beach, FL Metro Area",6012331,,4248409,17268,1295408,8722,7957,1535,147612,4431,1637,722,184150,15077,127158,9905,33112,5220,94046,8212
310M200US33140,33140,"Michigan City-La Porte, IN Metro Area",110884,,91608,1050,12846,701,0,189,331,233,0,189,2155,630,3944,977,1352,855,2592,842
310M200US33220,33220,"Midland, MI Metro Area",83632,,78064,477,1177,484,243,245,1611,467,277,223,586,386,1674,601,317,300,1357,532
310M200US33260,33260,"Midland, TX Metro Area",165427,1106,142271,2478,9074,1238,485,415,2763,304,58,97,6230,2280,4546,1571,383,309,4163,1582
310M200US33340,33340,"Milwaukee-Waukesha-West Allis, WI Metro Area",1575747,,1160685,5716,259642,2986,6771,1381,55655,1295,593,357,48822,4762,43579,4644,5455,1598,38124,4491
310M200US33460,33460,"Minneapolis-St. Paul-Bloomington, MN-WI Metro Area",3524583,,2816262,6317,281345,5520,18402,2067,226181,4034,638,347,65361,5271,116394,6463,8500,2000,107894,6014
310M200US33540,33540,"Missoula, MT Metro Area",114181,,104696,715,841,198,2784,1043,2203,440,0,165,201,198,3456,1370,0,165,3456,1370
310M200US33660,33660,"Mobile, AL Metro Area",415395,,246791,1559,145156,2318,3371,944,8444,638,0,192,3968,1984,7665,2309,599,482,7066,2208
310M200US33700,33700,"Modesto, CA Metro Area",538388,,407401,7561,14771,1335,3860,1176,30326,1801,4218,688,55594,6685,22218,3814,5253,1815,16965,3107
310M200US33740,33740,"Monroe, LA Metro Area",179238,,109568,1750,65222,1467,309,258,1544,423,0,204,912,760,1683,819,585,485,1098,639
310M200US33780,33780,"Monroe, MI Metro Area",149568,,141703,321,3277,604,176,138,1144,226,45,81,381,240,2842,655,136,155,2706,623
310M200US33860,33860,"Montgomery, AL Metro Area",375435,1292,192854,1580,166413,1823,509,430,5770,1201,183,204,1790,1298,7916,1584,870,547,7046,1543
310M200US34060,34060,"Morgantown, WV Metro Area",138176,,125667,1391,4968,1725,230,326,3147,710,0,189,521,486,3643,1278,0,189,3643,1278
310M200US34100,34100,"Morristown, TN Metro Area",116642,,104487,1329,4645,1060,209,258,355,350,50,102,4149,1400,2747,909,683,548,2064,730
310M200US34580,34580,"Mount Vernon-Anacortes, WA Metro Area",121846,,100273,2808,1203,430,1814,675,2296,734,228,279,11336,2689,4696,1315,1367,824,3329,921
310M200US34620,34620,"Muncie, IN Metro Area",116852,,103006,371,9095,658,208,265,1852,198,104,145,38,70,2549,832,238,367,2311,963
310M200US34740,34740,"Muskegon, MI Metro Area",172790,,139335,924,23975,1116,1312,510,617,302,103,147,991,560,6457,1435,896,704,5561,1320
310M200US34820,34820,"Myrtle Beach-Conway-North Myrtle Beach, SC-NC Metro Area",431964,,350172,2770,53955,2476,2271,949,4325,759,186,235,11667,2653,9388,2567,841,803,8547,2503
310M200US34900,34900,"Napa, CA Metro Area",142456,,97452,3357,2941,402,1115,1297,12061,572,294,268,24842,3452,3751,1062,555,365,3196,991
310M200US34940,34940,"Naples-Immokalee-Marco Island, FL Metro Area",357305,,319302,1905,25156,1342,725,319,4034,829,0,217,3191,1374,4897,1555,1094,664,3803,1430
310M200US34980,34980,"Nashville-Davidson--Murfreesboro--Franklin, TN Metro Area",1830298,1771,1426262,5632,276422,5132,5793,1296,44791,2618,396,347,32887,5562,43747,5767,3534,1242,40213,5441
310M200US35100,35100,"New Bern, NC Metro Area",125066,2456,88886,2553,27716,1861,1678,1731,3020,356,0,200,1550,873,2216,1048,204,230,2012,1012
310M200US35300,35300,"New Haven-Milford, CT Metro Area",859470,,633320,6459,112785,2890,1794,875,36649,991,0,198,51792,6592,23130,3480,7672,2160,15458,2633
310M200US35380,35380,"New Orleans-Metairie, LA Metro Area",1262888,,733357,4818,440361,3703,2906,793,37639,1246,170,181,21912,3660,26543,3965,4027,1447,22516,3750
310M200US35620,35620,"New York-Newark-Jersey City, NY-NJ-PA Metro Area",20182305,,11709580,34004,3433190,16411,59785,5859,2212742,11795,5980,1973,2168989,35002,592039,25906,164163,12636,427876,20601
310M200US35660,35660,"Niles-Benton Harbor, MI Metro Area",154636,,121302,977,22875,1094,321,260,3189,339,98,156,2006,630,4845,1413,102,90,4743,1406
310M200US35840,35840,"North Port-Sarasota-Bradenton, FL Metro Area",768918,,684886,2471,53374,1915,592,454,13444,1059,126,161,5058,1763,11438,2252,572,434,10866,2110
310M200US35980,35980,"Norwich-New London, CT Metro Area",271863,,217247,2321,15220,2081,1471,581,10957,1082,0,198,9937,2645,17031,3122,1262,747,15769,2912
310M200US36100,36100,"Ocala, FL Metro Area",343254,,281114,2339,45593,2123,494,535,5893,699,326,479,3488,1496,6346,2256,632,706,5714,1991
310M200US36140,36140,"Ocean City, NJ Metro Area",94727,,86752,776,4864,391,0,197,1368,23,0,197,716,444,1027,605,322,361,705,433
310M200US36220,36220,"Odessa, TX Metro Area",159436,,140664,2695,6503,941,335,379,1531,326,0,214,6036,2294,4367,1693,725,460,3642,1563
310M200US36260,36260,"Ogden-Clearfield, UT Metro Area",644030,1825,577319,4833,6685,1359,3545,778,9859,1331,2296,773,23186,4142,21140,2702,3017,794,18123,2593
310M200US36420,36420,"Oklahoma City, OK Metro Area",1358452,,1004790,5966,136282,4278,45542,2868,42456,1951,860,393,36014,5742,92508,5950,6397,1897,86111,5717
310M200US36500,36500,"Olympia-Tumwater, WA Metro Area",269536,,221351,1631,8945,1024,4889,1276,14556,1724,2493,665,3094,1185,14208,2556,1055,688,13153,2464
310M200US36540,36540,"Omaha-Council Bluffs, NE-IA Metro Area",915557,1015,772902,4453,71734,2197,5969,1391,24399,1339,458,485,16895,3857,23200,2819,2267,1013,20933,2849
310M200US36740,36740,"Orlando-Kissimmee-Sanford, FL Metro Area",2387138,,1692374,13640,384628,6336,6200,2184,101625,3801,2338,1719,130315,12608,69658,7042,13848,3175,55810,5933
310M200US36780,36780,"Oshkosh-Neenah, WI Metro Area",169546,,157168,609,3919,441,1223,235,5161,305,0,145,628,497,1447,648,251,220,1196,574
310M200US36980,36980,"Owensboro, KY Metro Area",117967,2225,107577,2317,4612,1318,316,376,1122,75,0,187,276,317,4064,1215,60,85,4004,1205
310M200US37100,37100,"Oxnard-Thousand Oaks-Ventura, CA Metro Area",850536,,686076,7703,14338,1843,8213,2949,62400,2262,2044,242,43320,6206,34145,4572,5662,1366,28483,4298
310M200US37340,37340,"Palm Bay-Melbourne-Titusville, FL Metro Area",568088,,471430,2527,57147,3079,1984,819,12952,1152,995,1114,6879,2145,16701,3703,1419,869,15282,3683
310M200US37460,37460,"Panama City, FL Metro Area",197723,2204,160639,2503,23751,1625,731,431,4473,735,0,217,888,483,7241,1510,517,374,6724,1492
310M200US37620,37620,"Parkersburg-Vienna, WV Metro Area",92776,1490,89377,1494,733,535,186,97,645,104,206,242,265,241,1364,562,0,189,1364,562
310M200US37860,37860,"Pensacola-Ferry Pass-Brent, FL Metro Area",478043,,354266,2036,73203,3266,1437,686,10984,1318,567,379,8643,2369,28943,4207,2335,1159,26608,3790
310M200US37900,37900,"Peoria, IL Metro Area",376987,866,318528,1543,35088,2788,415,248,8826,740,56,94,4442,1455,9632,2592,834,481,8798,2477
310M200US37980,37980,"Philadelphia-Camden-Wilmington, PA-NJ-DE-MD Metro Area",6069875,,4081353,12341,1256068,8756,12541,2034,355209,4188,2543,1162,194101,11690,168060,9621,23709,4627,144351,8688
310M200US38060,38060,"Phoenix-Mesa-Scottsdale, AZ Metro Area",4574531,,3571536,18682,246270,5341,102072,5040,173160,4558,8832,1058,321965,17074,150696,9867,31342,4521,119354,8968
310M200US38220,38220,"Pine Bluff, AR Metro Area",94489,1135,45283,1089,46387,820,62,73,287,387,0,190,1671,408,799,533,0,190,799,533
310M200US38300,38300,"Pittsburgh, PA Metro Area",2353045,,2046837,1948,189005,4017,1713,484,50915,1785,669,448,6559,1411,57347,4514,4129,1980,53218,4000
310M200US38340,38340,"Pittsfield, MA Metro Area",127828,,116652,1066,3826,686,309,236,2234,239,100,120,2065,869,2642,923,185,217,2457,851
310M200US38540,38540,"Pocatello, ID Metro Area",83744,,75407,859,723,241,2783,584,1078,189,340,333,1466,716,1947,611,568,471,1379,489
310M200US38660,38660,"Ponce, PR Metro Area",318802,2873,220713,6370,16107,3185,660,792,402,295,0,221,40324,4281,40596,5449,1606,766,38990,5340
310M200US38860,38860,"Portland-South Portland, ME Metro Area",526295,,493182,1133,9051,1457,1215,628,8208,1221,59,112,1412,894,13168,2054,592,736,12576,1879
310M200US38900,38900,"Portland-Vancouver-Hillsboro, OR-WA Metro Area",2390244,1163,1962953,8042,67860,3135,17740,2863,151310,4496,10828,2006,67448,7563,112105,6875,10375,2170,101730,6521
310M200US38940,38940,"Port St. Lucie, FL Metro Area",454846,,357439,4327,66631,4535,2392,1352,8847,145,0,217,11641,4289,7896,4733,1565,1170,6331,4593
310M200US39140,39140,"Prescott, AZ Metro Area",222255,,204325,2660,1082,448,3586,1021,2243,666,297,298,3908,2156,6814,1108,502,432,6312,1027
310M200US39300,39300,"Providence-Warwick, RI-MA Metro Area",1613070,,1324393,7337,86332,4519,4706,1179,47639,2562,516,485,98022,7548,51462,5507,10953,2580,40509,4388
310M200US39340,39340,"Provo-Orem, UT Metro Area",585257,1802,538630,4147,4000,676,2564,854,9037,1145,3612,984,9511,3172,17903,2659,1678,724,16225,2544
310M200US39380,39380,"Pueblo, CO Metro Area",163591,,128052,3608,3707,784,7643,1929,1905,563,0,193,15345,2778,6939,1753,1981,995,4958,1533
310M200US39460,39460,"Punta Gorda, FL Metro Area",173115,,155857,1287,9820,1411,799,553,2183,538,0,217,746,837,3710,1519,832,720,2878,1345
310M200US39540,39540,"Racine, WI Metro Area",195080,,156226,2367,22460,1209,829,527,2333,357,59,71,6655,2362,6518,1366,1564,658,4954,1231
310M200US39580,39580,"Raleigh, NC Metro Area",1273568,,872737,6311,261611,4875,4663,1516,66699,3487,348,560,34910,6045,32600,4910,3578,1601,29022,4754
310M200US39660,39660,"Rapid City, SD Metro Area",145457,2433,124339,2361,880,487,8275,1733,2076,245,316,403,1254,896,8317,1943,388,513,7929,1915
310M200US39740,39740,"Reading, PA Metro Area",415271,,347572,4351,22043,2087,5493,2424,6266,829,149,184,13953,2854,19795,3640,2561,1266,17234,3663
310M200US39820,39820,"Redding, CA Metro Area",179533,,155875,1548,2539,532,4791,1036,6066,815,34,59,2571,1215,7657,1989,2049,1145,5608,1620
310M200US39900,39900,"Reno, NV Metro Area",451138,1147,358369,6093,10082,942,6366,1070,22612,1818,3112,280,29203,5923,21394,3014,4255,1498,17139,2418
310M200US40060,40060,"Richmond, VA Metro Area",1271142,4676,785978,6926,375945,4704,5523,2628,46890,1816,610,455,16627,3151,39569,4079,5758,1762,33811,3703
310M200US40140,40140,"Riverside-San Bernardino-Ontario, CA Metro Area",4489159,,2789511,24432,326545,8833,34355,3917,299541,5071,13483,1479,829235,22882,196489,11857,54771,6319,141718,10187
310M200US40220,40220,"Roanoke, VA Metro Area",311901,907,254532,2117,41305,2169,418,284,5141,1311,0,197,1378,1055,9127,2111,70,131,9057,2130
310M200US40340,40340,"Rochester, MN Metro Area",213873,,188948,1190,8026,1583,716,794,9927,664,90,133,1278,796,4888,1768,585,500,4303,1653
310M200US40380,40380,"Rochester, NY Metro Area",1081954,,879335,3349,128758,3340,4184,1058,32826,1256,508,438,13963,3210,22380,3262,2889,1135,19491,3153
310M200US40420,40420,"Rockford, IL Metro Area",340663,,270171,3929,37151,1810,1968,1277,7097,718,15,30,14240,3937,10021,2280,1528,963,8493,2115
310M200US40580,40580,"Rocky Mount, NC Metro Area",148069,,70056,1208,68139,1583,329,307,886,800,309,331,3732,1399,4618,1729,1670,928,2948,1525
310M200US40660,40660,"Rome, GA Metro Area",96504,,73949,2515,14466,541,146,236,1618,413,0,214,4235,2298,2090,1566,1001,1256,1089,623
310M200US40900,40900,"Sacramento--Roseville--Arden-Arcade, CA Metro Area",2274194,,1508313,10723,162057,3932,12748,2668,296405,4811,18284,1146,135848,9584,140539,7836,21400,3012,119139,7848
310M200US40980,40980,"Saginaw, MI Metro Area",193307,,144418,1582,34507,2468,506,285,2355,448,0,167,3269,1295,8252,2588,962,570,7290,2534
310M200US41060,41060,"St. Cloud, MN Metro Area",194418,,176433,1256,7449,869,395,198,3739,793,19,35,1921,1107,4462,1042,391,303,4071,1021
310M200US41100,41100,"St. George, UT Metro Area",155602,,140239,2298,1343,600,3793,1958,817,330,758,415,4864,2057,3788,1400,602,704,3186,1332
310M200US41140,41140,"St. Joseph, MO-KS Metro Area",127421,1490,114322,1674,7714,850,686,556,613,655,26,43,660,527,3400,1107,386,251,3014,1127
310M200US41180,41180,"St. Louis, MO-IL Metro Area",2812313,2503,2143279,4583,511759,4626,5112,1521,71309,2349,1389,980,15609,3240,63856,5623,5808,1775,58048,5350
310M200US41420,41420,"Salem, OR Metro Area",410091,,347782,5527,4747,791,4218,1500,7082,1443,3218,478,15322,3902,27722,4428,2416,1078,25306,4297
310M200US41500,41500,"Salinas, CA Metro Area",433898,,287032,7533,10672,1228,3036,1157,24390,1708,2048,367,86646,6982,20074,2731,3602,1317,16472,2463
310M200US41540,41540,"Salisbury, MD-DE Metro Area",395300,,304009,2168,67871,2223,1490,885,6811,932,163,229,4222,1748,10734,2220,966,855,9768,1932
310M200US41620,41620,"Salt Lake City, UT Metro Area",1170266,,958397,7710,19976,1517,8989,1899,44201,2169,16315,2257,88578,7652,33810,4866,5378,1840,28432,4352
310M200US41660,41660,"San Angelo, TX Metro Area",120106,597,102555,3217,5831,799,275,177,2000,136,242,251,7076,2994,2127,1154,1173,1041,954,387
310M200US41700,41700,"San Antonio-New Braunfels, TX Metro Area",2381828,2368,1938131,13767,163332,4219,16156,4997,58418,2581,1853,940,132364,9546,71574,6591,14845,3051,56729,5691
310M200US41740,41740,"San Diego-Carlsbad, CA Metro Area",3299521,,2335380,16276,168575,3358,17356,3103,387324,6816,14434,2046,218792,13409,157660,8862,28227,4472,129433,7793
310M200US41860,41860,"San Francisco-Oakland-Hayward, CA Metro Area",4656132,,2342118,16370,351413,4828,22920,3824,1186476,8112,36096,1993,462698,18060,254411,10406,43578,5242,210833,9315
310M200US41900,41900,"San Germán, PR Metro Area",128611,2873,52043,4860,2596,1286,121,151,62,110,0,221,72358,4128,1431,950,1119,904,312,299
310M200US41940,41940,"San Jose-Sunnyvale-Santa Clara, CA Metro Area",1976836,,917586,13477,47701,2270,8849,1872,669415,5442,9246,2802,230551,14127,93488,7639,19341,2842,74147,6911
310M200US41980,41980,"San Juan-Carolina-Caguas, PR Metro Area",2200767,4075,1525174,15770,263465,12172,8538,2639,4873,2441,0,221,292782,12263,105935,10056,10708,2002,95227,9621
310M200US42020,42020,"San Luis Obispo-Paso Robles-Arroyo Grande, CA Metro Area",281401,,237929,4681,5614,769,2132,668,10000,1246,569,616,16106,4541,9051,2096,894,611,8157,2007
310M200US42100,42100,"Santa Cruz-Watsonville, CA Metro Area",274146,,210341,5323,2288,676,1985,1736,12048,1245,268,286,34287,5137,12929,1978,2316,1297,10613,1464
310M200US42140,42140,"Santa Fe, NM Metro Area",148686,,123460,2728,1540,370,4624,471,1301,479,38,63,12975,2443,4748,1232,1648,1013,3100,932
310M200US42200,42200,"Santa Maria-Santa Barbara, CA Metro Area",444769,,350900,5467,9359,993,3294,1367,25156,1385,564,402,38693,5672,16803,2731,3916,1495,12887,2173
310M200US42220,42220,"Santa Rosa, CA Metro Area",502146,,384475,7568,7678,819,4403,1625,19128,1864,1061,596,52827,7262,32574,4199,8061,3240,24513,3548
310M200US42340,42340,"Savannah, GA Metro Area",379199,,224796,2626,128037,3120,1319,729,10305,596,0,214,4604,1715,10138,2509,1124,656,9014,2422
310M200US42540,42540,"Scranton--Wilkes-Barre--Hazleton, PA Metro Area",558166,,503620,2831,20660,2388,801,330,8781,843,0,168,12984,2432,11320,1929,1363,780,9957,1918
310M200US42660,42660,"Seattle-Tacoma-Bellevue, WA Metro Area",3733580,,2612891,8803,212314,6677,30623,3080,473435,5753,34402,1663,131461,10103,238454,10602,19502,3613,218952,10196
310M200US42680,42680,"Sebastian-Vero Beach, FL Metro Area",147919,,129463,597,13365,1313,6,16,1862,577,0,217,649,537,2574,1463,146,191,2428,1435
310M200US42700,42700,"Sebring, FL Metro Area",99491,,78734,2435,9886,1196,142,166,1163,433,0,217,7502,2509,2064,1354,253,286,1811,1303
310M200US43100,43100,"Sheboygan, WI Metro Area",115569,,104047,660,1741,501,329,169,6360,288,0,145,731,497,2361,675,174,200,2187,663
310M200US43300,43300,"Sherman-Denison, TX Metro Area",125467,,109315,1267,7462,906,2230,370,1495,368,0,214,1942,1165,3023,996,515,488,2508,992
310M200US43340,43340,"Shreveport-Bossier City, LA Metro Area",443708,,250678,2160,172734,2111,1469,429,5956,604,170,200,3199,1747,9502,2759,2260,1925,7242,1944
310M200US43420,43420,"Sierra Vista-Douglas, AZ Metro Area",126427,,106336,2379,5812,721,1130,377,2729,523,194,292,4879,2047,5347,1626,336,371,5011,1582
310M200US43580,43580,"Sioux City, IA-NE-SD Metro Area",165491,1372,141584,3612,3884,840,2937,966,4186,861,434,521,9313,3381,3153,1114,552,333,2601,1035
310M200US43620,43620,"Sioux Falls, SD Metro Area",252234,574,222283,1969,9444,1025,4626,1352,3421,901,58,88,5589,1951,6813,1952,491,530,6322,1874
310M200US43780,43780,"South Bend-Mishawaka, IN-MI Metro Area",320098,,257934,1885,35639,1532,1088,469,6707,818,233,60,6745,1807,11752,1702,1134,568,10618,1692
310M200US43900,43900,"Spartanburg, SC Metro Area",325079,,236959,1772,69990,1764,613,397,7227,397,0,203,4179,1643,6111,1742,319,301,5792,1719
310M200US44060,44060,"Spokane-Spokane Valley, WA Metro Area",546807,1163,485358,2335,7861,1635,9772,1483,11009,1124,2525,366,6503,1649,23779,2297,1370,754,22409,2222
310M200US44100,44100,"Springfield, IL Metro Area",211598,1178,175754,1416,24268,1621,140,130,4164,400,0,182,1450,755,5822,1426,152,129,5670,1443
310M200US44140,44140,"Springfield, MA Metro Area",631982,,525153,5007,44550,2171,1855,667,19015,1347,75,126,24652,4696,16682,2895,2988,1474,13694,2402
310M200US44180,44180,"Springfield, MO Metro Area",455074,2454,418669,2726,11625,1271,2469,796,6437,983,209,222,4231,1368,11434,1722,797,457,10637,1779
310M200US44220,44220,"Springfield, OH Metro Area",135959,,116881,1140,11004,1177,99,171,1020,234,94,102,1543,1133,5318,1240,198,285,5120,1210
310M200US44300,44300,"State College, PA Metro Area",160580,,140405,915,6909,322,12,24,9340,678,141,221,1788,866,1985,721,45,59,1940,710
310M200US44420,44420,"Staunton-Waynesboro, VA Metro Area",120221,,106775,1758,8334,1496,450,393,954,827,228,355,408,373,3072,1191,349,374,2723,1123
310M200US44700,44700,"Stockton-Lodi, CA Metro Area",726106,,418597,8672,48452,2449,3606,1105,110506,3171,2624,1461,67173,7750,75148,8641,8534,2472,66614,8183
310M200US44940,44940,"Sumter, SC Metro Area",107480,,52636,584,50282,658,312,346,1369,385,0,203,957,583,1924,746,0,203,1924,746
310M200US45060,45060,"Syracuse, NY Metro Area",660458,,558548,1699,54656,3058,3203,658,18877,1543,169,162,5753,1581,19252,2956,1374,478,17878,2914
310M200US45220,45220,"Tallahassee, FL Metro Area",378593,1564,230431,2816,126387,2647,744,392,9490,820,101,169,2884,1470,8556,1810,370,339,8186,1752
310M200US45300,45300,"Tampa-St. Petersburg-Clearwater, FL Metro Area",2975225,,2324830,9848,357976,6624,9150,1873,100038,3213,2272,728,95543,9225,85416,7486,14852,3066,70564,6715
310M200US45460,45460,"Terre Haute, IN Metro Area",172107,2612,156339,2440,6568,1077,561,473,2006,610,0,189,506,449,6127,1189,463,410,5664,1171
310M200US45500,45500,"Texarkana, TX-AR Metro Area",151316,1862,105202,2049,37305,1694,1044,113,105,133,0,189,3317,1317,4343,1660,1227,1126,3116,1280
310M200US45540,45540,"The Villages, FL Metro Area",118891,,109243,1904,6147,1707,573,515,161,173,0,217,1636,763,1131,608,278,318,853,495
310M200US45780,45780,"Toledo, OH Metro Area",605956,,473026,2725,85035,2733,1090,428,10382,1031,320,206,12810,2627,23293,3265,4646,1575,18647,3017
310M200US45820,45820,"Topeka, KS Metro Area",233791,,200822,1970,13838,1346,3491,717,2722,366,329,426,3376,1540,9213,1698,410,337,8803,1672
310M200US45940,45940,"Trenton, NJ Metro Area",371398,,240995,3059,76228,1375,200,248,40989,836,17,31,7537,2473,5432,1213,476,419,4956,1157
310M200US46060,46060,"Tucson, AZ Metro Area",1010025,,776470,9061,36666,2433,37188,4511,29545,1617,1374,662,90312,9660,38470,3713,9561,2008,28909,3491
310M200US46140,46140,"Tulsa, OK Metro Area",980794,1439,697591,2970,79242,1931,69316,2959,21723,1093,178,207,30300,2607,82444,3295,3152,994,79292,3175
310M200US46220,46220,"Tuscaloosa, AL Metro Area",241851,3298,151139,2151,82688,2857,407,334,2965,590,314,444,1696,1138,2642,1000,24,47,2618,1003
310M200US46340,46340,"Tyler, TX Metro Area",222936,,171437,2217,38848,2426,615,430,3427,482,5,11,3541,1839,5063,2582,1037,686,4026,2422
310M200US46520,46520,"Urban Honolulu, HI Metro Area",998714,,223187,4089,27170,1994,1393,623,416998,8223,85776,4416,6628,1621,237562,9539,5878,1856,231684,9089
310M200US46540,46540,"Utica-Rome, NY Metro Area",295600,,257610,1493,13176,1099,816,215,9742,557,1058,945,5047,1446,8151,1360,1191,544,6960,1304
310M200US46660,46660,"Valdosta, GA Metro Area",142202,1071,85968,2298,49432,1770,279,233,2214,494,41,72,2140,1474,2128,1012,383,430,1745,895
310M200US46700,46700,"Vallejo-Fairfield, CA Metro Area",436092,,233286,5356,61550,2418,2367,989,67196,2571,3673,600,37689,5361,30331,3759,4487,1434,25844,3394
310M200US47020,47020,"Victoria, TX Metro Area",99040,1255,83430,2479,6280,1127,40,67,1102,360,0,214,5796,2205,2392,1326,141,171,2251,1305
310M200US47220,47220,"Vineland-Bridgeton, NJ Metro Area",155854,,110447,2636,29440,2305,874,304,2573,587,0,197,5159,1831,7361,2100,1394,897,5967,1766
310M200US47260,47260,"Virginia Beach-Norfolk-Newport News, VA-NC Metro Area",1723351,3388,1030858,5823,525982,6079,6517,1354,66649,2307,1443,566,23352,3930,68550,5659,5153,1623,63397,5628
310M200US47300,47300,"Visalia-Porterville, CA Metro Area",459863,,360593,7400,6744,765,5240,1849,16117,1855,828,315,56988,7268,13353,2657,3851,1349,9502,2329
310M200US47380,47380,"Waco, TX Metro Area",262425,1789,205998,2807,40642,1970,913,806,4770,720,0,214,4748,1595,5354,1338,954,557,4400,1168
310M200US47460,47460,"Walla Walla, WA Metro Area",64056,931,55678,1994,1448,658,0,195,1049,224,224,235,3569,1548,2088,819,499,545,1589,644
310M200US47580,47580,"Warner Robins, GA Metro Area",187953,1640,112714,2450,59853,2246,292,265,5347,886,0,214,2647,1504,7100,2195,1422,1269,5678,1942
310M200US47900,47900,"Washington-Arlington-Alexandria, DC-VA-MD-WV Metro Area",6098283,2866,3282044,16026,1543325,9047,16436,2803,613621,6441,3945,1045,391042,16533,247870,9892,33432,4654,214438,9330
310M200US47940,47940,"Waterloo-Cedar Falls, IA Metro Area",170612,,146842,719,12820,847,331,164,2360,875,94,151,5385,1151,2780,964,99,134,2681,948
310M200US48060,48060,"Watertown-Fort Drum, NY Metro Area",117635,,101377,972,7831,1013,546,221,2350,474,225,231,1123,348,4183,1159,1025,563,3158,1098
310M200US48140,48140,"Wausau, WI Metro Area",135868,,124426,284,849,263,575,287,7748,680,265,305,172,234,1833,653,0,145,1833,653
310M200US48260,48260,"Weirton-Steubenville, WV-OH Metro Area",121403,2045,113773,2337,3967,681,224,204,166,124,0,189,13,26,3260,1187,119,123,3141,1184
310M200US48300,48300,"Wenatchee, WA Metro Area",116178,,98248,4015,246,328,845,497,199,139,0,195,13434,3680,3206,1271,808,1003,2398,963
310M200US48540,48540,"Wheeling, WV-OH Metro Area",144198,,136390,512,4340,676,451,267,440,151,107,179,531,303,1939,561,241,262,1698,539
310M200US48620,48620,"Wichita, KS Metro Area",644502,1171,530158,4208,52890,2313,7313,1897,25482,1776,274,306,10085,3289,18300,2952,2016,1119,16284,2731
310M200US48660,48660,"Wichita Falls, TX Metro Area",150780,,122914,1968,13713,1495,1572,502,3278,295,27,53,4999,1808,4277,1620,714,534,3563,1521
310M200US48700,48700,"Williamsport, PA Metro Area",116048,,106598,778,5859,685,278,173,987,168,0,168,479,496,1847,983,384,575,1463,761
310M200US48900,48900,"Wilmington, NC Metro Area",277969,,222830,1701,41635,1132,623,557,3601,629,108,137,4301,1761,4871,1049,114,181,4757,1061
310M200US49020,49020,"Winchester, VA-WV Metro Area",133621,2267,121940,2707,6046,1558,810,1028,1794,625,322,426,465,300,2244,886,233,210,2011,844
310M200US49180,49180,"Winston-Salem, NC Metro Area",659330,,498242,4259,118151,2228,2859,630,10800,669,827,654,17979,4623,10472,1834,982,518,9490,1862
310M200US49340,49340,"Worcester, MA-CT Metro Area",935536,,798725,4904,42180,2661,2557,1213,40271,1670,211,225,26698,4294,24894,3351,3740,1823,21154,2914
310M200US49420,49420,"Yakima, WA Metro Area",248830,,201706,4714,2383,439,9457,1220,2313,529,0,195,26184,4553,6787,1530,1297,598,5490,1425
310M200US49620,49620,"York-Hanover, PA Metro Area",442867,,394840,2521,26555,1832,701,426,6407,888,0,168,4251,2250,10113,1893,1194,612,8919,1672
310M200US49660,49660,"Youngstown-Warren-Boardman, OH-PA Metro Area",549885,,471017,1331,60040,2378,1144,416,3965,719,371,513,1083,563,12265,2330,1031,505,11234,2321
310M200US49700,49700,"Yuba City, CA Metro Area",170955,,120005,3199,3428,1075,1443,687,21119,1283,526,268,11207,3145,13227,2651,1302,617,11925,2439
310M200US49740,49740,"Yuma, AZ Metro Area",204275,,153529,6050,4512,907,3259,1059,2723,987,198,311,35694,5884,4360,1181,980,548,3380,1126
