GEO.id,GEO.id2,GEO.display-label,HD01_VD01,HD02_VD01,HD01_VD02,HD02_VD02,HD01_VD03,HD02_VD03,HD01_VD04,HD02_VD04,HD01_VD05,HD02_VD05,HD01_VD06,HD02_VD06,HD01_VD07,HD02_VD07,HD01_VD08,HD02_VD08,HD01_VD09,HD02_VD09,HD01_VD10,HD02_VD10
Id,Id2,Geography,Estimate; Total:,Margin of Error; Total:,Estimate; Total: - White alone,Margin of Error; Total: - White alone,Estimate; Total: - Black or African American alone,Margin of Error; Total: - Black or African American alone,Estimate; Total: - American Indian and Alaska Native alone,Margin of Error; Total: - American Indian and Alaska Native alone,Estimate; Total: - Asian alone,Margin of Error; Total: - Asian alone,Estimate; Total: - Native Hawaiian and Other Pacific Islander alone,Margin of Error; Total: - Native Hawaiian and Other Pacific Islander alone,Estimate; Total: - Some other race alone,Margin of Error; Total: - Some other race alone,Estimate; Total: - Two or more races:,Margin of Error; Total: - Two or more races:,Estimate; Total: - Two or more races: - Two races including Some other race,Margin of Error; Total: - Two or more races: - Two races including Some other race,"Estimate; Total: - Two or more races: - Two races excluding Some other race, and three or more races","Margin of Error; Total: - Two or more races: - Two races excluding Some other race, and three or more races"
310M200US10180,10180,"Abilene, TX Metro Area",166900,2419,130605,3260,12292,923,1568,479,2549,515,107,189,14599,2577,5180,1343,1676,670,3504,1171
310M200US10380,10380,"Aguadilla-Isabela, PR Metro Area",322079,2236,234788,7264,11420,2916,704,619,1742,1156,0,220,43972,5102,29453,4879,2118,1379,27335,4879
310M200US10420,10420,"Akron, OH Metro Area",703825,,578360,1501,85431,2441,1781,936,18037,1221,62,105,3787,1342,16367,2899,819,827,15548,2729
310M200US10500,10500,"Albany, GA Metro Area",152596,1637,67666,1211,79663,1885,69,96,1151,275,0,211,1321,755,2726,1339,236,322,2490,1336
310M200US10540,10540,"Albany, OR Metro Area",119356,,110045,1903,321,291,2518,517,1257,431,0,197,2388,2063,2827,890,207,279,2620,801
310M200US10580,10580,"Albany-Schenectady-Troy, NY Metro Area",880167,,737657,2837,67015,3723,520,332,35377,1548,90,103,11760,2974,27748,3714,3765,1859,23983,3553
310M200US10740,10740,"Albuquerque, NM Metro Area",905213,2468,655119,11539,21391,1671,53701,2704,19342,1683,182,170,116907,10396,38571,4917,19157,4440,19414,2264
310M200US10780,10780,"Alexandria, LA Metro Area",154872,,102166,726,45654,1136,681,532,2092,407,46,83,337,392,3896,1229,1563,1002,2333,837
310M200US10900,10900,"Allentown-Bethlehem-Easton, PA-NJ Metro Area",829835,,693163,5191,45451,2917,2474,869,21872,1618,135,138,42779,5567,23961,3689,4223,1249,19738,3360
310M200US11020,11020,"Altoona, PA Metro Area",125955,,120874,157,1733,748,0,168,897,990,0,168,156,129,2295,1021,0,168,2295,1021
310M200US11100,11100,"Amarillo, TX Metro Area",261752,2264,223526,2694,14927,1494,1207,445,7793,534,594,756,5319,1624,8386,1901,1975,850,6411,1607
310M200US11180,11180,"Ames, IA Metro Area",94073,,82686,585,1764,492,133,190,5547,1099,104,179,108,183,3731,1171,515,578,3216,1189
310M200US11260,11260,"Anchorage, AK Metro Area",398892,,276592,2686,17755,2051,25976,2513,29579,1702,6810,645,5698,2028,36482,4159,1816,1120,34666,4101
310M200US11460,11460,"Ann Arbor, MI Metro Area",356874,,265066,1110,41152,2260,571,278,31462,862,380,346,2755,917,15488,2305,716,536,14772,2344
310M200US11540,11540,"Appleton, WI Metro Area",231497,,210544,1507,2784,927,3151,692,6396,789,0,145,4343,1523,4279,1163,48,84,4231,1160
310M200US11640,11640,"Arecibo, PR Metro Area",191864,,162592,3756,3788,1199,317,276,973,698,0,220,22283,3856,1911,1075,1009,671,902,652
310M200US11700,11700,"Asheville, NC Metro Area",442316,,398682,2778,22862,2809,1173,638,4721,641,1050,1385,4973,2029,8855,2439,2045,1139,6810,2156
310M200US12020,12020,"Athens-Clarke County, GA Metro Area",197268,1997,142872,3023,38467,1421,242,269,7530,623,0,211,4725,2377,3432,1309,427,445,3005,1132
310M200US12060,12060,"Atlanta-Sandy Springs-Roswell, GA Metro Area",5611829,3945,3101785,14249,1881020,9607,13595,3109,305919,4302,4199,2393,187400,14516,117911,8875,17093,3467,100818,8069
310M200US12100,12100,"Atlantic City-Hammonton, NJ Metro Area",275209,,186325,3685,43439,2301,404,268,22964,524,0,195,10983,3424,11094,2798,3877,1596,7217,2247
310M200US12220,12220,"Auburn-Opelika, AL Metro Area",154255,,109240,1050,35876,1232,134,147,5159,420,0,189,1127,1019,2719,1292,65,107,2654,1291
310M200US12260,12260,"Augusta-Richmond County, GA-SC Metro Area",583010,1296,340792,3576,211583,3452,1305,622,10744,1025,0,187,7780,2494,10806,2173,800,564,10006,2005
310M200US12420,12420,"Austin-Round Rock, TX Metro Area",1943299,,1550290,10574,145071,3443,6720,1650,102958,2660,899,661,83730,9466,53631,4603,10534,2670,43097,3757
310M200US12540,12540,"Bakersfield, CA Metro Area",874589,,664002,9492,46940,3009,10342,3361,40765,2224,925,409,77317,8496,34298,4948,8757,2673,25541,4010
310M200US12580,12580,"Baltimore-Columbia-Towson, MD Metro Area",2785874,,1707689,6270,815130,4593,5372,1151,147743,2878,639,243,38478,5882,70823,4833,5995,1729,64828,4598
310M200US12620,12620,"Bangor, ME Metro Area",153414,,145290,527,1604,229,1554,528,2090,65,13,20,410,484,2453,595,92,101,2361,616
310M200US12700,12700,"Barnstable Town, MA Metro Area",214914,,199233,899,6312,1010,965,652,3396,467,0,198,1133,643,3875,1443,671,410,3204,1431
310M200US12940,12940,"Baton Rouge, LA Metro Area",825478,,495969,1773,296963,2491,1829,642,16409,1046,157,161,4434,1679,9717,2451,216,209,9501,2458
310M200US12980,12980,"Battle Creek, MI Metro Area",134878,,111921,761,14443,800,1514,527,3010,165,0,165,412,444,3578,892,289,235,3289,826
310M200US13020,13020,"Bay City, MI Metro Area",106179,,100324,608,1742,824,171,231,578,349,0,165,547,477,2817,1067,0,165,2817,1067
310M200US13140,13140,"Beaumont-Port Arthur, TX Metro Area",403958,2235,280449,2578,99615,2530,639,560,10218,782,0,211,5837,1790,7200,1683,1871,1094,5329,1251
310M200US13220,13220,"Beckley, WV Metro Area",123373,,111256,527,9318,883,229,236,415,330,0,187,550,515,1605,800,104,138,1501,780
310M200US13380,13380,"Bellingham, WA Metro Area",208351,,177416,2048,1861,612,5820,805,8150,940,611,107,5008,1796,9485,1735,1552,820,7933,1456
310M200US13460,13460,"Bend-Redmond, OR Metro Area",170388,,159453,2356,656,316,913,769,2158,824,0,197,2874,2278,4334,1482,20,34,4314,1482
310M200US13740,13740,"Billings, MT Metro Area",167521,1049,153955,1371,1062,318,7760,711,1036,376,88,122,585,324,3035,844,331,421,2704,705
310M200US13780,13780,"Binghamton, NY Metro Area",247219,,219150,1209,10696,1533,631,341,8795,614,170,237,1507,586,6270,1380,522,404,5748,1268
310M200US13820,13820,"Birmingham-Hoover, AL Metro Area",1143772,,753623,3243,325556,3357,2762,754,15572,1145,284,347,27210,4088,18765,2746,930,574,17835,2676
310M200US13900,13900,"Bismarck, ND Metro Area",126526,1057,112864,749,566,425,8809,1333,272,275,0,147,869,630,3146,994,102,112,3044,990
310M200US13980,13980,"Blacksburg-Christiansburg-Radford, VA Metro Area",181249,3321,162745,3227,8446,1104,990,915,5496,1107,0,195,964,703,2608,1038,112,146,2496,1027
310M200US14010,14010,"Bloomington, IL Metro Area",188917,1331,158958,1952,15239,1039,143,153,8397,739,0,182,2659,1363,3521,868,364,418,3157,878
310M200US14020,14020,"Bloomington, IN Metro Area",164308,,144848,762,4765,730,508,310,9171,717,0,187,845,557,4171,1124,572,645,3599,929
310M200US14100,14100,"Bloomsburg-Berwick, PA Metro Area",85763,,80662,703,1601,409,68,83,1748,406,140,227,716,799,828,475,255,291,573,374
310M200US14260,14260,"Boise City, ID Metro Area",666144,2914,606993,5609,6737,1194,6126,1737,14796,2779,321,256,13518,3840,17653,3464,3009,1214,14644,3286
310M200US14460,14460,"Boston-Cambridge-Newton, MA-NH Metro Area",4732161,,3657362,10647,363422,6787,9153,2332,348363,3937,903,480,196640,10211,156318,9279,20886,3568,135432,8736
310M200US14500,14500,"Boulder, CO Metro Area",313333,,276324,2598,3253,608,2480,1385,14136,1236,236,274,8030,2207,8874,2152,1799,1328,7075,1539
310M200US14540,14540,"Bowling Green, KY Metro Area",165928,2483,141742,2935,11480,1799,219,275,3972,331,900,1102,4128,1610,3487,1408,663,621,2824,1252
310M200US14740,14740,"Bremerton-Silverdale, WA Metro Area",254183,,208830,1853,5786,1280,3209,1024,12789,1319,2084,544,4172,1846,17313,2206,1342,797,15971,2065
310M200US14860,14860,"Bridgeport-Stamford-Norwalk, CT Metro Area",945438,,693016,5749,103807,3339,2090,603,48920,1978,203,237,74202,6324,23200,3635,7813,2239,15387,2766
310M200US15180,15180,"Brownsville-Harlingen, TX Metro Area",420392,,397731,3714,2343,572,1262,725,3074,256,0,211,11787,2883,4195,1419,1411,717,2784,1270
310M200US15260,15260,"Brunswick, GA Metro Area",112663,3630,79875,2972,23971,2026,1018,902,1242,206,18,37,3991,1200,2548,1222,302,334,2246,1143
310M200US15380,15380,"Buffalo-Cheektowaga-Niagara Falls, NY Metro Area",1136360,,907468,2885,139653,2844,7134,871,32761,1570,590,359,23118,2841,25636,3933,4152,1229,21484,3517
310M200US15500,15500,"Burlington, NC Metro Area",155792,,113367,2301,27856,1440,228,141,2325,480,41,52,6457,2409,5518,1682,125,146,5393,1672
310M200US15540,15540,"Burlington-South Burlington, VT Metro Area",215824,740,199977,955,3414,670,534,381,5650,856,94,153,1377,964,4778,1428,102,113,4676,1432
310M200US15680,15680,"California-Lexington Park, MD Metro Area",110382,,87505,423,15751,1055,249,237,3044,490,0,193,419,309,3414,1166,134,175,3280,1109
310M200US15940,15940,"Canton-Massillon, OH Metro Area",403923,,360532,776,25695,1831,374,420,2804,557,194,299,842,657,13482,2056,202,178,13280,2048
310M200US15980,15980,"Cape Coral-Fort Myers, FL Metro Area",679513,,577950,5924,60547,2233,1414,832,10591,995,732,1101,16805,4771,11474,3799,1935,1550,9539,3401
310M200US16020,16020,"Cape Girardeau, MO-IL Metro Area",97612,2319,85545,2261,8572,761,285,213,1017,295,101,179,238,249,1854,635,237,257,1617,593
310M200US16060,16060,"Carbondale-Marion, IL Metro Area",126685,,107790,742,12021,1406,180,238,2871,554,0,182,85,119,3738,1519,219,333,3519,1468
310M200US16180,16180,"Carson City, NV Metro Area",54522,,41781,1531,240,166,1578,849,2554,415,0,203,7017,1853,1352,604,327,386,1025,455
310M200US16220,16220,"Casper, WY Metro Area",81624,,75488,1203,1563,602,710,475,820,189,16,34,1185,1110,1842,1076,440,365,1402,992
310M200US16300,16300,"Cedar Rapids, IA Metro Area",263885,,239715,1240,11406,1218,180,220,5382,479,0,155,2391,1400,4811,1181,294,226,4517,1108
310M200US16540,16540,"Chambersburg-Waynesboro, PA Metro Area",152892,,142493,639,7388,865,613,288,723,606,0,168,552,537,1123,639,58,104,1065,652
310M200US16580,16580,"Champaign-Urbana, IL Metro Area",238680,1331,183740,1820,26661,1194,271,203,19745,1314,0,182,879,630,7384,1953,615,722,6769,1753
310M200US16620,16620,"Charleston, WV Metro Area",223371,1526,200036,1714,15097,1457,446,368,1940,595,0,187,496,499,5356,1517,60,86,5296,1533
310M200US16700,16700,"Charleston-North Charleston, SC Metro Area",727689,,492429,2855,191588,2994,1763,622,14045,1132,232,210,9531,2845,18101,2888,502,626,17599,2761
310M200US16740,16740,"Charlotte-Concord-Gastonia, NC-SC Metro Area",2380314,,1621601,7307,525194,4502,8085,1373,75535,1997,832,695,89906,7113,59161,5340,5582,1598,53579,5036
310M200US16820,16820,"Charlottesville, VA Metro Area",227738,2785,177998,4218,31051,2974,1040,953,9018,749,31,53,3423,1207,5177,1245,270,277,4907,1229
310M200US16860,16860,"Chattanooga, TN-GA Metro Area",543153,2970,439672,3868,75526,2500,1639,932,8418,1327,408,443,1813,992,15677,2416,1248,934,14429,2409
310M200US16940,16940,"Cheyenne, WY Metro Area",96389,,81825,1852,3174,778,641,501,976,403,24,46,6440,1756,3309,1011,675,515,2634,919
310M200US16980,16980,"Chicago-Naperville-Elgin, IL-IN-WI Metro Area",9553810,1375,6332643,22968,1608877,8383,22934,3176,603681,4882,3132,1109,761554,22905,220989,10169,59078,5217,161911,8611
310M200US17020,17020,"Chico, CA Metro Area",224241,,183737,3126,3568,631,4523,2896,9265,1240,305,216,8709,2103,14134,2250,1040,674,13094,2068
310M200US17140,17140,"Cincinnati, OH-KY-IN Metro Area",2149971,3833,1767917,6542,264269,3926,2957,1136,46993,1979,739,648,22834,5409,44262,4517,2787,1503,41475,4260
310M200US17300,17300,"Clarksville, TN-KY Metro Area",279593,1848,201156,2461,53992,2422,1076,444,5195,1092,229,335,4481,1703,13464,2685,855,537,12609,2693
310M200US17420,17420,"Cleveland, TN Metro Area",118959,2123,109072,2365,5392,741,143,105,998,331,0,198,927,635,2427,1127,775,622,1652,815
310M200US17460,17460,"Cleveland-Elyria, OH Metro Area",2063598,,1525179,4019,412126,3976,6435,1652,44851,1819,137,132,22785,3207,52085,4034,6744,1652,45341,3887
310M200US17660,17660,"Coeur d'Alene, ID Metro Area",147326,,139228,948,1004,750,1826,748,1195,412,375,506,329,533,3369,889,0,190,3369,889
310M200US17780,17780,"College Station-Bryan, TX Metro Area",239953,3319,177382,4411,27837,2011,327,297,11982,769,47,62,15540,3848,6838,1777,1094,611,5744,1669
310M200US17820,17820,"Colorado Springs, CO Metro Area",686908,,546862,5377,38303,2828,3586,1022,19573,1897,1504,729,35372,5496,41708,3871,6341,1726,35367,3332
310M200US17860,17860,"Columbia, MO Metro Area",172717,,140791,1177,15427,1942,906,1108,6757,932,4,10,1233,829,7599,2150,414,392,7185,2110
310M200US17900,17900,"Columbia, SC Metro Area",800752,2164,483994,3730,263916,4035,1272,519,15624,1065,858,898,12837,3116,22251,3230,923,582,21328,3271
310M200US17980,17980,"Columbus, GA-AL Metro Area",312731,2293,161428,2845,125229,2422,1187,409,5447,1036,657,669,8455,2101,10328,2096,1365,983,8963,1900
310M200US18020,18020,"Columbus, IN Metro Area",80217,,68914,947,1802,435,50,106,4226,554,0,187,3955,985,1270,753,130,154,1140,740
310M200US18140,18140,"Columbus, OH Metro Area",1994536,,1544720,4050,290929,4996,2585,788,71528,2499,863,756,20311,3720,63600,5527,4728,2070,58872,5426
310M200US18580,18580,"Corpus Christi, TX Metro Area",443480,2417,395101,4006,16011,865,1490,769,8667,1040,131,209,12812,2636,9268,2575,2343,1191,6925,1938
310M200US18700,18700,"Corvallis, OR Metro Area",86316,,75639,653,604,371,201,152,5682,557,293,269,743,541,3154,667,263,259,2891,638
310M200US18880,18880,"Crestview-Fort Walton Beach-Destin, FL Metro Area",258042,,206133,2460,21821,1915,2489,508,5952,1033,1058,870,10055,2786,10534,2393,1209,836,9325,2242
310M200US19060,19060,"Cumberland, MD-WV Metro Area",100530,,90961,601,6386,845,141,120,562,254,0,187,278,189,2202,779,70,131,2132,758
310M200US19100,19100,"Dallas-Fort Worth-Arlington, TX Metro Area",6954003,2223,4890399,20661,1056876,7634,30480,4313,413319,5522,6868,830,351891,19878,204170,11085,34272,4351,169898,9857
310M200US19140,19140,"Dalton, GA Metro Area",142952,,129321,2949,5215,482,0,211,1660,211,0,211,5397,2710,1359,902,452,741,907,440
310M200US19180,19180,"Danville, IL Metro Area",79728,,65964,821,11950,723,484,668,164,134,0,182,891,820,275,253,0,182,275,253
310M200US19300,19300,"Daphne-Fairhope-Foley, AL Metro Area",200111,,173137,1565,19588,603,1621,1100,639,898,0,189,1305,1316,3821,1147,1918,1342,1903,910
310M200US19340,19340,"Davenport-Moline-Rock Island, IA-IL Metro Area",382382,1034,328735,2193,27059,1633,1044,372,6915,797,238,348,6177,1546,12214,2122,2044,1093,10170,1902
310M200US19380,19380,"Dayton, OH Metro Area",800836,,630745,1651,125965,2622,2068,717,16444,1414,303,363,4157,1465,21154,2992,978,614,20176,2916
310M200US19460,19460,"Decatur, AL Metro Area",153084,,125135,1223,20521,628,3633,914,415,456,0,189,1102,1169,2278,1108,266,294,2012,1075
310M200US19500,19500,"Decatur, IL Metro Area",108350,,85205,473,14785,1623,434,480,1488,173,0,182,98,82,6340,1574,277,314,6063,1601
310M200US19660,19660,"Deltona-Daytona Beach-Ormond Beach, FL Metro Area",609939,,511427,3013,64523,2501,2483,1087,11548,971,225,215,9066,3197,10667,2779,1524,825,9143,2763
310M200US19740,19740,"Denver-Aurora-Lakewood, CO Metro Area",2754258,,2266137,9933,153931,4005,26447,4534,108407,3213,2092,545,103976,9591,93268,7000,18345,2570,74923,6041
310M200US19780,19780,"Des Moines-West Des Moines, IA Metro Area",611549,,540823,1356,30301,1976,840,514,22273,1341,635,685,2703,907,13974,2277,1085,693,12889,2056
310M200US19820,19820,"Detroit-Warren-Dearborn, MI Metro Area",4296611,,3005080,5623,961183,5354,13840,1629,169240,2920,497,344,50618,5581,96153,6389,7274,1678,88879,6203
310M200US20020,20020,"Dothan, AL Metro Area",148095,,108061,490,34345,1792,453,206,2216,1938,0,189,701,360,2319,616,125,74,2194,602
310M200US20100,20100,"Dover, DE Metro Area",171987,,116236,1405,40749,2015,925,453,4298,413,0,185,1871,810,7908,1999,297,271,7611,1972
310M200US20220,20220,"Dubuque, IA Metro Area",96370,,90383,220,2531,1011,109,134,1351,224,756,1004,159,106,1081,562,52,94,1029,544
310M200US20260,20260,"Duluth, MN-WI Metro Area",280218,,257831,541,4138,744,6866,1050,2615,396,146,168,756,385,7866,1387,183,170,7683,1363
310M200US20500,20500,"Durham-Chapel Hill, NC Metro Area",542710,,331242,4360,148492,1857,1366,586,23852,1547,226,280,22358,4007,15174,2126,3777,1522,11397,1994
310M200US20700,20700,"East Stroudsburg, PA Metro Area",166314,,131762,2274,22823,1126,609,254,3460,857,0,168,3923,1784,3737,1448,707,565,3030,1177
310M200US20740,20740,"Eau Claire, WI Metro Area",165024,,154215,324,1793,610,732,338,5273,743,257,359,143,162,2611,720,76,120,2535,693
310M200US20940,20940,"El Centro, CA Metro Area",179091,,120726,6649,3993,1181,3238,1701,2744,365,244,282,39264,5980,8882,2827,4540,1875,4342,2028
310M200US21060,21060,"Elizabethtown-Fort Knox, KY Metro Area",151491,1678,125632,2065,14175,1282,345,347,2666,508,223,370,2774,1464,5676,1331,311,311,5365,1358
310M200US21140,21140,"Elkhart-Goshen, IN Metro Area",201971,,173189,3116,10223,1434,159,121,2280,417,130,145,8117,2851,7873,2348,1623,1109,6250,1989
310M200US21300,21300,"Elmira, NY Metro Area",87770,,77192,693,4731,1065,91,104,1848,633,0,189,37,69,3871,1329,668,800,3203,1100
310M200US21340,21340,"El Paso, TX Metro Area",836444,1691,698934,8745,32166,2385,5153,1071,9259,996,726,450,73231,7943,16975,3384,4267,1317,12708,3059
310M200US21500,21500,"Erie, PA Metro Area",278443,,242549,1275,19063,1929,700,269,4315,371,186,193,2942,1083,8688,1837,1183,537,7505,1774
310M200US21660,21660,"Eugene, OR Metro Area",358337,,317454,2344,3458,778,3324,1219,8581,1253,514,206,6489,1943,18517,2212,680,444,17837,2161
310M200US21780,21780,"Evansville, IN-KY Metro Area",315162,,278923,1457,21997,1225,460,363,4139,533,193,292,3107,1516,6343,1453,726,577,5617,1295
310M200US21820,21820,"Fairbanks, AK Metro Area",99357,,75321,1143,4564,1183,5386,1650,2497,918,588,875,1338,1027,9663,2332,200,286,9463,2250
310M200US22020,22020,"Fargo, ND-MN Metro Area",228291,,205812,1037,8017,513,2771,631,5215,645,7,14,1458,1203,5011,1663,354,339,4657,1634
310M200US22140,22140,"Farmington, NM Metro Area",123785,,65989,2306,115,138,47876,648,808,172,13,24,7042,2187,1942,789,513,448,1429,559
310M200US22180,22180,"Fayetteville, NC Metro Area",377939,,195193,2272,135566,2360,9490,1000,9336,869,1004,416,7019,2097,20331,3027,1419,788,18912,2959
310M200US22220,22220,"Fayetteville-Springdale-Rogers, AR-MO Metro Area",503046,3403,428386,5722,11204,1540,6791,1090,14151,1032,5748,1782,21577,4761,15189,3157,1507,935,13682,2937
310M200US22380,22380,"Flagstaff, AZ Metro Area",137682,,88024,1907,2159,482,36043,979,3038,355,106,173,4399,1726,3913,1487,971,736,2942,1248
310M200US22420,22420,"Flint, MI Metro Area",412895,,309897,1075,82783,2300,2140,759,4512,796,103,158,1802,796,11658,2852,585,273,11073,2877
310M200US22500,22500,"Florence, SC Metro Area",207030,,114137,835,85838,1199,1040,797,2555,286,0,200,876,720,2584,1028,235,284,2349,967
310M200US22520,22520,"Florence-Muscle Shoals, AL Metro Area",147639,,124310,657,16554,1166,622,276,942,394,70,126,855,704,4286,1175,175,197,4111,1145
310M200US22540,22540,"Fond du Lac, WI Metro Area",101759,,95368,1422,1428,418,479,181,1301,181,4,9,2010,1414,1169,495,45,55,1124,490
310M200US22660,22660,"Fort Collins, CO Metro Area",324122,,295280,2424,3133,555,2664,1005,6030,1099,1418,1145,6971,2673,8626,1633,729,449,7897,1461
310M200US22900,22900,"Fort Smith, AR-OK Metro Area",279592,,224277,1457,12445,614,16956,1419,6214,754,0,187,4175,1141,15525,1744,999,745,14526,1634
310M200US23060,23060,"Fort Wayne, IN Metro Area",427183,,347263,2197,41231,2644,1098,506,13921,740,23,38,8324,2086,15323,2562,1153,775,14170,2528
310M200US23420,23420,"Fresno, CA Metro Area",965974,,584595,11959,49881,2609,8453,2054,96158,2496,2461,953,188131,12131,36295,4915,8009,1910,28286,4349
310M200US23460,23460,"Gadsden, AL Metro Area",103531,,83905,892,16122,475,338,297,686,389,55,88,757,809,1668,637,0,189,1668,637
310M200US23540,23540,"Gainesville, FL Metro Area",272994,1958,193585,2156,51534,2034,733,235,14481,871,404,310,2385,783,9872,2234,1103,552,8769,2079
310M200US23580,23580,"Gainesville, GA Metro Area",190761,,156154,3637,15053,1230,470,467,3290,609,40,68,11576,3728,4178,1399,758,523,3420,1196
310M200US23900,23900,"Gettysburg, PA Metro Area",101714,,93140,702,1701,631,62,96,535,339,0,168,4065,829,2211,905,364,226,1847,912
310M200US24020,24020,"Glens Falls, NY Metro Area",127345,,120651,371,2688,733,574,460,936,786,0,189,526,297,1970,754,228,213,1742,698
310M200US24140,24140,"Goldsboro, NC Metro Area",124456,,70999,1671,40185,1507,26,44,1732,349,0,198,8756,2336,2758,1264,718,738,2040,974
310M200US24220,24220,"Grand Forks, ND-MN Metro Area",101842,,91619,409,2704,689,2352,518,1697,253,0,187,1048,400,2422,848,10,24,2412,846
310M200US24260,24260,"Grand Island, NE Metro Area",84467,688,79864,983,1695,407,472,292,851,153,0,153,1048,566,537,367,116,132,421,345
310M200US24300,24300,"Grand Junction, CO Metro Area",148255,,139247,1532,971,478,1621,669,1234,389,198,174,1648,872,3336,1299,935,943,2401,804
310M200US24340,24340,"Grand Rapids-Wyoming, MI Metro Area",1027703,,867817,6088,66840,2626,4701,1489,24638,1768,346,333,33451,6398,29910,3180,4305,1431,25605,2650
310M200US24420,24420,"Grants Pass, OR Metro Area",83599,,75446,1652,764,664,939,909,404,457,11,26,2885,2041,3150,743,0,197,3150,743
310M200US24500,24500,"Great Falls, MT Metro Area",82344,,73653,341,1165,400,4498,591,920,394,68,92,112,144,1928,803,17,30,1911,804
310M200US24540,24540,"Greeley, CO Metro Area",277670,,247795,3448,2834,632,2035,1160,3131,656,86,109,12345,2922,9444,1660,1712,893,7732,1513
310M200US24580,24580,"Green Bay, WI Metro Area",314531,,274871,2587,5682,970,6683,1146,8619,480,0,145,11566,2629,7110,1732,477,394,6633,1606
310M200US24660,24660,"Greensboro-High Point, NC Metro Area",746593,,485399,3838,197489,2123,2996,1023,24186,1577,647,559,21830,3960,14046,2336,1980,1084,12066,2270
310M200US24780,24780,"Greenville, NC Metro Area",175354,,100831,2848,59803,1282,663,529,2848,436,25,53,7520,2833,3664,1230,259,311,3405,1223
310M200US24860,24860,"Greenville-Anderson-Mauldin, SC Metro Area",862463,,675400,2892,143776,3352,1491,552,12654,1307,373,295,10076,2777,18693,3392,1674,816,17019,3374
310M200US25060,25060,"Gulfport-Biloxi-Pascagoula, MS Metro Area",386144,,277661,2218,83160,2615,978,652,7579,1091,10,22,6008,2119,10748,2453,284,310,10464,2398
310M200US25180,25180,"Hagerstown-Martinsburg, MD-WV Metro Area",260070,,222496,1476,22384,2286,1043,813,2892,887,29,41,758,600,10468,2440,728,467,9740,2350
310M200US25220,25220,"Hammond, LA Metro Area",127049,,85670,420,36943,1205,196,228,894,333,47,99,273,375,3026,1209,306,490,2720,1093
310M200US25260,25260,"Hanford-Corcoran, CA Metro Area",150269,,93965,4692,9578,1076,2676,714,5293,540,382,308,31201,4088,7174,2089,1302,1102,5872,1847
310M200US25420,25420,"Harrisburg-Carlisle, PA Metro Area",560849,,460753,2004,56965,2147,389,266,18410,1408,138,206,9581,2052,14613,2507,1074,555,13539,2507
310M200US25500,25500,"Harrisonburg, VA Metro Area",130649,,117430,1717,6446,927,140,159,2221,624,0,195,2652,1428,1760,760,0,195,1760,760
310M200US25540,25540,"Hartford-West Hartford-East Hartford, CT Metro Area",1214295,,932484,7112,133940,3695,2765,1101,54980,1528,612,520,54925,6659,34589,4053,8073,2401,26516,3723
310M200US25620,25620,"Hattiesburg, MS Metro Area",149312,1876,100995,1915,43694,1750,93,127,671,444,0,206,1126,606,2733,1513,206,180,2527,1506
310M200US25860,25860,"Hickory-Lenoir-Morganton, NC Metro Area",362896,,305145,2546,25638,1733,992,500,9915,727,251,299,16410,2370,4545,1428,388,350,4157,1279
310M200US25940,25940,"Hilton Head Island-Bluffton-Beaufort, SC Metro Area",203022,,146842,2571,43986,2232,103,138,2871,701,166,196,4112,1856,4942,1884,1099,1217,3843,1530
310M200US25980,25980,"Hinesville, GA Metro Area",82768,2606,41783,2775,31347,2074,493,452,1423,264,544,545,3516,2002,3662,1316,793,762,2869,1158
310M200US26140,26140,"Homosassa Springs, FL Metro Area",139377,,128966,997,4550,916,469,286,1828,580,0,214,1230,886,2334,902,72,121,2262,878
310M200US26300,26300,"Hot Springs, AR Metro Area",97322,,83623,1507,8226,908,269,328,788,790,45,97,2182,1510,2189,744,30,41,2159,738
310M200US26380,26380,"Houma-Thibodaux, LA Metro Area",211348,,158873,1529,35569,1322,8874,984,2079,349,0,201,2477,1321,3476,1863,356,627,3120,1673
310M200US26420,26420,"Houston-The Woodlands-Sugar Land, TX Metro Area",6490180,,4273396,24001,1118821,7920,24873,4435,473582,5975,3958,1110,454728,23821,140822,10031,30124,4458,110698,8862
310M200US26580,26580,"Huntington-Ashland, WV-KY-OH Metro Area",363325,,344753,514,10073,1633,407,344,2083,543,90,152,525,472,5394,1419,100,101,5294,1420
310M200US26620,26620,"Huntsville, AL Metro Area",441086,,314506,1812,95290,2932,1942,869,9003,827,341,298,4975,1729,15029,2956,446,460,14583,2841
310M200US26820,26820,"Idaho Falls, ID Metro Area",138403,668,123854,2107,627,339,492,355,1062,528,117,213,9255,2079,2996,812,366,313,2630,702
310M200US26900,26900,"Indianapolis-Carmel-Anderson, IN Metro Area",1972241,2058,1537820,7610,290613,4364,2871,1409,55406,2474,1300,1047,40652,7583,43579,3966,3605,1149,39974,3623
310M200US26980,26980,"Iowa City, IA Metro Area",164357,,140408,1423,8259,1213,376,256,8604,708,0,155,2706,1485,4004,1380,341,312,3663,1408
310M200US27060,27060,"Ithaca, NY Metro Area",104691,,84438,885,5104,903,118,164,10825,1199,0,189,496,352,3710,1311,256,250,3454,1278
310M200US27100,27100,"Jackson, MI Metro Area",159741,,140018,580,13117,815,800,305,1395,291,0,165,927,645,3484,821,256,194,3228,807
310M200US27140,27140,"Jackson, MS Metro Area",576246,2228,276746,2764,283216,3288,1150,681,6310,571,0,206,3664,1011,5160,1850,708,455,4452,1807
310M200US27180,27180,"Jackson, TN Metro Area",130225,,84922,909,40231,884,320,277,1071,292,0,198,1652,751,2029,976,0,198,2029,976
310M200US27260,27260,"Jacksonville, FL Metro Area",1419127,,999839,4484,308789,3863,2864,1023,52303,3180,707,485,14665,3277,39960,5638,4536,2323,35424,5034
310M200US27340,27340,"Jacksonville, NC Metro Area",187589,,136008,2739,32457,2544,915,500,1186,593,96,147,7669,2469,9258,2759,1581,1018,7677,2498
310M200US27500,27500,"Janesville-Beloit, WI Metro Area",161188,,145534,1184,7157,610,134,130,1650,522,0,145,935,704,5778,1236,109,87,5669,1230
310M200US27620,27620,"Jefferson City, MO Metro Area",150131,2342,129197,2958,11271,1472,919,479,1194,724,0,181,4001,1816,3549,1376,499,429,3050,1278
310M200US27740,27740,"Johnson City, TN Metro Area",201750,1729,190103,1781,6672,831,219,228,1454,651,0,198,312,420,2990,959,57,100,2933,959
310M200US27780,27780,"Johnstown, PA Metro Area",137732,,129271,273,4735,656,183,124,660,241,0,168,324,197,2559,720,525,239,2034,691
310M200US27860,27860,"Jonesboro, AR Metro Area",126764,,105368,1038,15238,1831,870,906,1120,201,668,1126,454,355,3046,1512,113,220,2933,1470
310M200US27900,27900,"Joplin, MO Metro Area",176141,,160023,1277,4043,701,3195,718,2439,229,38,68,1678,1122,4725,1036,208,168,4517,1005
310M200US27980,27980,"Kahului-Wailuku-Lahaina, HI Metro Area",163108,,57350,1738,1689,211,225,159,45724,3847,18042,1870,1450,632,38628,5124,857,477,37771,5169
310M200US28020,28020,"Kalamazoo-Portage, MI Metro Area",334017,,276726,1656,29742,1444,1141,376,7016,831,347,406,4639,966,14406,2390,1488,926,12918,2198
310M200US28100,28100,"Kankakee, IL Metro Area",111375,,89049,1232,16554,829,66,86,1302,145,0,182,1992,1178,2412,926,26,44,2386,926
310M200US28140,28140,"Kansas City, MO-KS Metro Area",2070221,1662,1624706,6335,259151,4034,8197,1514,53835,1908,2713,1623,54770,5540,66849,4597,7729,2132,59120,4010
310M200US28420,28420,"Kennewick-Richland, WA Metro Area",274295,,215226,4738,5228,894,1860,746,6654,1153,237,192,35869,4879,9221,2008,2095,1159,7126,1795
310M200US28660,28660,"Killeen-Temple, TX Metro Area",425239,2113,278943,4426,82652,2883,4098,1649,11606,1124,2749,513,22186,4777,23005,3167,3284,1047,19721,2951
310M200US28700,28700,"Kingsport-Bristol-Bristol, TN-VA Metro Area",308590,1764,293323,1904,5817,1185,836,375,1583,687,83,127,2191,1116,4757,1288,36,70,4721,1287
310M200US28740,28740,"Kingston, NY Metro Area",180445,,155477,1504,10537,1222,225,159,3887,357,0,189,3125,1078,7194,1459,759,368,6435,1391
310M200US28940,28940,"Knoxville, TN Metro Area",857385,1489,770925,2202,50975,1785,3171,1068,12688,942,43,81,5476,1613,14107,2022,712,509,13395,1889
310M200US29020,29020,"Kokomo, IN Metro Area",82982,,72882,521,6222,1104,246,242,362,308,0,187,874,566,2396,933,0,187,2396,933
310M200US29100,29100,"La Crosse-Onalaska, WI-MN Metro Area",136749,,126397,507,1188,513,380,322,5158,644,164,284,643,457,2819,803,80,113,2739,815
310M200US29180,29180,"Lafayette, LA Metro Area",484974,,344584,1330,121888,1907,529,420,7368,695,47,84,3021,1377,7537,1984,237,222,7300,1958
310M200US29200,29200,"Lafayette-West Lafayette, IN Metro Area",211515,1447,182139,1754,8334,1115,170,138,13785,594,38,74,1965,1017,5084,1260,286,285,4798,1293
310M200US29340,29340,"Lake Charles, LA Metro Area",204059,1814,145682,1965,50004,2873,666,400,2848,222,0,201,499,460,4360,2002,278,318,4082,1980
310M200US29420,29420,"Lake Havasu City-Kingman, AZ Metro Area",203361,,183875,2827,2462,769,5709,480,2462,684,8,15,5315,2552,3530,1286,919,757,2611,998
310M200US29460,29460,"Lakeland-Winter Haven, FL Metro Area",634638,,496730,5639,96781,2781,1764,461,10013,1181,361,420,14985,4626,14004,2783,2834,1266,11170,2855
310M200US29540,29540,"Lancaster, PA Metro Area",533320,,468111,3462,23429,1724,1266,506,11453,823,0,168,19977,3694,9084,2325,2487,986,6597,2008
310M200US29620,29620,"Lansing-East Lansing, MI Metro Area",470458,,381834,2030,42297,2361,1599,590,19415,1260,8,16,6994,1825,18311,2539,1658,712,16653,2380
310M200US29700,29700,"Laredo, TX Metro Area",266673,,251857,2730,1187,487,550,396,1558,322,0,211,9972,2558,1549,644,601,356,948,554
310M200US29740,29740,"Las Cruces, NM Metro Area",213676,,189090,5016,4111,858,2355,815,2602,491,0,190,11940,4839,3578,1522,895,544,2683,1276
310M200US29820,29820,"Las Vegas-Henderson-Paradise, NV Metro Area",2069681,,1292785,11443,230013,3760,10667,1773,192892,4193,14445,1042,229245,11858,99634,7090,16391,2937,83243,6053
310M200US29940,29940,"Lawrence, KS Metro Area",116585,,97333,1067,5172,1207,2843,568,6127,377,0,168,666,648,4444,1432,511,550,3933,1262
310M200US30020,30020,"Lawton, OK Metro Area",131395,775,83916,1475,21601,1159,7861,1662,2625,775,911,345,2795,1389,11686,2236,1081,633,10605,2182
310M200US30140,30140,"Lebanon, PA Metro Area",136359,,119918,1663,3094,685,150,147,1245,272,0,168,9173,1901,2779,1172,862,873,1917,738
310M200US30300,30300,"Lewiston, ID-WA Metro Area",62196,,56397,834,266,253,2461,497,780,529,110,119,189,238,1993,697,387,426,1606,506
310M200US30340,30340,"Lewiston-Auburn, ME Metro Area",107440,,98930,348,1931,783,255,252,940,344,16,30,72,126,5296,969,128,156,5168,964
310M200US30460,30460,"Lexington-Fayette, KY Metro Area",494189,,401354,2774,53395,1892,2616,1666,12221,1199,364,459,11276,2592,12963,2431,941,844,12022,2234
310M200US30620,30620,"Lima, OH Metro Area",105040,,87361,637,12823,1231,282,299,580,481,0,185,561,404,3433,1479,611,603,2822,1248
310M200US30700,30700,"Lincoln, NE Metro Area",320227,1204,281773,2155,12440,1353,873,537,13414,716,47,81,3810,1563,7870,1546,819,562,7051,1531
310M200US30780,30780,"Little Rock-North Little Rock-Conway, AR Metro Area",727777,1972,527136,2831,167281,1874,1834,848,10117,1235,117,142,4519,1777,16773,2449,1108,616,15665,2370
310M200US30860,30860,"Logan, UT-ID Metro Area",130934,1349,118740,2354,223,297,781,262,3289,728,497,380,5297,1912,2107,842,366,313,1741,781
310M200US30980,30980,"Longview, TX Metro Area",217481,,168897,1632,39419,907,950,288,1927,178,0,211,2897,1060,3391,1227,895,874,2496,1150
310M200US31020,31020,"Longview, WA Metro Area",102133,,92533,1258,633,331,1317,662,1419,402,390,370,1512,1089,4329,910,54,72,4275,902
310M200US31080,31080,"Los Angeles-Long Beach-Anaheim, CA Metro Area",13262220,,7295860,38234,881761,7370,77674,7407,2049237,10063,37534,2294,2393840,39089,526314,16652,135540,8430,390774,15762
310M200US31140,31140,"Louisville/Jefferson County, KY-IN Metro Area",1265210,3983,1019054,5305,179190,3567,2226,799,22511,1398,740,583,9376,2696,32113,3858,2518,971,29595,3760
310M200US31180,31180,"Lubbock, TX Metro Area",305262,1413,236849,5161,22297,1894,2287,1383,5901,842,28,50,28379,4893,9521,2038,2501,1182,7020,1697
310M200US31340,31340,"Lynchburg, VA Metro Area",257570,1996,201851,2151,45292,1515,289,282,3802,401,80,109,1894,966,4362,1095,271,249,4091,1079
310M200US31420,31420,"Macon, GA Metro Area",233212,2668,124240,2273,101851,2138,0,211,3393,386,37,76,395,397,3296,1370,311,329,2985,1362
310M200US31460,31460,"Madera, CA Metro Area",154548,,123679,4643,5401,795,1384,797,3908,612,202,214,13358,3753,6616,2493,3901,2249,2715,676
310M200US31540,31540,"Madison, WI Metro Area",633787,,543424,3443,26551,2125,1439,538,29544,1100,16,27,14600,3809,18213,2549,2529,1014,15684,2351
310M200US31700,31700,"Manchester-Nashua, NH Metro Area",405184,,367155,1609,9344,1395,586,376,14656,1301,117,148,2677,800,10649,2162,1982,958,8667,1996
310M200US31740,31740,"Manhattan, KS Metro Area",98091,,83982,1030,4391,752,751,323,3495,697,676,514,890,688,3906,1221,355,367,3551,1179
310M200US31860,31860,"Mankato-North Mankato, MN Metro Area",98478,,91211,333,2626,787,271,98,1875,475,67,102,447,324,1981,831,83,130,1898,816
310M200US31900,31900,"Mansfield, OH Metro Area",121942,,106525,457,6854,1342,71,97,785,257,0,185,51,92,7656,1545,279,207,7377,1455
310M200US32420,32420,"Mayagüez, PR Metro Area",99223,2236,38223,4066,3496,1677,273,372,0,220,0,220,54548,4340,2683,1329,1041,762,1642,1154
310M200US32580,32580,"McAllen-Edinburg-Mission, TX Metro Area",831073,,769631,6362,4896,846,1722,1067,8153,1552,364,415,40191,5934,6116,2055,3809,1525,2307,1293
310M200US32780,32780,"Medford, OR Metro Area",210287,,193109,2226,741,627,1280,762,2852,489,213,264,2901,2071,9191,1248,226,203,8965,1212
310M200US32820,32820,"Memphis, TN-MS-AR Metro Area",1344121,3082,641745,5530,618473,4449,2080,965,25437,2019,1426,1051,29486,4433,25474,4432,2386,1441,23088,4369
310M200US32900,32900,"Merced, CA Metro Area",266353,,161624,7104,9044,521,914,453,19573,1516,310,222,64124,7171,10764,2254,4697,1773,6067,1572
310M200US33100,33100,"Miami-Fort Lauderdale-West Palm Beach, FL Metro Area",5929819,,4246138,14760,1268176,10005,10842,2315,148013,3087,2311,885,135884,9819,118455,9012,27058,4525,91397,7801
310M200US33140,33140,"Michigan City-La Porte, IN Metro Area",111444,,92100,1014,12798,524,161,137,487,199,17,29,3080,948,2801,831,666,648,2135,637
310M200US33220,33220,"Midland, MI Metro Area",83427,,78212,351,1173,347,495,196,1928,286,47,75,314,222,1258,528,204,213,1054,498
310M200US33260,33260,"Midland, TX Metro Area",163470,1533,135393,4182,10001,1407,831,418,2947,475,204,254,10712,3613,3382,1474,745,660,2637,1346
310M200US33340,33340,"Milwaukee-Waukesha-West Allis, WI Metro Area",1572245,,1167486,4811,262697,2972,8055,1306,53488,1916,282,238,46022,4343,34215,4050,5264,1656,28951,3572
310M200US33460,33460,"Minneapolis-St. Paul-Bloomington, MN-WI Metro Area",3495176,,2804667,7051,271670,5456,20290,2201,221429,3179,1474,906,67661,6531,107985,6208,8965,2150,99020,6147
310M200US33540,33540,"Missoula, MT Metro Area",112684,,104198,317,392,386,4416,1027,1054,704,45,80,51,64,2528,1032,61,101,2467,1005
310M200US33660,33660,"Mobile, AL Metro Area",415123,,245445,1847,146554,1931,2343,765,8596,608,47,77,5566,2034,6572,2134,291,283,6281,2187
310M200US33700,33700,"Modesto, CA Metro Area",531997,,405964,7769,12774,1467,4114,1078,29521,2487,3588,706,53423,7594,22613,3423,4837,1793,17776,3234
310M200US33740,33740,"Monroe, LA Metro Area",178864,,110396,1458,63834,1386,267,302,1534,394,76,129,820,689,1937,964,358,426,1579,848
310M200US33780,33780,"Monroe, MI Metro Area",149824,,141651,970,3172,578,617,409,1218,218,0,165,908,973,2258,754,19,34,2239,756
310M200US33860,33860,"Montgomery, AL Metro Area",374430,1231,192551,1533,167159,1947,895,376,6121,803,58,95,2990,1133,4656,1190,650,540,4006,1098
310M200US34060,34060,"Morgantown, WV Metro Area",137251,,125112,1204,4994,949,88,114,3163,816,0,187,1293,672,2601,1014,474,543,2127,1019
310M200US34100,34100,"Morristown, TN Metro Area",115713,,103938,1462,3531,1004,0,198,414,512,0,198,5263,1462,2567,897,0,198,2567,897
310M200US34580,34580,"Mount Vernon-Anacortes, WA Metro Area",120365,,99746,2737,689,321,1685,736,2800,464,1031,746,10855,2900,3559,878,828,575,2731,689
310M200US34620,34620,"Muncie, IN Metro Area",117074,,103940,583,8773,702,0,187,1863,187,16,34,761,670,1721,709,125,133,1596,699
310M200US34740,34740,"Muskegon, MI Metro Area",172344,,139342,867,22352,1475,1151,575,1189,477,36,60,678,432,7596,1590,54,79,7542,1576
310M200US34820,34820,"Myrtle Beach-Conway-North Myrtle Beach, SC-NC Metro Area",417668,,337472,2952,55773,1600,2213,1015,4201,605,159,207,11694,3209,6156,1603,469,415,5687,1589
310M200US34900,34900,"Napa, CA Metro Area",141667,,102370,3180,3310,362,681,523,11739,696,47,81,18181,3071,5339,1675,1738,1296,3601,865
310M200US34940,34940,"Naples-Immokalee-Marco Island, FL Metro Area",348777,,297427,5060,24870,651,2095,1695,4363,861,0,214,15489,4480,4533,1703,610,461,3923,1579
310M200US34980,34980,"Nashville-Davidson--Murfreesboro--Franklin, TN Metro Area",1792468,1905,1391345,5893,274033,3934,4798,1141,43346,1788,1304,794,39855,6022,37787,4138,4858,1787,32929,3779
310M200US35100,35100,"New Bern, NC Metro Area",127886,2089,90048,2045,28463,2360,722,280,2197,761,126,203,1188,665,5142,1753,157,190,4985,1676
310M200US35300,35300,"New Haven-Milford, CT Metro Area",861277,,641620,5135,110111,3515,816,551,31449,2166,126,152,50605,5521,26550,4206,4750,1784,21800,3774
310M200US35380,35380,"New Orleans-Metairie, LA Metro Area",1251849,,734092,4700,433492,3900,4904,1200,36739,1277,568,514,20037,3773,22017,3309,3123,1498,18894,3057
310M200US35620,35620,"New York-Newark-Jersey City, NY-NJ-PA Metro Area",20092883,,11708630,36433,3448823,16625,62416,5921,2151826,9724,5309,1316,2161678,37662,554201,19754,152829,8987,401372,17426
310M200US35660,35660,"Niles-Benton Harbor, MI Metro Area",155233,,123053,801,23734,1012,590,303,3178,320,71,106,1090,661,3517,1098,255,193,3262,1058
310M200US35840,35840,"North Port-Sarasota-Bradenton, FL Metro Area",748708,,663054,2628,50096,2501,1504,808,13251,901,1118,1081,7153,2021,12532,3138,1957,1044,10575,2865
310M200US35980,35980,"Norwich-New London, CT Metro Area",273676,,221316,2739,16418,1971,942,464,10926,1261,0,197,10023,2955,14051,2882,2464,1575,11587,2542
310M200US36100,36100,"Ocala, FL Metro Area",339167,,276045,4597,41330,2350,989,651,4450,1578,183,305,5606,4213,10564,3073,1624,992,8940,2783
310M200US36140,36140,"Ocean City, NJ Metro Area",95344,,85658,1942,4975,583,0,195,972,281,79,147,2574,1909,1086,676,257,266,829,636
310M200US36220,36220,"Odessa, TX Metro Area",153904,,122662,4664,7199,1143,851,429,1450,216,0,211,16083,4241,5659,2189,1258,1235,4401,1764
310M200US36260,36260,"Ogden-Clearfield, UT Metro Area",631146,1445,568641,3991,7037,1227,3797,1068,10659,1095,1854,875,19903,3516,19255,2755,3297,1187,15958,2449
310M200US36420,36420,"Oklahoma City, OK Metro Area",1336767,,991568,5102,139697,3854,43317,2801,43922,1827,925,463,28174,3925,89164,6192,4758,2146,84406,5685
310M200US36500,36500,"Olympia-Tumwater, WA Metro Area",265851,,217392,2585,7761,928,4653,1012,16235,1360,2849,804,2858,1458,14103,2599,1235,804,12868,2494
310M200US36540,36540,"Omaha-Council Bluffs, NE-IA Metro Area",904491,1047,768664,3707,69399,2635,5454,1933,22104,1196,548,549,12373,2866,25949,3077,2381,922,23568,2863
310M200US36740,36740,"Orlando-Kissimmee-Sanford, FL Metro Area",2321418,,1658656,13448,379254,7818,5678,2494,97977,3000,3098,2415,107523,12871,69232,5689,15853,3866,53379,4952
310M200US36780,36780,"Oshkosh-Neenah, WI Metro Area",169511,,156392,1217,4017,544,821,463,3626,569,98,161,1791,1316,2766,939,311,500,2455,993
310M200US36980,36980,"Owensboro, KY Metro Area",116170,2119,107431,2094,3836,909,110,135,732,323,0,185,183,172,3878,1216,167,241,3711,1179
310M200US37100,37100,"Oxnard-Thousand Oaks-Ventura, CA Metro Area",846178,,681601,6478,13518,1704,7959,2637,60326,2331,1684,608,44215,5263,36875,4728,7203,1813,29672,3890
310M200US37340,37340,"Palm Bay-Melbourne-Titusville, FL Metro Area",556885,,461038,3467,59579,2885,1622,893,13843,1156,526,685,5810,1917,14467,2386,1878,1226,12589,1886
310M200US37460,37460,"Panama City, FL Metro Area",192406,2236,156931,2561,20640,1629,1947,419,3792,1010,473,546,1750,987,6873,1532,564,514,6309,1445
310M200US37620,37620,"Parkersburg-Vienna, WV Metro Area",92684,1529,88590,1451,1935,841,31,50,437,159,31,56,162,233,1498,670,124,201,1374,641
310M200US37860,37860,"Pensacola-Ferry Pass-Brent, FL Metro Area",474081,,354401,1981,78459,2852,1716,878,14237,1503,488,568,5126,1802,19654,3350,1211,601,18443,3281
310M200US37900,37900,"Peoria, IL Metro Area",379520,915,322028,1918,34554,1651,823,324,7960,947,88,100,4494,1727,9573,2378,904,737,8669,2046
310M200US37980,37980,"Philadelphia-Camden-Wilmington, PA-NJ-DE-MD Metro Area",6051170,,4095418,11065,1266346,8786,13465,2653,336834,3430,1881,726,190812,12283,146414,8153,18043,2872,128371,7605
310M200US38060,38060,"Phoenix-Mesa-Scottsdale, AZ Metro Area",4489109,,3554463,19710,227557,5420,97242,5064,170375,4148,10480,1300,281526,18021,147466,9145,28447,5049,119019,8447
310M200US38220,38220,"Pine Bluff, AR Metro Area",95127,1156,47060,1208,46592,890,54,74,751,80,0,190,126,130,544,360,12,23,532,361
310M200US38300,38300,"Pittsburgh, PA Metro Area",2355968,,2050991,2405,194370,3762,2695,743,50573,1978,1418,1140,8489,2157,47432,4276,2677,929,44755,4107
310M200US38340,38340,"Pittsfield, MA Metro Area",128715,,116937,600,4542,1094,503,203,1924,353,0,198,2580,1141,2229,782,187,278,2042,691
310M200US38540,38540,"Pocatello, ID Metro Area",83347,,75813,749,491,261,2103,782,1148,513,141,192,254,189,3397,927,520,375,2877,835
310M200US38660,38660,"Ponce, PR Metro Area",325846,2279,236951,5948,16632,2810,1318,865,202,195,0,220,36031,3927,34712,4453,2317,1018,32395,4473
310M200US38860,38860,"Portland-South Portland, ME Metro Area",523552,,491994,1231,10179,898,2091,784,7682,1118,0,159,1662,1165,9944,1724,309,270,9635,1666
310M200US38900,38900,"Portland-Vancouver-Hillsboro, OR-WA Metro Area",2347127,1347,1910333,11132,63555,3326,18468,2795,142975,3974,12098,1204,90631,10574,109067,5708,9609,2238,99458,5369
310M200US38940,38940,"Port St. Lucie, FL Metro Area",444420,,347871,4870,65546,2062,1039,574,6245,1103,0,214,13243,3910,10476,3948,3357,3158,7119,2180
310M200US39140,39140,"Prescott, AZ Metro Area",218844,,199264,2228,1241,429,3310,1042,2265,418,6,10,7740,2291,5018,1377,78,137,4940,1350
310M200US39300,39300,"Providence-Warwick, RI-MA Metro Area",1609367,,1333056,7108,92762,4293,6823,1323,47235,2141,385,421,86598,7202,42508,5006,10922,2578,31586,3905
310M200US39340,39340,"Provo-Orem, UT Metro Area",572798,1410,528841,3149,3814,877,2895,958,7609,998,3643,1277,10073,2715,15923,1952,982,580,14941,1782
310M200US39380,39380,"Pueblo, CO Metro Area",161875,,124609,3466,3470,477,3606,1946,1246,378,0,192,22070,3785,6874,1649,1867,1109,5007,1021
310M200US39460,39460,"Punta Gorda, FL Metro Area",168474,,152008,950,8834,1140,250,242,2526,507,0,214,1380,856,3476,1207,715,609,2761,1113
310M200US39540,39540,"Racine, WI Metro Area",195163,,157023,2276,21646,1211,1028,741,1926,391,0,145,7834,2195,5706,1626,1036,498,4670,1432
310M200US39580,39580,"Raleigh, NC Metro Area",1242974,,850434,7448,246488,3895,4985,1112,64527,1435,515,113,43492,7743,32533,4236,3494,1486,29039,3954
310M200US39660,39660,"Rapid City, SD Metro Area",143867,2566,122167,2608,1930,794,10070,1556,1473,452,77,116,1857,1106,6293,1221,100,121,6193,1221
310M200US39740,39740,"Reading, PA Metro Area",413691,,338562,3823,21712,3480,3176,1236,6162,396,47,80,12627,3096,31405,4667,3054,1305,28351,4427
310M200US39820,39820,"Redding, CA Metro Area",179804,,156618,1513,2167,616,3047,1126,3983,1074,147,166,3281,1438,10561,1981,1089,519,9472,1887
310M200US39900,39900,"Reno, NV Metro Area",444487,1187,363073,4844,9652,1511,6772,987,22296,1755,2531,400,21532,4557,18631,2485,2025,787,16606,2585
310M200US40060,40060,"Richmond, VA Metro Area",1260668,4478,782363,4975,374684,5931,3643,897,47485,1690,352,297,17748,3175,34393,3483,2570,1216,31823,3272
310M200US40140,40140,"Riverside-San Bernardino-Ontario, CA Metro Area",4441890,,2760170,24028,320940,7467,41046,6606,291684,5457,12526,1607,831089,24489,184435,9688,45992,5461,138443,7624
310M200US40220,40220,"Roanoke, VA Metro Area",312837,1532,251631,2251,41898,2048,506,504,6479,583,0,195,5907,1191,6416,1550,598,343,5818,1575
310M200US40340,40340,"Rochester, MN Metro Area",212778,,188986,823,8790,548,376,195,10003,489,0,141,1484,767,3139,724,0,141,3139,724
310M200US40380,40380,"Rochester, NY Metro Area",1083393,,879832,3600,125255,2736,5248,1437,28555,1974,191,173,16123,3071,28189,3638,3729,1300,24460,3399
310M200US40420,40420,"Rockford, IL Metro Area",342411,,275047,3287,38119,1593,783,889,7108,767,502,587,11640,3381,9212,1751,1358,651,7854,1570
310M200US40580,40580,"Rocky Mount, NC Metro Area",149290,,70392,793,67753,1387,772,503,672,483,0,198,6396,989,3305,1267,393,469,2912,1260
310M200US40660,40660,"Rome, GA Metro Area",96063,,72905,2382,16360,447,31,52,282,300,0,211,6122,2366,363,326,133,269,230,186
310M200US40900,40900,"Sacramento--Roseville--Arden-Arcade, CA Metro Area",2244397,,1476756,9052,164353,3712,15867,3576,290784,5720,18989,1281,153754,10256,123894,7188,23037,3254,100857,6548
310M200US40980,40980,"Saginaw, MI Metro Area",195012,,145658,1835,35862,1472,644,295,2685,334,0,165,4527,1651,5636,1770,1007,611,4629,1554
310M200US41060,41060,"St. Cloud, MN Metro Area",192418,,176608,933,6759,616,779,216,3673,516,0,141,1576,942,3023,974,164,137,2859,958
310M200US41100,41100,"St. George, UT Metro Area",151948,,140986,2148,1370,328,1738,588,1041,241,1488,598,3228,2185,2097,853,93,155,2004,845
310M200US41140,41140,"St. Joseph, MO-KS Metro Area",127671,1307,113928,1914,8094,1073,497,181,733,445,47,104,816,808,3556,921,203,244,3353,890
310M200US41180,41180,"St. Louis, MO-IL Metro Area",2805856,2151,2143283,4411,514060,4448,5047,1141,65693,2609,1519,830,17494,4216,58760,5638,2860,1518,55900,5696
310M200US41420,41420,"Salem, OR Metro Area",404026,,332343,6124,4598,831,5213,1958,7779,1012,2917,1088,23625,5241,27551,4396,6327,2661,21224,3730
310M200US41500,41500,"Salinas, CA Metro Area",431344,,333058,8224,11311,1111,3950,1307,25836,1534,1886,422,38838,8159,16465,2394,4099,1595,12366,1712
310M200US41540,41540,"Salisbury, MD-DE Metro Area",389922,,299848,1849,71690,1898,1240,591,6887,1087,219,283,3260,1323,6778,1555,430,280,6348,1487
310M200US41620,41620,"Salt Lake City, UT Metro Area",1153340,,940021,7488,19114,1568,8282,1548,41823,1975,17914,1506,92276,8058,33910,4525,8336,2593,25574,3180
310M200US41660,41660,"San Angelo, TX Metro Area",118296,715,98880,3579,4324,1032,264,290,1174,469,0,211,10838,3396,2816,1179,265,311,2551,1125
310M200US41700,41700,"San Antonio-New Braunfels, TX Metro Area",2326665,2174,1879965,13401,156456,4029,13566,2971,54361,2300,1003,593,151251,12101,70063,5762,16882,3181,53181,4949
310M200US41740,41740,"San Diego-Carlsbad, CA Metro Area",3263431,,2314039,15744,161603,6101,15950,2085,378006,6164,14253,2218,212047,14095,167533,11424,27817,4354,139716,9910
310M200US41860,41860,"San Francisco-Oakland-Hayward, CA Metro Area",4594060,,2384067,20026,350537,5712,21240,3057,1136961,6957,32959,2138,407482,19283,260814,11355,43510,5368,217304,10387
310M200US41900,41900,"San Germán, PR Metro Area",132743,2279,86517,5303,5276,2054,190,239,0,220,0,220,38576,4769,2184,1597,1242,1402,942,772
310M200US41940,41940,"San Jose-Sunnyvale-Santa Clara, CA Metro Area",1952872,,956533,14533,48348,1968,8095,1753,653437,4164,7563,1808,190449,14244,88447,5738,17981,2865,70466,5553
310M200US41980,41980,"San Juan-Carolina-Caguas, PR Metro Area",2244470,4307,1601686,17624,227484,11376,7577,1741,4630,1439,495,435,247846,12006,154752,8834,12119,2424,142633,8989
310M200US42020,42020,"San Luis Obispo-Paso Robles-Arroyo Grande, CA Metro Area",279083,,243548,2460,5578,811,1188,415,11385,1019,0,200,9046,2090,8338,1679,1162,669,7176,1557
310M200US42100,42100,"Santa Cruz-Watsonville, CA Metro Area",271804,,218568,4611,2398,638,724,394,12339,1291,194,195,25971,4431,11610,1971,1989,1030,9621,1533
310M200US42140,42140,"Santa Fe, NM Metro Area",148164,,120519,2953,1225,280,5143,623,2097,456,45,52,15523,2717,3612,1067,1380,598,2232,746
310M200US42200,42200,"Santa Maria-Santa Barbara, CA Metro Area",440668,,339492,5932,8498,1505,3018,1128,21108,1596,1125,645,44387,5517,23040,3593,5029,1909,18011,2847
310M200US42220,42220,"Santa Rosa, CA Metro Area",500292,,376299,7101,7339,1360,6750,3101,19734,1592,2210,690,61028,7489,26932,3751,4204,1679,22728,3073
310M200US42340,42340,"Savannah, GA Metro Area",372708,,218492,2431,125281,3030,739,468,10491,1674,432,211,8040,2378,9233,2465,1865,1037,7368,2100
310M200US42540,42540,"Scranton--Wilkes-Barre--Hazleton, PA Metro Area",559679,,511381,2859,22525,2109,835,484,8095,938,291,431,9043,2148,7509,1667,1246,860,6263,1370
310M200US42660,42660,"Seattle-Tacoma-Bellevue, WA Metro Area",3671478,,2624182,12355,201478,7030,32726,3660,457792,5590,31115,2120,90474,10626,233711,10192,20442,4402,213269,9617
310M200US42680,42680,"Sebastian-Vero Beach, FL Metro Area",144755,,124583,2335,13330,881,466,277,1723,579,0,214,2288,2234,2365,938,199,237,2166,921
310M200US42700,42700,"Sebring, FL Metro Area",98236,,77882,2376,8907,1626,383,353,1600,214,56,106,7408,2331,2000,1566,143,177,1857,1546
310M200US43100,43100,"Sheboygan, WI Metro Area",115290,,103372,908,1459,487,203,234,6168,497,92,154,1159,847,2837,922,608,484,2229,772
310M200US43300,43300,"Sherman-Denison, TX Metro Area",123534,,107812,1264,7051,900,1493,596,1293,503,270,229,1749,1060,3866,1239,257,225,3609,1218
310M200US43340,43340,"Shreveport-Bossier City, LA Metro Area",445142,,252160,1595,172843,2048,1705,464,4562,1009,1540,1376,4697,1531,7635,1690,1561,738,6074,1494
310M200US43420,43420,"Sierra Vista-Douglas, AZ Metro Area",127448,,106504,2576,4774,1150,1562,532,2552,738,61,98,4925,1644,7070,1746,1702,929,5368,1583
310M200US43580,43580,"Sioux City, IA-NE-SD Metro Area",169058,1934,147711,2593,4228,1018,3306,926,3065,242,37,68,7238,1787,3473,1108,199,186,3274,1077
310M200US43620,43620,"Sioux Falls, SD Metro Area",248252,652,221942,1686,8838,1260,5754,393,3952,505,58,111,2724,1429,4984,1444,655,528,4329,1347
310M200US43780,43780,"South Bend-Mishawaka, IN-MI Metro Area",319226,,261149,1413,36140,1925,1873,728,5531,880,394,340,3531,922,10608,1871,1038,677,9570,1970
310M200US43900,43900,"Spartanburg, SC Metro Area",321418,,234371,1986,70397,1199,812,314,6511,660,38,65,4406,1845,4883,1420,426,358,4457,1353
310M200US44060,44060,"Spokane-Spokane Valley, WA Metro Area",542073,1347,482294,2142,8570,1261,9874,1467,10806,1649,2068,574,3947,1238,24514,2805,1626,711,22888,2790
310M200US44100,44100,"Springfield, IL Metro Area",211311,1250,175325,1608,25121,997,293,214,3206,625,405,416,2840,1314,4121,1074,286,336,3835,1031
310M200US44140,44140,"Springfield, MA Metro Area",629100,,513773,5390,44111,1895,2048,783,18946,1185,290,324,34548,5473,15384,2916,2773,1479,12611,2437
310M200US44180,44180,"Springfield, MO Metro Area",450619,2170,417692,2468,11371,1161,1973,732,5889,1003,508,500,2216,1111,10970,1758,808,817,10162,1620
310M200US44220,44220,"Springfield, OH Metro Area",136554,,117809,1031,10831,765,367,441,1042,343,183,292,1593,1010,4729,780,0,185,4729,780
310M200US44300,44300,"State College, PA Metro Area",158742,,139355,1125,6943,1070,499,445,9023,947,0,168,403,409,2519,1274,344,460,2175,1200
310M200US44420,44420,"Staunton-Waynesboro, VA Metro Area",119766,,107218,1821,8591,2066,206,202,329,251,0,195,1335,1221,2087,840,94,173,1993,820
310M200US44700,44700,"Stockton-Lodi, CA Metro Area",715597,,394950,10164,52150,2053,4827,1224,109924,2535,4233,258,90729,9632,58784,6049,9132,2496,49652,5987
310M200US44940,44940,"Sumter, SC Metro Area",107919,,53497,729,50701,675,344,372,1335,324,0,200,104,121,1938,1025,434,712,1504,628
310M200US45060,45060,"Syracuse, NY Metro Area",661478,,558749,1795,55753,2228,4185,736,18753,713,111,132,6286,1543,17641,2453,2005,1010,15636,2225
310M200US45220,45220,"Tallahassee, FL Metro Area",374890,1431,230374,2521,126242,2532,571,326,9946,402,211,336,1559,663,5987,1405,419,308,5568,1350
310M200US45300,45300,"Tampa-St. Petersburg-Clearwater, FL Metro Area",2915582,,2285320,9986,349288,5724,6932,1401,92593,3088,2621,924,98321,9270,80507,6397,13493,3208,67014,6326
310M200US45460,45460,"Terre Haute, IN Metro Area",171555,2571,155072,2734,8095,922,560,306,1961,379,0,187,1624,709,4243,987,305,249,3938,930
310M200US45500,45500,"Texarkana, TX-AR Metro Area",147740,1815,103630,2263,36727,1577,1308,332,569,305,0,187,1914,840,3592,1355,359,287,3233,1281
310M200US45540,45540,"The Villages, FL Metro Area",114350,,101008,874,10346,761,293,318,321,315,0,214,1160,947,1222,732,580,422,642,569
310M200US45780,45780,"Toledo, OH Metro Area",607456,,476887,2412,83486,2535,1651,479,10319,834,130,146,10349,2033,24634,3552,6273,1611,18361,2980
310M200US45820,45820,"Topeka, KS Metro Area",233758,,199996,1550,14731,1744,2254,577,1734,594,10,18,2017,980,13016,1973,1390,851,11626,1877
310M200US45940,45940,"Trenton, NJ Metro Area",371537,,238314,3723,76104,1747,456,388,37568,1076,0,195,12108,3286,6987,1584,1499,750,5488,1395
310M200US46060,46060,"Tucson, AZ Metro Area",1004516,,777131,7683,34178,2396,32490,2034,26807,1813,1901,493,88436,6724,43573,4300,13394,2648,30179,3584
310M200US46140,46140,"Tulsa, OK Metro Area",970391,1010,698048,2871,76551,2065,66673,2940,19143,1144,924,690,28661,2681,80391,3550,1681,582,78710,3509
310M200US46220,46220,"Tuscaloosa, AL Metro Area",235954,3211,148391,2144,79864,2944,325,220,3079,491,0,189,1976,1619,2319,786,54,97,2265,784
310M200US46340,46340,"Tyler, TX Metro Area",218842,,168792,1923,38957,1818,733,275,3343,478,941,1268,3704,1727,2372,1005,298,329,2074,887
310M200US46520,46520,"Urban Honolulu, HI Metro Area",991788,,215007,2752,26916,2329,1141,496,421085,8039,97569,3817,9759,2053,220311,8134,8273,1954,212038,8291
310M200US46540,46540,"Utica-Rome, NY Metro Area",296615,,262676,1231,15779,1079,568,303,8805,601,0,189,3397,1234,5390,1331,687,475,4703,1280
310M200US46660,46660,"Valdosta, GA Metro Area",143140,1146,86377,2062,51493,2073,87,102,1813,429,112,124,1050,627,2208,846,100,149,2108,849
310M200US46700,46700,"Vallejo-Fairfield, CA Metro Area",431131,,234128,5169,60256,2568,2283,838,67746,1841,3265,1217,36229,5091,27224,4247,3977,1803,23247,3465
310M200US47020,47020,"Victoria, TX Metro Area",99536,1767,87541,2183,5616,569,192,183,1277,188,0,211,3153,1769,1757,713,437,380,1320,624
310M200US47220,47220,"Vineland-Bridgeton, NJ Metro Area",157389,,97487,3595,30635,2047,1040,411,1931,267,0,195,19645,3433,6651,1986,1235,763,5416,1894
310M200US47260,47260,"Virginia Beach-Norfolk-Newport News, VA-NC Metro Area",1717387,3549,1023548,5095,529067,4823,5152,921,65226,2788,1769,1452,28903,4464,63722,4693,4786,1209,58936,4413
310M200US47300,47300,"Visalia-Porterville, CA Metro Area",458198,,377865,6190,7757,1107,5512,1617,15247,1582,131,169,36575,5203,15111,3697,5269,2555,9842,2322
310M200US47380,47380,"Waco, TX Metro Area",261958,1933,200222,4052,39134,1672,1325,815,3131,796,45,83,11591,3617,6510,1706,1238,1008,5272,1444
310M200US47460,47460,"Walla Walla, WA Metro Area",63706,790,53984,1598,1122,295,419,420,761,333,79,125,5265,1533,2076,698,332,347,1744,544
310M200US47580,47580,"Warner Robins, GA Metro Area",186675,1680,114347,3860,57377,2914,1070,1076,3919,618,0,211,3545,2017,6417,2496,803,1231,5614,2241
310M200US47900,47900,"Washington-Arlington-Alexandria, DC-VA-MD-WV Metro Area",6032744,2312,3365928,15879,1523041,10339,15975,2107,596698,6235,3291,733,295067,16664,232744,11702,33833,6019,198911,10127
310M200US47940,47940,"Waterloo-Cedar Falls, IA Metro Area",169993,,148933,963,11964,903,343,260,2962,403,84,149,2305,981,3402,1084,472,417,2930,947
310M200US48060,48060,"Watertown-Fort Drum, NY Metro Area",119103,,102119,1029,6094,1198,585,272,2408,456,42,61,3359,939,4496,1331,595,331,3901,1296
310M200US48140,48140,"Wausau, WI Metro Area",135780,,124136,573,1103,467,191,134,7736,527,25,35,374,564,2215,708,57,93,2158,707
310M200US48260,48260,"Weirton-Steubenville, WV-OH Metro Area",125467,2180,117325,2145,4690,910,220,308,246,209,0,187,87,102,2899,1128,227,233,2672,1107
310M200US48300,48300,"Wenatchee, WA Metro Area",114392,,97977,1829,397,191,680,386,1007,405,63,110,10577,1882,3691,915,911,553,2780,666
310M200US48540,48540,"Wheeling, WV-OH Metro Area",145205,,136766,359,5259,725,396,352,777,318,0,187,477,447,1530,649,327,370,1203,516
310M200US48620,48620,"Wichita, KS Metro Area",641225,991,527448,3885,50304,2775,5956,1648,23042,915,75,121,12814,3018,21586,2610,1761,711,19825,2609
310M200US48660,48660,"Wichita Falls, TX Metro Area",151536,,120639,2502,13844,999,1783,1013,2909,536,0,211,6711,2464,5650,2068,531,365,5119,1979
310M200US48700,48700,"Williamsport, PA Metro Area",116508,,106037,1184,5210,685,221,164,845,174,0,168,1830,1211,2365,747,75,128,2290,724
310M200US48900,48900,"Wilmington, NC Metro Area",272548,,217457,1985,41183,1401,294,326,2893,772,0,198,5026,2015,5695,1610,791,549,4904,1336
310M200US49020,49020,"Winchester, VA-WV Metro Area",134221,2486,120477,2771,6903,1355,204,199,1918,413,26,52,2012,1439,2681,1179,181,281,2500,1102
310M200US49180,49180,"Winston-Salem, NC Metro Area",655015,,497232,3840,115542,1673,1399,536,9761,911,286,302,20881,4185,9914,1872,670,439,9244,1747
310M200US49340,49340,"Worcester, MA-CT Metro Area",930473,,798941,5024,41103,2155,1950,625,38377,1845,214,227,21491,4127,28397,3910,3420,1354,24977,3667
310M200US49420,49420,"Yakima, WA Metro Area",247687,,197186,6098,1695,765,11684,1379,2118,414,379,379,26521,5548,8104,1883,1849,824,6255,1773
310M200US49620,49620,"York-Hanover, PA Metro Area",440755,,391891,2303,25115,1961,125,140,6369,666,248,310,6471,2062,10536,1879,806,504,9730,1809
310M200US49660,49660,"Youngstown-Warren-Boardman, OH-PA Metro Area",553263,,474346,1290,61029,2013,477,356,3824,527,19,35,2479,772,11089,2156,1545,951,9544,1992
310M200US49700,49700,"Yuba City, CA Metro Area",169813,,121268,3115,4379,739,2405,1115,18090,1819,908,840,9522,2617,13241,2913,2115,1149,11126,2319
310M200US49740,49740,"Yuma, AZ Metro Area",203247,,159621,4674,4723,891,1765,428,2407,726,13,24,29050,4442,5668,1533,1253,661,4415,1358
