GEO.id,GEO.id2,GEO.display-label,HD01_VD01,HD02_VD01,HD01_VD02,HD02_VD02,HD01_VD03,HD02_VD03,HD01_VD04,HD02_VD04,HD01_VD05,HD02_VD05,HD01_VD06,HD02_VD06,HD01_VD07,HD02_VD07,HD01_VD08,HD02_VD08,HD01_VD09,HD02_VD09,HD01_VD10,HD02_VD10
Id,Id2,Geography,Estimate; Total:,Margin of Error; Total:,Estimate; Total: - White alone,Margin of Error; Total: - White alone,Estimate; Total: - Black or African American alone,Margin of Error; Total: - Black or African American alone,Estimate; Total: - American Indian and Alaska Native alone,Margin of Error; Total: - American Indian and Alaska Native alone,Estimate; Total: - Asian alone,Margin of Error; Total: - Asian alone,Estimate; Total: - Native Hawaiian and Other Pacific Islander alone,Margin of Error; Total: - Native Hawaiian and Other Pacific Islander alone,Estimate; Total: - Some other race alone,Margin of Error; Total: - Some other race alone,Estimate; Total: - Two or more races:,Margin of Error; Total: - Two or more races:,Estimate; Total: - Two or more races: - Two races including Some other race,Margin of Error; Total: - Two or more races: - Two races including Some other race,"Estimate; Total: - Two or more races: - Two races excluding Some other race, and three or more races","Margin of Error; Total: - Two or more races: - Two races excluding Some other race, and three or more races"
310M300US10180,10180,"Abilene, TX Metro Area",170860,2842,133505,3716,14106,1515,1270,311,3537,618,8,15,13436,2469,4998,1478,1263,826,3735,1292
310M300US10380,10380,"Aguadilla-Isabela, PR Metro Area",309764,1963,218378,7003,10579,1904,182,305,0,222,51,75,70191,6150,10383,3117,709,526,9674,3029
310M300US10420,10420,"Akron, OH Metro Area",702221,,575245,1242,84859,2614,677,443,19953,1258,149,154,1896,1048,19442,2754,591,458,18851,2722
310M300US10500,10500,"Albany, GA Metro Area",152506,2130,64277,1357,82244,2447,258,344,1507,414,112,146,1535,946,2573,1277,56,67,2517,1279
310M300US10540,10540,"Albany, OR Metro Area",122849,,110734,2098,595,400,1248,569,1299,598,74,49,4511,2127,4388,881,128,129,4260,876
310M300US10580,10580,"Albany-Schenectady-Troy, NY Metro Area",881839,,729563,3617,66138,3770,2446,1162,38758,1461,310,383,15539,3230,29085,3472,3224,1295,25861,3309
310M300US10740,10740,"Albuquerque, NM Metro Area",913924,3421,656936,10742,23357,1894,55362,3197,21364,1943,523,549,121827,9678,34555,4455,13760,2897,20795,3056
310M300US10780,10780,"Alexandria, LA Metro Area",154789,,101855,811,45614,1098,842,467,2383,273,0,208,863,462,3232,1037,257,230,2975,1022
310M300US10900,10900,"Allentown-Bethlehem-Easton, PA-NJ Metro Area",835652,,705544,6274,49183,3573,934,409,23270,1468,0,193,33939,4793,22782,3808,4048,1659,18734,3489
310M300US11020,11020,"Altoona, PA Metro Area",124650,,119127,544,2498,559,17,30,844,184,262,330,354,510,1548,524,113,187,1435,529
310M300US11100,11100,"Amarillo, TX Metro Area",263491,1713,222970,2752,15722,1465,1333,512,7994,1196,390,350,7123,2025,7959,2118,1253,685,6706,2024
310M300US11180,11180,"Ames, IA Metro Area",97090,,84190,255,1423,1014,178,115,8417,241,0,159,340,227,2542,1007,46,84,2496,1001
310M300US11260,11260,"Anchorage, AK Metro Area",402557,,271155,2433,17121,1846,29371,3276,28225,2767,7810,311,8260,2495,40615,4679,1632,1058,38983,4456
310M300US11460,11460,"Ann Arbor, MI Metro Area",364709,,269158,1179,43375,2272,1789,1063,31232,1680,179,292,2218,1037,16758,3348,656,419,16102,3360
310M300US11500,11500,"Anniston-Oxford-Jacksonville, AL Metro Area",114611,,84357,912,24160,556,803,960,1064,279,0,195,2129,1066,2098,667,119,171,1979,670
310M300US11540,11540,"Appleton, WI Metro Area",234079,,212632,1391,2887,772,3474,568,7362,709,65,107,3576,1248,4083,1175,425,404,3658,1137
310M300US11640,11640,"Arecibo, PR Metro Area",185250,,161125,3776,6944,2194,54,91,510,386,0,222,13599,3033,3018,1355,1322,999,1696,1163
310M300US11700,11700,"Asheville, NC Metro Area",452319,,411467,2224,22168,1932,1140,567,5956,1131,425,486,3893,2045,7270,1811,342,263,6928,1804
310M300US12020,12020,"Athens-Clarke County, GA Metro Area",206360,2059,151899,2954,39966,1401,315,327,6725,613,40,62,4274,1992,3141,979,221,266,2920,909
310M300US12060,12060,"Atlanta-Sandy Springs-Roswell, GA Metro Area",5790210,2964,3104150,15535,1970242,11194,23324,4845,330979,4718,2732,1254,205514,18024,153269,11919,25105,5186,128164,10831
310M300US12100,12100,"Atlantic City-Hammonton, NJ Metro Area",270991,,176909,3878,41557,1895,824,207,22599,887,60,76,20986,4276,8056,2438,3178,1630,4878,1745
310M300US12220,12220,"Auburn-Opelika, AL Metro Area",158991,,111185,1161,37968,1543,0,195,6648,450,63,111,828,746,2299,1211,260,318,2039,1126
310M300US12260,12260,"Augusta-Richmond County, GA-SC Metro Area",595147,1610,349634,3520,210051,4471,2103,1267,12601,742,1744,1451,6775,2238,12239,3100,514,377,11725,3074
310M300US12420,12420,"Austin-Round Rock, TX Metro Area",2056405,,1592000,11193,148246,4207,7665,2338,116620,3969,1640,1081,118514,11223,71720,7259,11992,2851,59728,6733
310M300US12540,12540,"Bakersfield, CA Metro Area",884788,,642077,11728,47668,3254,11936,4361,40615,2200,3142,2611,106937,9374,32413,4661,8614,2060,23799,3788
310M300US12580,12580,"Baltimore-Columbia-Towson, MD Metro Area",2798886,,1700012,6154,814885,6140,6621,1297,151431,3279,1474,948,35829,5491,88634,7643,8634,2876,80000,6999
310M300US12620,12620,"Bangor, ME Metro Area",151806,,143639,436,811,410,1940,697,1404,270,0,172,338,358,3674,704,53,72,3621,697
310M300US12700,12700,"Barnstable Town, MA Metro Area",214276,,196365,1708,5175,1589,914,593,2951,617,1034,1215,2794,1285,5043,1932,1318,1362,3725,1287
310M300US12940,12940,"Baton Rouge, LA Metro Area",835175,,494777,2669,293237,4290,1918,1817,16045,1347,60,108,11192,2565,17946,4424,318,352,17628,4454
310M300US12980,12980,"Battle Creek, MI Metro Area",134386,,110181,871,14071,1349,539,235,2622,773,0,168,848,698,6125,1644,84,158,6041,1625
310M300US13020,13020,"Bay City, MI Metro Area",104747,,99068,637,2410,588,241,313,309,273,0,168,630,513,2089,596,144,207,1945,549
310M300US13140,13140,"Beaumont-Port Arthur, TX Metro Area",409901,1843,288075,2468,99780,1516,1254,527,11587,474,198,212,4710,1507,4297,1227,929,490,3368,1069
310M300US13220,13220,"Beckley, WV Metro Area",120924,,108313,1104,7689,1283,276,433,590,582,0,193,1026,787,3030,913,65,105,2965,918
310M300US13380,13380,"Bellingham, WA Metro Area",216800,,178402,1867,2619,469,6037,828,9298,1242,524,256,11147,2125,8773,1807,476,412,8297,1732
310M300US13460,13460,"Bend-Redmond, OR Metro Area",181307,,167962,2023,1089,492,806,483,1730,537,87,139,3582,1751,6051,1043,639,677,5412,949
310M300US13740,13740,"Billings, MT Metro Area",169736,1081,155260,1297,927,575,6287,1599,1017,407,0,168,786,455,5459,1593,390,273,5069,1549
310M300US13780,13780,"Binghamton, NY Metro Area",244094,,213635,1050,12987,1578,13,27,7568,1352,21,38,1866,914,8004,1678,857,743,7147,1606
310M300US13820,13820,"Birmingham-Hoover, AL Metro Area",1147417,,755836,3588,325160,4681,2565,1087,15147,1834,520,380,25142,4233,23047,4531,1836,944,21211,4336
310M300US13900,13900,"Bismarck, ND Metro Area",131547,927,117320,1374,2074,451,9306,1686,714,791,140,233,145,169,1848,960,150,210,1698,940
310M300US13980,13980,"Blacksburg-Christiansburg-Radford, VA Metro Area",183411,3298,161019,3377,9306,1451,608,558,5943,1301,30,65,1372,718,5133,1689,873,715,4260,1525
310M300US14010,14010,"Bloomington, IL Metro Area",187326,1551,156943,2724,14410,630,380,354,8635,786,0,185,1931,1691,5027,1380,1097,938,3930,1017
310M300US14020,14020,"Bloomington, IN Metro Area",166336,,145345,763,4222,763,491,264,9867,797,0,192,848,603,5563,1353,178,195,5385,1317
310M300US14100,14100,"Bloomsburg-Berwick, PA Metro Area",84763,,79628,587,1779,524,86,84,1624,337,0,174,834,556,812,425,106,145,706,409
310M300US14260,14260,"Boise City, ID Metro Area",690214,2732,604143,5654,6596,1550,5465,1266,15007,1855,1212,978,37285,5026,20506,2995,3227,1857,17279,2827
310M300US14460,14460,"Boston-Cambridge-Newton, MA-NH Metro Area",4794447,,3671796,11909,391465,8098,8169,1806,373970,4742,1502,589,193323,12667,154222,10177,16807,2738,137415,9787
310M300US14500,14500,"Boulder, CO Metro Area",322226,,288623,2100,3453,507,927,537,15560,1005,209,224,5652,1880,7802,1381,993,557,6809,1210
310M300US14540,14540,"Bowling Green, KY Metro Area",174560,2677,149796,3144,12554,1197,701,120,4778,216,0,190,3181,1606,3550,1564,745,659,2805,1390
310M300US14740,14740,"Bremerton-Silverdale, WA Metro Area",264811,,213321,1654,6587,1225,3022,838,11318,1856,2204,539,6781,1787,21578,2989,1814,1239,19764,2578
310M300US14860,14860,"Bridgeport-Stamford-Norwalk, CT Metro Area",944177,,696692,7566,110693,3655,2811,1588,50381,2263,695,481,52428,6348,30477,4175,8849,2787,21628,3032
310M300US15180,15180,"Brownsville-Harlingen, TX Metro Area",422135,,401139,3168,2142,419,341,375,3497,836,120,155,12137,3110,2759,1105,1599,879,1160,727
310M300US15260,15260,"Brunswick, GA Metro Area",115737,3271,84811,3210,25396,2227,344,295,1114,513,211,241,1095,884,2766,1319,316,353,2450,1297
310M300US15380,15380,"Buffalo-Cheektowaga-Niagara Falls, NY Metro Area",1132804,,904141,3733,136141,2690,6976,1384,36214,1290,546,282,20562,3595,28224,3714,4219,1688,24005,3140
310M300US15500,15500,"Burlington, NC Metro Area",159688,,110933,2190,31088,1129,779,494,2245,322,307,350,11140,2340,3196,1074,478,459,2718,978
310M300US15540,15540,"Burlington-South Burlington, VT Metro Area",217411,748,198963,1098,4517,810,1091,863,6065,787,44,76,2234,1419,4497,1362,383,290,4114,1270
310M300US15940,15940,"Canton-Massillon, OH Metro Area",401281,,355187,1441,27382,1812,218,258,3742,472,0,189,2474,1311,12278,2288,869,561,11409,2141
310M300US15980,15980,"Cape Coral-Fort Myers, FL Metro Area",722336,,615028,5571,60475,2202,1457,705,11131,1020,129,210,20665,5515,13451,2962,2934,1229,10517,2561
310M300US16020,16020,"Cape Girardeau, MO-IL Metro Area",94806,2566,82216,2505,7935,1403,700,639,1365,156,28,50,342,481,2220,1262,13,23,2207,1261
310M300US16060,16060,"Carbondale-Marion, IL Metro Area",126430,,107429,742,11792,936,202,163,2604,629,70,114,797,569,3536,1124,300,316,3236,1095
310M300US16180,16180,"Carson City, NV Metro Area",54742,,42921,2248,376,358,1267,280,1906,939,0,210,6796,2414,1476,1003,0,210,1476,1003
310M300US16220,16220,"Casper, WY Metro Area",81039,,76905,270,1391,673,303,316,435,351,0,197,176,171,1829,596,0,197,1829,596
310M300US16300,16300,"Cedar Rapids, IA Metro Area",267799,,243503,649,12484,1152,320,267,5382,631,132,148,588,399,5390,1338,157,261,5233,1330
310M300US16540,16540,"Chambersburg-Waynesboro, PA Metro Area",153851,,142799,1224,6445,745,469,573,1733,470,60,98,601,729,1744,1118,200,253,1544,1054
310M300US16580,16580,"Champaign-Urbana, IL Metro Area",239872,1551,181563,1834,28021,991,359,212,22016,724,62,108,1489,634,6362,1430,318,223,6044,1413
310M300US16620,16620,"Charleston, WV Metro Area",219579,2475,197609,2484,13150,1560,529,393,2148,616,0,193,194,194,5949,1748,37,81,5912,1730
310M300US16700,16700,"Charleston-North Charleston, SC Metro Area",761155,,515976,3095,198439,3110,2348,965,14532,1116,0,207,10989,3453,18871,3542,407,328,18464,3487
310M300US16740,16740,"Charlotte-Concord-Gastonia, NC-SC Metro Area",2474314,,1667681,8408,558245,5939,8895,1713,86593,2217,1381,629,95074,8670,56445,5420,6152,1964,50293,5072
310M300US16820,16820,"Charlottesville, VA Metro Area",229467,2922,179730,3148,30836,2837,622,392,9555,802,70,114,2419,1335,6235,1363,239,183,5996,1341
310M300US16860,16860,"Chattanooga, TN-GA Metro Area",551200,3168,451330,4571,75545,3316,839,453,9166,1551,104,175,1846,1061,12370,2211,1579,1162,10791,2081
310M300US16940,16940,"Cheyenne, WY Metro Area",98136,,88958,835,2690,939,443,610,1200,434,362,508,1209,527,3274,1107,276,278,2998,1106
310M300US16980,16980,"Chicago-Naperville-Elgin, IL-IN-WI Metro Area",9512968,1542,6202988,23954,1577873,7946,24650,3305,617341,5584,3677,1192,835855,25290,250584,11429,65584,6391,185000,10243
310M300US17020,17020,"Chico, CA Metro Area",226864,,187892,2607,3563,796,2567,739,10665,1086,811,498,9577,2534,11789,1988,1724,899,10065,1723
310M300US17140,17140,"Cincinnati, OH-KY-IN Metro Area",2161441,4453,1766311,6337,267296,5219,2331,1011,53478,1930,370,291,21500,4693,50155,5265,1782,967,48373,5041
310M300US17300,17300,"Clarksville, TN-KY Metro Area",282075,1837,204312,2550,56337,2436,1634,489,5859,757,1879,1913,3284,1822,8770,1848,648,531,8122,1693
310M300US17420,17420,"Cleveland, TN Metro Area",123861,2140,114818,2141,5767,988,629,546,243,222,46,77,865,531,1493,847,0,204,1493,847
310M300US17460,17460,"Cleveland-Elyria, OH Metro Area",2055612,,1508646,4369,406835,4447,3765,1034,43359,2122,589,321,28858,3515,63560,6050,7192,2237,56368,5767
310M300US17660,17660,"Coeur d'Alene, ID Metro Area",154311,,143862,1685,1029,634,2970,553,1352,665,167,261,1836,1787,3095,917,213,207,2882,903
310M300US17780,17780,"College Station-Bryan, TX Metro Area",254716,3169,192794,4700,29218,2482,1129,1268,14143,466,107,163,8601,2699,8724,3260,431,292,8293,3293
310M300US17820,17820,"Colorado Springs, CO Metro Area",712327,,574802,5000,43819,3993,3588,1541,18301,1654,3009,507,26030,4729,42778,4917,7344,2008,35434,4570
310M300US17860,17860,"Columbia, MO Metro Area",176594,,142618,1261,16256,1600,811,577,9021,494,23,40,2821,1537,5044,1702,191,259,4853,1698
310M300US17900,17900,"Columbia, SC Metro Area",816450,2069,488642,3723,273361,4597,1933,802,15182,1418,656,675,14057,3102,22619,3557,1532,669,21087,3483
310M300US17980,17980,"Columbus, GA-AL Metro Area",307816,2600,153364,2901,127827,3261,1316,337,5092,1204,113,176,5726,1658,14378,2879,5075,2239,9303,2899
310M300US18020,18020,"Columbus, IN Metro Area",81402,,68773,1643,1234,284,38,64,5864,304,0,192,3791,1703,1702,617,429,405,1273,482
310M300US18140,18140,"Columbus, OH Metro Area",2041520,,1558922,5017,312837,5009,3499,1113,80395,2564,800,407,18845,4556,66222,6379,3836,1217,62386,6285
310M300US18580,18580,"Corpus Christi, TX Metro Area",452790,2960,411470,3629,16001,1135,1862,1181,7461,866,238,262,7425,1792,8333,2190,2887,1058,5446,1584
310M300US18700,18700,"Corvallis, OR Metro Area",89385,,77080,970,984,495,459,400,5884,551,262,144,1185,714,3531,937,0,201,3531,937
310M300US18880,18880,"Crestview-Fort Walton Beach-Destin, FL Metro Area",267059,,212976,2370,24169,1413,806,467,6401,1065,327,368,10740,2832,11640,1940,365,285,11275,1897
310M300US19060,19060,"Cumberland, MD-WV Metro Area",99541,,90130,654,7195,573,160,122,619,251,27,48,146,169,1264,430,120,123,1144,392
310M300US19100,19100,"Dallas-Fort Worth-Arlington, TX Metro Area",7232599,2088,5006420,20903,1115545,7286,29526,3100,473365,5316,6458,1052,377296,22899,223989,11856,41997,4977,181992,10931
310M300US19140,19140,"Dalton, GA Metro Area",143904,,128287,3368,5201,820,1989,1874,1493,688,0,218,5444,2991,1490,979,172,299,1318,955
310M300US19180,19180,"Danville, IL Metro Area",78111,,63731,1143,10778,1085,13,22,860,185,16,31,1285,1160,1428,1050,31,52,1397,1048
310M300US19300,19300,"Daphne-Fairhope-Foley, AL Metro Area",208563,,180484,1072,18821,1155,1383,1159,914,441,0,195,1469,1104,5492,1508,556,607,4936,1461
310M300US19340,19340,"Davenport-Moline-Rock Island, IA-IL Metro Area",383352,961,326863,3062,28976,1540,1419,543,8474,1103,283,237,6312,2258,11025,2241,3229,1423,7796,1782
310M300US19380,19380,"Dayton, OH Metro Area",800683,,627756,1822,124721,2695,1001,582,17531,1172,374,294,5498,1758,23802,2901,552,302,23250,2872
310M300US19460,19460,"Decatur, AL Metro Area",152256,,120559,2053,17612,1322,2951,981,1076,43,0,195,6454,1680,3604,1383,88,208,3516,1385
310M300US19500,19500,"Decatur, IL Metro Area",106550,,83242,360,13359,1580,262,311,1089,408,13,23,529,344,8056,1587,149,168,7907,1565
310M300US19660,19660,"Deltona-Daytona Beach-Ormond Beach, FL Metro Area",637674,,531619,3383,67512,3592,2528,858,12560,981,64,77,9478,2427,13913,3110,1314,536,12599,2968
310M300US19740,19740,"Denver-Aurora-Lakewood, CO Metro Area",2853077,,2304110,11387,166510,4503,22543,3519,120979,3393,2931,703,143755,10955,92249,7294,17242,2728,75007,6285
310M300US19780,19780,"Des Moines-West Des Moines, IA Metro Area",634725,,546891,2879,32981,1621,1490,487,26405,906,198,198,10031,2568,16729,2264,971,758,15758,2168
310M300US19820,19820,"Detroit-Warren-Dearborn, MI Metro Area",4297617,,2980932,5988,954847,7499,11088,1906,178110,3865,837,476,54246,5357,117557,9561,9212,2651,108345,8702
310M300US20020,20020,"Dothan, AL Metro Area",147834,,106460,932,35568,502,443,219,1054,89,0,195,2020,932,2289,505,102,98,2187,493
310M300US20100,20100,"Dover, DE Metro Area",174827,,115964,1739,43984,1876,961,256,3125,1228,9,20,2543,1544,8241,2416,530,457,7711,2391
310M300US20220,20220,"Dubuque, IA Metro Area",97003,,90491,308,3496,579,74,118,1198,346,302,372,304,291,1138,545,68,109,1070,534
310M300US20260,20260,"Duluth, MN-WI Metro Area",279227,,256313,743,4809,542,7462,937,2984,335,45,63,1155,618,6459,1065,466,259,5993,1063
310M300US20500,20500,"Durham-Chapel Hill, NC Metro Area",559535,,350526,3417,146200,3258,1481,471,27852,1450,393,391,13585,3353,19498,3629,1594,859,17904,3572
310M300US20700,20700,"East Stroudsburg, PA Metro Area",166098,,124741,3077,23137,2387,257,291,3492,959,191,265,8899,3508,5381,2088,1209,1015,4172,1907
310M300US20740,20740,"Eau Claire, WI Metro Area",166614,,155729,330,1816,660,471,261,5035,390,28,57,184,194,3351,826,90,106,3261,822
310M300US20940,20940,"El Centro, CA Metro Area",180883,,110971,6532,4122,444,1808,683,2731,138,301,450,54515,6397,6435,1983,1827,1012,4608,1985
310M300US21060,21060,"Elizabethtown-Fort Knox, KY Metro Area",150447,1846,124194,2234,14559,1583,359,219,2087,686,275,355,2185,1313,6788,1667,54,91,6734,1659
310M300US21140,21140,"Elkhart-Goshen, IN Metro Area",203781,,180922,2069,11251,1205,1040,351,2149,406,360,320,3346,1955,4713,1293,433,380,4280,1283
310M300US21300,21300,"Elmira, NY Metro Area",86322,,75851,561,4798,870,171,223,1588,76,22,47,770,478,3122,970,110,160,3012,970
310M300US21340,21340,"El Paso, TX Metro Area",842114,1638,675879,10694,30167,2367,5360,1452,11270,1130,299,316,97821,9432,21318,5321,6144,2322,15174,4847
310M300US21420,21420,"Enid, OK Metro Area",62603,,51266,1338,2286,299,897,502,483,297,1755,159,2834,1448,3082,809,293,276,2789,707
310M300US21500,21500,"Erie, PA Metro Area",276207,,241733,1218,20144,1564,613,327,4980,339,201,260,1903,1023,6633,1417,487,360,6146,1440
310M300US21660,21660,"Eugene, OR Metro Area",369519,,324944,2572,3663,891,4162,1132,9597,1519,928,271,6858,2225,19367,2315,917,630,18450,2214
310M300US21780,21780,"Evansville, IN-KY Metro Area",315948,,279288,1419,20411,1702,434,385,3610,685,1210,1261,2231,1520,8764,1791,636,468,8128,1820
310M300US21820,21820,"Fairbanks, AK Metro Area",100605,,75501,1531,4385,678,7427,1428,3875,810,503,251,2357,1855,6557,1794,207,245,6350,1738
310M300US22020,22020,"Fargo, ND-MN Metro Area",238124,,211290,1135,10795,1235,2553,699,5392,1099,11,23,991,919,7092,2060,579,501,6513,1857
310M300US22140,22140,"Farmington, NM Metro Area",115079,,62316,1870,656,466,41426,1442,690,222,74,127,6795,1368,3122,1167,413,388,2709,1139
310M300US22180,22180,"Fayetteville, NC Metro Area",380389,,186439,2889,142098,2763,9725,1262,8241,1207,843,397,11621,2348,21422,3086,1746,911,19676,2945
310M300US22220,22220,"Fayetteville-Springdale-Rogers, AR-MO Metro Area",527153,3344,440756,4500,12809,891,5792,1335,15268,1443,6469,486,29159,3112,16900,2221,1931,906,14969,1961
310M300US22380,22380,"Flagstaff, AZ Metro Area",140908,,91167,1617,2166,419,37010,1384,2670,665,163,238,2711,955,5021,1495,484,404,4537,1425
310M300US22420,22420,"Flint, MI Metro Area",408615,,304971,1761,81377,2403,1737,648,4111,767,305,244,2400,1604,13714,2635,680,677,13034,2440
310M300US22500,22500,"Florence, SC Metro Area",205976,,113645,557,86763,1378,150,149,1818,363,67,115,327,264,3206,1455,208,242,2998,1446
310M300US22520,22520,"Florence-Muscle Shoals, AL Metro Area",146534,,123774,474,18995,964,269,301,882,126,60,108,811,463,1743,832,82,161,1661,865
310M300US22540,22540,"Fond du Lac, WI Metro Area",102144,,94027,1221,762,508,528,145,1494,364,25,53,3086,1274,2222,673,143,175,2079,733
310M300US22660,22660,"Fort Collins, CO Metro Area",339993,,307362,2833,3351,769,2714,864,7489,1038,516,344,6735,2028,11826,2512,2062,889,9764,2367
310M300US22900,22900,"Fort Smith, AR-OK Metro Area",281227,,211127,1942,11244,1007,15881,1828,7115,753,107,155,18071,2616,17682,2079,753,552,16929,2010
310M300US23060,23060,"Fort Wayne, IN Metro Area",431802,,355959,1975,42724,2063,697,329,15296,727,102,89,4454,1654,12570,2016,1176,575,11394,2046
310M300US23420,23420,"Fresno, CA Metro Area",979915,,640619,11666,47646,1868,10176,2204,101993,1767,1183,640,143649,11291,34649,5110,7523,2120,27126,4569
310M300US23460,23460,"Gadsden, AL Metro Area",102564,,83159,1034,16417,1202,484,365,858,142,0,195,107,181,1539,825,0,195,1539,825
310M300US23540,23540,"Gainesville, FL Metro Area",281796,2568,198490,3185,54231,2131,1166,370,16798,633,524,501,2719,1244,7868,2070,1256,637,6612,1916
310M300US23580,23580,"Gainesville, GA Metro Area",196637,,168678,2292,14687,1104,412,310,3451,600,99,174,4766,1780,4544,1984,877,674,3667,1830
310M300US23900,23900,"Gettysburg, PA Metro Area",102180,,94434,1017,1057,544,65,72,426,225,0,174,3626,1033,2572,542,212,164,2360,531
310M300US24020,24020,"Glens Falls, NY Metro Area",126367,,119975,404,2659,573,683,401,871,303,82,132,724,402,1373,480,0,192,1373,480
310M300US24140,24140,"Goldsboro, NC Metro Area",124150,,79743,1040,37003,1491,324,234,1539,477,65,124,1082,999,4394,1581,44,68,4350,1585
310M300US24220,24220,"Grand Forks, ND-MN Metro Area",102743,,91170,610,3564,773,2319,781,1983,343,0,193,900,530,2807,1162,128,239,2679,1130
310M300US24260,24260,"Grand Island, NE Metro Area",85584,798,75630,2366,1459,661,156,160,679,183,362,492,6115,2401,1183,475,166,160,1017,448
310M300US24300,24300,"Grand Junction, CO Metro Area",150083,,140112,1348,465,344,1384,585,1263,251,467,466,2111,1105,4281,856,700,571,3581,817
310M300US24340,24340,"Grand Rapids-Wyoming, MI Metro Area",1047099,,885836,5200,64917,3728,3298,929,25475,1140,287,272,29737,5209,37549,3678,4244,1511,33305,3755
310M300US24420,24420,"Grants Pass, OR Metro Area",85904,,80113,946,1441,1034,1593,1107,657,590,22,51,249,337,1829,998,412,539,1417,841
310M300US24500,24500,"Great Falls, MT Metro Area",81755,,72572,575,992,408,3673,589,738,525,142,126,325,281,3313,1014,0,168,3313,1014
310M300US24540,24540,"Greeley, CO Metro Area",294932,,271892,2388,3435,729,970,483,4523,746,0,195,6937,2096,7175,1296,1606,822,5569,1007
310M300US24580,24580,"Green Bay, WI Metro Area",318236,,277280,2543,6211,1041,7564,870,8104,863,22,42,8962,2401,10093,2803,3088,2093,7005,1695
310M300US24660,24660,"Greensboro-High Point, NC Metro Area",756139,,481607,4146,200921,3604,2954,909,28219,741,434,441,25230,4533,16774,3271,1439,1104,15335,3139
310M300US24780,24780,"Greenville, NC Metro Area",177220,,102197,1972,62515,2171,640,204,2983,791,64,101,4316,2236,4505,1740,268,291,4237,1714
310M300US24860,24860,"Greenville-Anderson-Mauldin, SC Metro Area",884975,,684592,4540,146978,2743,2281,1309,17308,1213,1019,714,15495,4013,17302,3005,1947,762,15355,2880
310M300US25020,25020,"Guayama, PR Metro Area",78823,1822,41225,3458,24633,3119,0,222,313,319,0,222,10504,2902,2148,1441,64,111,2084,1429
310M300US25060,25060,"Gulfport-Biloxi-Pascagoula, MS Metro Area",391266,,278849,1963,85344,2073,1731,511,9642,806,0,213,6190,1965,9510,2562,926,722,8584,2529
310M300US25180,25180,"Hagerstown-Martinsburg, MD-WV Metro Area",263817,,224793,1135,26597,1474,499,399,2911,726,253,384,1918,942,6846,1555,440,392,6406,1497
310M300US25220,25220,"Hammond, LA Metro Area",130710,,87647,642,37463,1682,481,171,730,324,0,208,577,552,3812,1669,153,256,3659,1655
310M300US25260,25260,"Hanford-Corcoran, CA Metro Area",149785,,99706,4650,10028,1370,2083,669,5238,1183,472,416,25665,4017,6593,1995,1629,869,4964,1681
310M300US25420,25420,"Harrisburg-Carlisle, PA Metro Area",568033,,456443,2630,63646,2353,1201,627,23014,1063,0,174,12246,3012,11483,2558,1143,960,10340,2222
310M300US25500,25500,"Harrisonburg, VA Metro Area",132822,,118239,1615,6462,1698,0,201,2547,510,217,314,1469,1425,3888,1314,800,756,3088,1003
310M300US25540,25540,"Hartford-West Hartford-East Hartford, CT Metro Area",1206836,,917159,6531,134863,3605,2768,1423,57624,1746,82,103,59443,6367,34897,4231,7836,2729,27061,3910
310M300US25860,25860,"Hickory-Lenoir-Morganton, NC Metro Area",364187,,301900,2120,25529,1724,1894,622,10215,609,127,238,19289,2122,5233,1687,337,410,4896,1592
310M300US25940,25940,"Hilton Head Island-Bluffton-Beaufort, SC Metro Area",211614,,154387,2975,44977,2100,659,964,2367,548,106,81,4561,2272,4557,1503,538,483,4019,1347
310M300US25980,25980,"Hinesville, GA Metro Area",82687,2427,40725,2605,31963,2516,295,133,1130,679,12,24,3215,1790,5347,1729,912,751,4435,1511
310M300US26140,26140,"Homosassa Springs, FL Metro Area",143621,,133360,1114,5412,641,261,360,2496,211,0,221,1051,1090,1041,606,213,418,828,467
310M300US26300,26300,"Hot Springs, AR Metro Area",97477,,84195,833,8471,1400,989,438,1046,1190,0,197,1347,844,1429,871,86,167,1343,846
310M300US26380,26380,"Houma-Thibodaux, LA Metro Area",211525,,157399,1546,36372,1436,8849,835,1075,572,73,142,4067,1757,3690,1092,120,153,3570,1152
310M300US26420,26420,"Houston-The Woodlands-Sugar Land, TX Metro Area",6772470,,4434172,26316,1172202,10771,28709,5317,516300,5917,4488,1219,466534,23651,150065,12552,29851,5400,120214,10763
310M300US26580,26580,"Huntington-Ashland, WV-KY-OH Metro Area",359588,,340761,610,9039,1358,120,133,2808,783,48,89,456,389,6356,1373,173,171,6183,1320
310M300US26620,26620,"Huntsville, AL Metro Area",449720,,319960,1816,101481,1552,3146,986,8747,1470,250,82,5049,1680,11087,2123,311,278,10776,2128
310M300US26820,26820,"Idaho Falls, ID Metro Area",143776,1016,127753,2593,14,22,1054,494,1599,702,55,83,9982,2344,3319,752,452,431,2867,703
310M300US26900,26900,"Indianapolis-Carmel-Anderson, IN Metro Area",2001737,1834,1535618,6723,300851,5088,4782,1716,59656,3018,336,160,48177,7068,52317,6093,6017,2477,46300,5684
310M300US26980,26980,"Iowa City, IA Metro Area",168828,,141232,1420,10405,508,134,172,10124,785,0,159,3937,1635,2996,948,287,283,2709,806
310M300US27060,27060,"Ithaca, NY Metro Area",104871,,83423,799,4698,454,268,214,10625,898,0,192,1656,639,4201,1123,223,284,3978,1046
310M300US27100,27100,"Jackson, MI Metro Area",158460,,138283,704,13482,883,676,302,1260,345,116,110,810,498,3833,1086,321,250,3512,1044
310M300US27140,27140,"Jackson, MS Metro Area",580178,3337,274676,3534,286707,3605,904,657,6128,573,284,452,6968,1995,4511,1753,59,117,4452,1751
310M300US27180,27180,"Jackson, TN Metro Area",129527,,84322,512,40249,854,112,128,1270,431,0,204,1744,591,1830,776,118,169,1712,773
310M300US27260,27260,"Jacksonville, FL Metro Area",1478212,,1031677,5380,314206,5987,2918,1349,52983,3275,1545,1021,24044,4530,50839,6088,3860,1116,46979,6084
310M300US27340,27340,"Jacksonville, NC Metro Area",187136,,139353,2304,24311,2427,591,318,3350,709,413,275,3224,1615,15894,3118,2144,1949,13750,2530
310M300US27500,27500,"Janesville-Beloit, WI Metro Area",161620,,140747,1708,7575,758,563,286,1734,518,0,147,6456,1782,4545,1258,381,375,4164,1223
310M300US27620,27620,"Jefferson City, MO Metro Area",148915,2186,131814,2160,11739,1113,484,300,1485,250,94,128,269,197,3030,1103,136,165,2894,1108
310M300US27740,27740,"Johnson City, TN Metro Area",200449,2476,186816,2917,5856,995,1032,808,2331,627,64,117,394,329,3956,1147,372,378,3584,1117
310M300US27780,27780,"Johnstown, PA Metro Area",134732,,126107,482,3266,1104,13,19,515,229,175,195,527,313,4129,1116,460,313,3669,1087
310M300US27860,27860,"Jonesboro, AR Metro Area",129858,,105541,1130,15893,1178,96,148,1428,136,0,197,2536,1089,4364,1214,363,388,4001,1106
310M300US27900,27900,"Joplin, MO Metro Area",177805,,160768,1256,2757,701,3206,962,2165,382,1544,1045,2527,1223,4838,1252,471,309,4367,1237
310M300US27980,27980,"Kahului-Wailuku-Lahaina, HI Metro Area",165474,,60731,2346,422,438,157,185,50552,3621,18825,1181,1687,1406,33100,4360,1103,693,31997,4347
310M300US28020,28020,"Kalamazoo-Portage, MI Metro Area",336877,,277267,2338,30443,1893,1613,1073,7253,825,146,234,4570,1631,15585,2413,1961,1176,13624,2181
310M300US28100,28100,"Kankakee, IL Metro Area",110008,,86918,1310,17306,569,394,113,1023,256,0,185,2799,1192,1568,837,614,610,954,701
310M300US28140,28140,"Kansas City, MO-KS Metro Area",2104115,1651,1649262,6200,260749,5561,7875,1644,58240,2510,4448,1599,57142,6099,66399,5715,5889,1680,60510,5672
310M300US28420,28420,"Kennewick-Richland, WA Metro Area",283846,,215909,5005,5364,979,1796,668,6519,1084,840,718,43622,5673,9796,2190,2151,1421,7645,2005
310M300US28660,28660,"Killeen-Temple, TX Metro Area",435887,2911,288146,5967,90734,4400,3073,1491,11560,1451,4190,650,9051,2226,29133,3665,1614,725,27519,3737
310M300US28700,28700,"Kingsport-Bristol-Bristol, TN-VA Metro Area",307723,1739,292963,2087,4997,1100,842,757,1046,426,491,504,1834,1003,5550,1494,602,423,4948,1403
310M300US28740,28740,"Kingston, NY Metro Area",179225,,152042,1754,10859,1929,151,119,3969,546,21,43,5275,1537,6908,1968,701,613,6207,1921
310M300US28940,28940,"Knoxville, TN Metro Area",869076,1160,777733,2943,50444,2200,2334,933,14246,1257,429,370,8736,2711,15154,2346,697,500,14457,2343
310M300US29020,29020,"Kokomo, IN Metro Area",82568,,72022,616,7651,866,308,339,271,220,77,90,1098,573,1141,721,60,95,1081,715
310M300US29100,29100,"La Crosse-Onalaska, WI-MN Metro Area",136936,,125564,444,1396,495,231,261,5225,1100,14,21,1171,613,3335,1144,252,305,3083,1092
310M300US29180,29180,"Lafayette, LA Metro Area",491528,,346357,1441,122105,2472,1226,722,7811,865,0,208,4469,1486,9560,2607,362,319,9198,2534
310M300US29200,29200,"Lafayette-West Lafayette, IN Metro Area",217439,1459,181379,3128,9808,1281,279,203,15385,932,200,308,6579,2239,3809,1615,560,468,3249,1512
310M300US29340,29340,"Lake Charles, LA Metro Area",207432,1830,146860,2531,50582,1456,747,539,2412,547,0,208,2541,1721,4290,1823,315,348,3975,1740
310M300US29420,29420,"Lake Havasu City-Kingman, AZ Metro Area",205249,,187492,1975,1614,537,4870,703,2029,721,231,217,3539,1845,5474,1546,387,339,5087,1566
310M300US29460,29460,"Lakeland-Winter Haven, FL Metro Area",666149,,525140,3410,100793,2724,1818,743,12565,1059,306,353,9710,2052,15817,3231,2906,1220,12911,3000
310M300US29540,29540,"Lancaster, PA Metro Area",538500,,481798,3232,23427,2211,431,399,10923,1380,53,87,9219,2384,12649,2071,1402,834,11247,1875
310M300US29620,29620,"Lansing-East Lansing, MI Metro Area",475099,,382254,1910,40934,2685,1769,575,22610,1157,365,327,6537,1762,20630,2809,1956,923,18674,2752
310M300US29700,29700,"Laredo, TX Metro Area",271193,,258612,3594,1181,298,358,340,832,769,0,220,8188,3362,2022,1417,394,258,1628,1402
310M300US29740,29740,"Las Cruces, NM Metro Area",214207,,194538,3403,3599,341,2578,835,2341,294,69,130,8652,3443,2430,871,628,385,1802,767
310M300US29820,29820,"Las Vegas-Henderson-Paradise, NV Metro Area",2155664,,1330054,14195,247427,5158,13583,3294,211925,4744,17783,1756,223704,13220,111188,8826,18867,3427,92321,7763
310M300US29940,29940,"Lawrence, KS Metro Area",119440,,97894,1057,4866,949,1800,680,6249,731,26,38,2960,1015,5645,1303,321,236,5324,1312
310M300US30020,30020,"Lawton, OK Metro Area",127762,861,80441,1999,22798,1389,7637,1409,2645,739,225,227,2906,1317,11110,1844,709,493,10401,1677
310M300US30140,30140,"Lebanon, PA Metro Area",138863,,120894,1984,3650,958,129,187,2078,135,0,174,9250,2297,2862,1563,1546,1404,1316,753
310M300US30300,30300,"Lewiston, ID-WA Metro Area",62675,,58154,313,60,91,2940,397,165,128,0,193,227,202,1129,321,0,193,1129,321
310M300US30340,30340,"Lewiston-Auburn, ME Metro Area",107319,,98905,786,3453,1005,204,186,1165,284,0,172,44,58,3548,954,0,172,3548,954
310M300US30460,30460,"Lexington-Fayette, KY Metro Area",506751,,410577,3648,55614,1657,1240,452,13831,1087,201,324,12164,3787,13124,2218,1592,803,11532,2009
310M300US30620,30620,"Lima, OH Metro Area",103742,,85612,926,12198,1238,245,278,917,316,0,189,1244,995,3526,1212,287,309,3239,1168
310M300US30700,30700,"Lincoln, NE Metro Area",326591,1382,283968,2216,12694,1976,1952,506,12613,2793,3,8,4719,1418,10642,3142,917,625,9725,3074
310M300US30780,30780,"Little Rock-North Little Rock-Conway, AR Metro Area",734381,1933,515314,3627,168653,2922,2255,642,12252,1117,772,885,13313,3244,21822,4087,4799,2845,17023,3005
310M300US30860,30860,"Logan, UT-ID Metro Area",135439,1242,122279,1778,1021,178,382,318,3245,627,473,113,5386,1626,2653,991,189,214,2464,962
310M300US30980,30980,"Longview, TX Metro Area",217446,,168092,2135,37905,1815,838,376,2911,1289,0,220,4099,1839,3601,1208,281,309,3320,1219
310M300US31020,31020,"Longview, WA Metro Area",105160,,95117,1380,403,431,1316,873,926,391,69,117,1800,1137,5529,944,306,258,5223,977
310M300US31080,31080,"Los Angeles-Long Beach-Anaheim, CA Metro Area",13310447,,7080092,36892,880118,9141,78813,6973,2112197,8716,36895,2561,2611308,36710,511024,14633,126943,7263,384081,13731
310M300US31140,31140,"Louisville/Jefferson County, KY-IN Metro Area",1283297,3108,1028676,4700,183184,3723,2352,756,25931,1744,545,289,8928,2387,33681,3708,2050,774,31631,3629
310M300US31180,31180,"Lubbock, TX Metro Area",313910,1468,257959,3967,21753,1520,3949,1965,5863,930,1000,1067,15834,3509,7552,1816,2330,683,5222,1550
310M300US31340,31340,"Lynchburg, VA Metro Area",261167,2618,204175,2642,45746,2357,518,455,2409,526,85,142,1466,554,6768,1676,821,622,5947,1576
310M300US31420,31420,"Macon-Bibb County, GA Metro Area",226998,2395,114778,2655,101154,2200,425,241,3662,324,0,218,2177,1425,4802,1996,247,346,4555,1944
310M300US31460,31460,"Madera, CA Metro Area",154697,,109705,5232,4535,928,3262,2146,2748,636,312,466,28121,5377,6014,1682,1343,1001,4671,1415
310M300US31540,31540,"Madison, WI Metro Area",648929,,556439,3458,26360,2409,2687,1263,31557,1276,373,255,12052,3610,19461,2787,1799,962,17662,2790
310M300US31700,31700,"Manchester-Nashua, NH Metro Area",407761,,367574,2534,9702,1281,467,294,14874,1366,32,60,5283,2007,9829,1907,775,477,9054,1843
310M300US31740,31740,"Manhattan, KS Metro Area",97004,,82478,1084,4512,1172,597,389,3931,504,264,329,1173,809,4049,1610,453,503,3596,1563
310M300US31860,31860,"Mankato-North Mankato, MN Metro Area",100016,,93144,680,2670,819,319,55,1682,390,0,149,436,289,1765,882,125,144,1640,863
310M300US31900,31900,"Mansfield, OH Metro Area",121107,,104750,650,12153,802,253,144,821,329,85,159,630,389,2415,799,247,320,2168,753
310M300US32420,32420,"Mayagüez, PR Metro Area",93970,1963,27528,3853,3341,1295,664,1095,0,222,9,19,60313,3999,2115,1174,720,596,1395,1005
310M300US32580,32580,"McAllen-Edinburg-Mission, TX Metro Area",849843,,717201,14786,2922,1854,1953,1274,9403,1857,93,118,105943,13629,12328,3690,9556,3574,2772,1403
310M300US32780,32780,"Medford, OR Metro Area",216527,,192932,3247,1390,775,2298,1037,2803,720,635,294,8039,3449,8430,2061,547,522,7883,1976
310M300US32820,32820,"Memphis, TN-MS-AR Metro Area",1346437,3104,623835,5249,626964,5603,3895,1658,27365,1884,314,209,35970,4462,28094,4678,2034,767,26060,4624
310M300US32900,32900,"Merced, CA Metro Area",268672,,149377,7261,8492,802,2522,840,21156,857,32,56,77857,7468,9236,2702,4854,2026,4382,1609
310M300US33100,33100,"Miami-Fort Lauderdale-West Palm Beach, FL Metro Area",6066387,,4263038,16009,1288585,10478,12487,3288,151537,3654,3527,1212,214451,15359,132762,10200,30382,4826,102380,9625
310M300US33140,33140,"Michigan City-La Porte, IN Metro Area",110015,,91255,1176,11928,1022,610,407,889,239,63,110,2249,1074,3021,1132,781,688,2240,979
310M300US33220,33220,"Midland, MI Metro Area",83462,,77534,577,1235,569,228,170,1738,416,0,168,403,448,2324,954,572,503,1752,705
310M300US33260,33260,"Midland, TX Metro Area",168323,1289,143012,2794,11496,1801,690,672,3386,443,88,132,6006,1876,3645,1597,1537,1069,2108,1165
310M300US33340,33340,"Milwaukee-Waukesha-West Allis, WI Metro Area",1572482,,1140827,5176,258391,2869,6830,1337,57639,1864,450,270,63559,5621,44786,4313,5475,1568,39311,4225
310M300US33460,33460,"Minneapolis-St. Paul-Bloomington, MN-WI Metro Area",3551036,,2809022,6035,287397,5772,21916,2368,227212,4269,1151,498,85643,6337,118695,7441,10885,2722,107810,6699
310M300US33540,33540,"Missoula, MT Metro Area",116130,,106680,544,715,610,3019,1098,1855,389,0,168,237,246,3624,1184,547,437,3077,1145
310M300US33660,33660,"Mobile, AL Metro Area",414836,,243284,1591,148001,1565,3328,797,8269,659,20,33,4702,1925,7232,1697,395,441,6837,1682
310M300US33700,33700,"Modesto, CA Metro Area",541560,,395715,8826,17096,1389,3427,1152,30615,1763,3166,605,68689,8789,22852,3334,5612,1584,17240,3047
310M300US33740,33740,"Monroe, LA Metro Area",179470,,109835,1570,65250,1752,292,223,1613,152,0,208,577,654,1903,923,540,424,1363,750
310M300US33780,33780,"Monroe, MI Metro Area",149208,,140808,1062,4242,352,804,229,952,200,0,168,514,422,1888,882,94,142,1794,865
310M300US33860,33860,"Montgomery, AL Metro Area",376163,1437,186962,1487,170266,2044,590,268,6655,1487,87,154,4953,1423,6650,2348,199,221,6451,2361
310M300US34060,34060,"Morgantown, WV Metro Area",138380,,124464,1195,5983,1126,531,541,4051,457,66,116,668,546,2617,1050,325,368,2292,1004
310M300US34100,34100,"Morristown, TN Metro Area",117320,,107629,1541,3394,1291,556,655,1792,1181,25,57,2229,1323,1695,848,251,378,1444,813
310M300US34580,34580,"Mount Vernon-Anacortes, WA Metro Area",123681,,102076,2965,736,168,2356,569,2563,460,354,62,11035,3087,4561,971,872,575,3689,700
310M300US34620,34620,"Muncie, IN Metro Area",115603,,101294,597,8952,1156,226,191,1473,446,340,439,979,941,2339,935,234,237,2105,924
310M300US34740,34740,"Muskegon, MI Metro Area",173408,,139261,1335,24450,1199,1249,584,1128,219,0,168,1092,557,6228,1655,560,605,5668,1464
310M300US34820,34820,"Myrtle Beach-Conway-North Myrtle Beach, SC-NC Metro Area",449295,,366557,2939,57122,2102,2783,751,5133,832,192,305,9474,2973,8034,2803,1578,895,6456,2521
310M300US34900,34900,"Napa, CA Metro Area",142166,,110943,3409,2718,541,1160,550,11301,771,269,110,10439,3256,5336,1211,1282,759,4054,926
310M300US34940,34940,"Naples-Immokalee-Marco Island, FL Metro Area",365136,,321423,3624,26142,688,987,595,4794,671,0,221,7911,3601,3879,1381,964,598,2915,1248
310M300US34980,34980,"Nashville-Davidson--Murfreesboro--Franklin, TN Metro Area",1865535,2005,1460806,5269,285059,3797,4851,1348,51399,2017,1224,763,19678,4420,42518,5017,3630,1323,38888,4627
310M300US35100,35100,"New Bern, NC Metro Area",124635,2713,86309,2788,25996,2607,924,346,3236,385,50,80,3276,1704,4844,2249,10,21,4834,2249
310M300US35300,35300,"New Haven-Milford, CT Metro Area",856875,,635115,6494,110901,4386,1827,1568,35579,1564,423,312,45612,6241,27418,4272,4234,1626,23184,3832
310M300US35380,35380,"New Orleans-Metairie, LA Metro Area",1268883,,728536,4542,442404,4433,4704,1062,36865,1366,511,379,30290,4785,25573,4388,3898,1930,21675,3555
310M300US35620,35620,"New York-Newark-Jersey City, NY-NJ-PA Metro Area",20153634,,11704438,37917,3430610,18713,60590,6112,2215765,12744,9815,2609,2116540,43116,615876,21605,173398,13097,442478,17009
310M300US35660,35660,"Niles-Benton Harbor, MI Metro Area",154010,,120388,1390,22043,1168,413,232,2977,291,16,25,2443,1566,5730,1322,945,534,4785,1289
310M300US35840,35840,"North Port-Sarasota-Bradenton, FL Metro Area",788457,,695689,4074,51190,2101,2020,826,13687,950,228,209,11285,3744,14358,2635,2468,1275,11890,2377
310M300US35980,35980,"Norwich-New London, CT Metro Area",269801,,218961,2702,15524,1751,1730,666,12084,875,59,76,9528,2299,11915,2713,1413,745,10502,2516
310M300US36100,36100,"Ocala, FL Metro Area",349020,,286955,2818,44143,2686,194,150,4308,1219,122,218,1951,1003,11347,2681,2437,1804,8910,2154
310M300US36140,36140,"Ocean City, NJ Metro Area",94430,,86834,494,3321,1410,63,110,806,408,127,184,648,414,2631,1494,38,79,2593,1491
310M300US36220,36220,"Odessa, TX Metro Area",157462,,134245,3370,7643,1162,1069,1011,1809,220,0,220,8735,3466,3961,1361,545,368,3416,1452
310M300US36260,36260,"Ogden-Clearfield, UT Metro Area",656061,1784,590570,5396,7293,1222,3851,1389,9480,1472,3336,842,21869,4595,19662,3149,3794,1651,15868,2613
310M300US36420,36420,"Oklahoma City, OK Metro Area",1373211,,1017677,6049,140064,3834,51189,4411,42025,2594,1515,907,33596,5382,87145,5816,4580,1321,82565,5763
310M300US36500,36500,"Olympia-Tumwater, WA Metro Area",275222,,226065,1574,8506,1508,3433,917,16030,1379,2555,486,2870,1198,15763,1976,1097,728,14666,1881
310M300US36540,36540,"Omaha-Council Bluffs, NE-IA Metro Area",924495,951,785781,3263,70043,2058,3258,655,25422,1552,591,310,15059,3074,24341,2554,1299,598,23042,2371
310M300US36740,36740,"Orlando-Kissimmee-Sanford, FL Metro Area",2441257,,1737993,15713,403912,10559,4102,1289,106248,3425,562,331,106283,12974,82157,9031,20253,5077,61904,7581
310M300US36780,36780,"Oshkosh-Neenah, WI Metro Area",169886,,156755,812,3786,409,1004,417,4567,476,0,147,1112,663,2662,783,78,95,2584,796
310M300US36980,36980,"Owensboro, KY Metro Area",119706,2069,110800,2125,5213,591,18,39,1645,431,0,190,202,328,1828,663,0,190,1828,663
310M300US37100,37100,"Oxnard-Thousand Oaks-Ventura, CA Metro Area",849738,,681115,6764,14929,1203,5746,2319,60772,2453,1787,739,45523,6228,39866,4606,6241,1513,33625,4443
310M300US37340,37340,"Palm Bay-Melbourne-Titusville, FL Metro Area",579130,,478586,3797,57238,2989,1254,893,14164,972,170,165,10763,3583,16955,2971,1275,684,15680,2942
310M300US37460,37460,"Panama City, FL Metro Area",200893,2273,165175,2470,22512,1415,317,314,5609,655,34,65,1066,828,6180,1453,317,294,5863,1381
310M300US37860,37860,"Pensacola-Ferry Pass-Brent, FL Metro Area",485684,,363373,2051,80985,2794,3068,1088,13146,1556,602,452,4484,1528,20026,3018,820,485,19206,3047
310M300US37900,37900,"Peoria, IL Metro Area",376044,1231,318563,1890,36009,1708,976,292,9679,557,103,151,2472,1142,8242,2376,1283,634,6959,2255
310M300US37980,37980,"Philadelphia-Camden-Wilmington, PA-NJ-DE-MD Metro Area",6070500,,4057149,12284,1260847,10074,12998,2118,355212,4042,2167,1012,209855,12171,172272,10704,27271,4494,145001,8699
310M300US38060,38060,"Phoenix-Mesa-Scottsdale, AZ Metro Area",4661537,,3565081,17929,249321,5890,104096,4722,177288,4330,11165,1195,389493,17913,165093,10553,33993,6202,131100,8440
310M300US38220,38220,"Pine Bluff, AR Metro Area",94071,973,46435,753,45873,805,126,119,291,266,0,197,701,397,645,445,16,32,629,444
310M300US38300,38300,"Pittsburgh, PA Metro Area",2342299,,2032618,2702,187693,4666,1652,562,52885,1926,727,571,8998,2140,57726,5180,2801,1536,54925,4909
310M300US38340,38340,"Pittsfield, MA Metro Area",126903,,116668,1023,3428,944,260,272,2049,468,67,88,1200,841,3231,1187,419,361,2812,1147
310M300US38540,38540,"Pocatello, ID Metro Area",84377,,74610,1416,280,195,3335,700,1480,275,0,198,2279,1227,2393,1050,258,246,2135,979
310M300US38660,38660,"Ponce, PR Metro Area",309424,2389,210708,7323,13749,2452,189,306,139,124,0,222,45641,5135,38998,4862,1010,532,37988,4810
310M300US38860,38860,"Portland-South Portland, ME Metro Area",529657,,496345,1386,11105,1374,1294,533,10481,1182,0,172,807,499,9625,2222,300,329,9325,2112
310M300US38900,38900,"Portland-Vancouver-Hillsboro, OR-WA Metro Area",2425325,1517,1971902,9222,69698,3661,16037,2768,156547,4245,11940,1968,77409,7964,121792,8023,11517,3312,110275,7149
310M300US38940,38940,"Port St. Lucie, FL Metro Area",465208,,366768,3900,69113,2920,2310,1264,7257,803,179,300,11222,3537,8359,2831,1822,1482,6537,2298
310M300US39140,39140,"Prescott, AZ Metro Area",225562,,209960,2008,1130,330,3491,704,2368,627,207,312,4025,1912,4381,977,241,233,4140,972
310M300US39300,39300,"Providence-Warwick, RI-MA Metro Area",1614750,,1319192,7740,90863,4500,5409,1766,50289,2291,1742,958,100837,8133,46418,4603,10650,2566,35768,3640
310M300US39340,39340,"Provo-Orem, UT Metro Area",602543,1849,558255,3696,3348,737,4239,1934,8277,1354,5465,1030,5729,1835,17230,1969,1017,514,16213,1893
310M300US39380,39380,"Pueblo, CO Metro Area",165123,,133330,3124,4192,1048,8264,2066,1310,421,127,165,13092,2764,4808,1218,1054,503,3754,1077
310M300US39460,39460,"Punta Gorda, FL Metro Area",178465,,160324,1079,11548,1275,124,204,1660,782,514,780,1328,678,2967,1327,459,489,2508,1097
310M300US39540,39540,"Racine, WI Metro Area",195140,,156136,2446,21484,1657,1268,641,2903,248,0,147,7096,2197,6253,2394,1138,773,5115,2296
310M300US39580,39580,"Raleigh, NC Metro Area",1302946,,881247,6879,261627,4907,6770,1835,70278,2478,168,193,44164,7414,38692,4710,4257,1483,34435,4705
310M300US39660,39660,"Rapid City, SD Metro Area",143367,2655,121367,2802,1753,368,11595,1957,1860,440,14,28,527,335,6251,1669,712,733,5539,1573
310M300US39740,39740,"Reading, PA Metro Area",414812,,343554,5162,18603,1950,4478,2601,5504,785,0,174,14887,2992,27786,4630,2254,1156,25532,4440
310M300US39820,39820,"Redding, CA Metro Area",179631,,158293,1181,1791,496,2942,822,6016,877,77,124,1522,651,8990,1413,372,265,8618,1385
310M300US39900,39900,"Reno, NV Metro Area",457387,1116,358848,6383,10641,1316,6826,871,25610,1966,2436,420,32994,5649,20032,4254,2801,2651,17231,3396
310M300US40060,40060,"Richmond, VA Metro Area",1282066,5421,793353,6328,375280,5248,3897,904,49189,1760,1092,454,19539,3543,39716,4261,2417,992,37299,4144
310M300US40140,40140,"Riverside-San Bernardino-Ontario, CA Metro Area",4527837,,2720786,24206,335297,6874,35519,4771,301375,5440,13964,1584,909062,24811,211834,12071,56843,7472,154991,10304
310M300US40220,40220,"Roanoke, VA Metro Area",312576,1106,253208,1944,43570,1856,931,727,7807,1102,123,225,2765,1741,4172,1188,332,333,3840,1098
310M300US40340,40340,"Rochester, MN Metro Area",215884,,188158,1678,9179,939,985,437,10040,1034,0,149,3216,1189,4306,1368,282,224,4024,1351
310M300US40380,40380,"Rochester, NY Metro Area",1078879,,877196,3254,123838,3120,4183,1210,29755,1924,499,397,15894,3014,27514,3455,3832,1633,23682,3356
310M300US40420,40420,"Rockford, IL Metro Area",339376,,274601,2961,36965,2185,217,295,7903,908,140,217,7961,2438,11589,2400,767,491,10822,2382
310M300US40580,40580,"Rocky Mount, NC Metro Area",147323,,70817,1472,68498,1030,594,361,874,222,0,203,4239,1493,2301,1268,193,282,2108,1227
310M300US40660,40660,"Rome, GA Metro Area",96560,,74482,2530,13603,859,14,26,1623,218,0,218,4690,2519,2148,878,146,184,2002,868
310M300US40900,40900,"Sacramento--Roseville--Arden-Arcade, CA Metro Area",2296418,,1507094,12544,161773,4650,16771,2810,296073,5737,17904,1763,148451,12208,148352,8143,19385,2899,128967,7375
310M300US40980,40980,"Saginaw, MI Metro Area",192326,,144965,1536,35768,1488,493,294,2503,358,61,92,2800,967,5736,1748,880,565,4856,1577
310M300US41060,41060,"St. Cloud, MN Metro Area",195644,,175292,847,10607,1005,268,165,3970,542,0,149,2483,910,3024,1209,524,398,2500,1098
310M300US41100,41100,"St. George, UT Metro Area",160245,,143282,2651,624,445,2161,730,1461,351,1646,156,7247,3020,3824,1820,1248,1259,2576,854
310M300US41140,41140,"St. Joseph, MO-KS Metro Area",127528,1292,113250,1449,6195,1206,729,426,1291,355,256,246,1725,1011,4082,1388,312,313,3770,1312
310M300US41180,41180,"St. Louis, MO-IL Metro Area",2807954,1937,2136646,4371,510222,4645,6049,1372,70984,2587,950,622,22043,3758,61060,6120,2732,1133,58328,5853
310M300US41420,41420,"Salem, OR Metro Area",418139,,339076,5254,5164,877,4283,1157,8321,1220,2771,1214,24770,4578,33754,5668,2137,1071,31617,5815
310M300US41500,41500,"Salinas, CA Metro Area",435232,,242774,8535,11055,996,1903,767,24852,1665,1086,704,135093,8640,18469,2446,3084,1322,15385,2068
310M300US41540,41540,"Salisbury, MD-DE Metro Area",400200,,307246,2488,69276,2379,1748,796,6891,1122,1171,1512,3710,1677,10158,2080,862,543,9296,1934
310M300US41620,41620,"Salt Lake City, UT Metro Area",1186187,,939442,8466,19666,1848,6961,1776,45031,1976,17415,1691,118837,8030,38835,4433,6666,1648,32169,3897
310M300US41660,41660,"San Angelo, TX Metro Area",120189,754,107153,1733,5937,766,506,333,1289,343,0,220,3385,1430,1919,432,277,216,1642,408
310M300US41700,41700,"San Antonio-New Braunfels, TX Metro Area",2429609,,1943497,14065,168025,4974,15230,5151,61891,1833,3119,1597,169578,13254,68269,6062,15541,2731,52728,5249
310M300US41740,41740,"San Diego-Carlsbad, CA Metro Area",3317749,,2385470,13363,165878,4873,24980,4012,389369,7045,14356,2378,169165,11416,168531,9351,27220,4102,141311,8288
310M300US41860,41860,"San Francisco-Oakland-Hayward, CA Metro Area",4679166,,2340479,16761,339263,5720,19711,3134,1196801,9866,31876,2070,456941,18812,294095,12224,54154,6487,239941,10346
310M300US41940,41940,"San Jose-Sunnyvale-Santa Clara, CA Metro Area",1978816,,892966,12780,47363,2573,9183,2611,685298,5559,8627,1061,232250,12905,103129,7039,22812,4090,80317,5825
310M300US41980,41980,"San Juan-Carolina-Caguas, PR Metro Area",2160992,3426,1495665,14312,297925,12082,6649,2139,4580,1663,133,177,269182,11965,86858,8164,12666,2496,74192,7780
310M300US42020,42020,"San Luis Obispo-Paso Robles-Arroyo Grande, CA Metro Area",282887,,238692,4625,5167,921,2262,874,10989,1132,28,51,16126,4484,9623,1989,2051,804,7572,1838
310M300US42100,42100,"Santa Cruz-Watsonville, CA Metro Area",274673,,203973,6944,2908,730,1797,1006,13692,1246,43,74,40674,7208,11586,2286,2402,1331,9184,1850
310M300US42140,42140,"Santa Fe, NM Metro Area",148651,,126078,2545,1260,179,5173,1007,1976,462,38,50,9950,2047,4176,1291,2010,993,2166,871
310M300US42200,42200,"Santa Maria-Santa Barbara, CA Metro Area",446170,,341741,8761,8202,939,4863,1784,24802,1753,94,117,46374,7599,20094,2993,3756,1392,16338,2707
310M300US42220,42220,"Santa Rosa, CA Metro Area",503070,,371195,7398,8632,1893,4397,1312,21487,1579,1542,650,71200,8437,24617,4076,3407,1730,21210,3658
310M300US42340,42340,"Savannah, GA Metro Area",384024,,229451,2739,126698,2718,901,431,7057,1436,623,605,5628,1895,13666,2889,1327,616,12339,2835
310M300US42540,42540,"Scranton--Wilkes-Barre--Hazleton, PA Metro Area",555225,,505907,2729,20101,2142,695,386,9057,991,135,166,8426,2548,10904,2202,1265,868,9639,2065
310M300US42660,42660,"Seattle-Tacoma-Bellevue, WA Metro Area",3798902,,2621458,10795,210964,7424,30043,3656,494718,8018,33491,2610,153528,11298,254700,12748,16737,2813,237963,12116
310M300US42680,42680,"Sebastian-Vero Beach, FL Metro Area",151563,,129043,3395,11560,2324,459,522,1978,596,0,221,3617,3275,4906,2604,0,221,4906,2604
310M300US42700,42700,"Sebring, FL Metro Area",100917,,78733,2596,10396,1080,74,129,1361,417,0,221,8941,2646,1412,932,0,221,1412,932
310M300US43100,43100,"Sheboygan, WI Metro Area",115427,,104025,620,2495,469,291,177,6384,511,0,147,251,267,1981,704,32,54,1949,693
310M300US43300,43300,"Sherman-Denison, TX Metro Area",128235,,111018,2382,5527,1109,1352,464,1826,375,16,30,3119,2395,5377,1299,128,164,5249,1297
310M300US43340,43340,"Shreveport-Bossier City, LA Metro Area",441767,,247658,1958,176066,1131,961,518,5353,870,261,279,4243,2120,7225,1678,571,508,6654,1594
310M300US43420,43420,"Sierra Vista-Douglas, AZ Metro Area",125770,,109899,1329,5077,679,1875,538,2783,286,434,204,1913,909,3789,1241,565,312,3224,1197
310M300US43580,43580,"Sioux City, IA-NE-SD Metro Area",167947,1911,146129,2693,4756,1110,926,643,4863,685,749,791,5063,1706,5461,1198,556,635,4905,1079
310M300US43620,43620,"Sioux Falls, SD Metro Area",256479,462,226898,1608,9853,1172,4080,1041,5340,1050,67,88,3537,1577,6704,1656,555,411,6149,1634
310M300US43780,43780,"South Bend-Mishawaka, IN-MI Metro Area",320740,,255456,2302,37757,1884,2086,1157,6836,886,190,238,9247,2432,9168,2047,402,381,8766,1994
310M300US43900,43900,"Spartanburg, SC Metro Area",329136,,239350,2109,69600,1638,197,215,6514,747,30,54,4860,2088,8585,1975,695,492,7890,1832
310M300US44060,44060,"Spokane-Spokane Valley, WA Metro Area",556264,1517,488967,2963,9296,1731,9983,2349,12204,1694,2937,394,9171,2439,23706,3004,1922,1077,21784,2861
310M300US44100,44100,"Springfield, IL Metro Area",208892,1284,173331,1496,26111,1029,313,254,3600,437,124,145,719,579,4694,1076,237,320,4457,1052
310M300US44140,44140,"Springfield, MA Metro Area",630283,,531244,4826,44832,2234,1081,507,17682,1670,265,257,16057,3897,19122,3390,3912,1961,15210,3051
310M300US44180,44180,"Springfield, MO Metro Area",456434,2587,417783,2873,11128,1105,4269,1313,6422,1114,151,138,5235,1590,11446,1960,1067,625,10379,1834
310M300US44220,44220,"Springfield, OH Metro Area",134786,,117082,735,9921,946,289,275,393,272,53,87,808,699,6240,1027,97,155,6143,1020
310M300US44300,44300,"State College, PA Metro Area",161464,,142112,412,5949,433,115,137,8766,1354,80,110,437,302,4005,1439,1190,1218,2815,912
310M300US44420,44420,"Staunton-Waynesboro, VA Metro Area",121247,,106039,1482,9247,1738,499,462,548,702,416,515,835,878,3663,1014,325,398,3338,948
310M300US44700,44700,"Stockton-Lodi, CA Metro Area",733709,,417952,8981,52126,1908,5428,1925,111547,3304,4697,545,74430,8657,67529,6640,9556,2438,57973,6038
310M300US44940,44940,"Sumter, SC Metro Area",107396,,51345,1072,51510,999,104,121,1659,286,142,255,400,426,2236,1546,258,370,1978,1302
310M300US45060,45060,"Syracuse, NY Metro Area",656510,,552275,1849,55848,1946,2156,681,18869,1120,308,273,6617,1708,20437,2417,1016,538,19421,2362
310M300US45220,45220,"Tallahassee, FL Metro Area",380110,2009,231135,2916,124974,3324,1126,592,10259,664,328,429,3580,1254,8708,2523,365,244,8343,2551
310M300US45300,45300,"Tampa-St. Petersburg-Clearwater, FL Metro Area",3032171,,2370888,10902,363562,7267,9427,1977,102940,3120,2289,411,92439,9824,90626,8213,10792,2419,79834,7791
310M300US45460,45460,"Terre Haute, IN Metro Area",169518,2339,153209,2471,7433,1054,600,282,2518,589,47,89,853,485,4858,1163,577,298,4281,1141
310M300US45500,45500,"Texarkana, TX-AR Metro Area",149721,2150,106766,2145,35734,1464,968,442,1544,355,568,625,1092,468,3049,1184,284,188,2765,1187
310M300US45540,45540,"The Villages, FL Metro Area",123996,,110567,857,8261,1168,26,58,558,486,238,391,1268,764,3078,1341,632,535,2446,1108
310M300US45780,45780,"Toledo, OH Metro Area",605221,,472463,2502,86847,2107,1326,491,9020,1115,543,458,13444,2271,21578,2897,4292,1536,17286,2453
310M300US45820,45820,"Topeka, KS Metro Area",233068,,194401,2925,15112,1480,3282,789,2475,725,261,234,9353,3290,8184,1839,641,621,7543,1692
310M300US45940,45940,"Trenton, NJ Metro Area",371023,,238907,2679,78453,2932,493,453,40864,982,597,767,4213,1548,7496,1970,933,751,6563,1783
310M300US46060,46060,"Tucson, AZ Metro Area",1016206,,774608,9651,34344,2361,32670,2893,28713,1809,1550,609,94614,8587,49707,5881,9993,2635,39714,5660
310M300US46140,46140,"Tulsa, OK Metro Area",987958,1261,700975,3263,77724,2085,72382,3296,23630,1037,493,223,29150,3243,83604,4122,3510,1014,80094,4043
310M300US46220,46220,"Tuscaloosa, AL Metro Area",239593,3074,149833,2336,81233,2689,112,125,3436,241,0,195,3272,1425,1707,922,105,155,1602,879
310M300US46340,46340,"Tyler, TX Metro Area",225290,,170784,2599,39062,1120,1092,347,3832,314,159,242,6557,2415,3804,1413,715,614,3089,1265
310M300US46520,46520,"Urban Honolulu, HI Metro Area",992605,,209223,4493,23269,1872,1636,752,421281,8343,93165,5142,8029,1895,236002,10630,7054,1584,228948,10552
310M300US46540,46540,"Utica-Rome, NY Metro Area",293803,,257871,1407,14540,1820,445,363,10006,565,88,109,2707,1064,8146,1716,543,406,7603,1734
310M300US46660,46660,"Valdosta, GA Metro Area",144504,1110,87681,1753,51827,1656,323,203,983,891,113,143,1840,1091,1737,993,298,265,1439,927
310M300US46700,46700,"Vallejo-Fairfield, CA Metro Area",440207,,219084,5523,64438,2738,1568,594,66560,2461,3713,722,46315,5117,38529,4374,6189,1627,32340,4049
310M300US47020,47020,"Victoria, TX Metro Area",100227,1396,86944,2153,6769,1019,347,443,1552,263,164,275,3597,1615,854,513,355,347,499,388
310M300US47220,47220,"Vineland-Bridgeton, NJ Metro Area",153797,,103640,2980,28739,2025,1960,943,2258,478,0,200,10350,2274,6850,2031,1876,1215,4974,1637
310M300US47260,47260,"Virginia Beach-Norfolk-Newport News, VA-NC Metro Area",1725937,3738,1021604,4819,522323,6349,3766,886,66927,3477,3051,1755,29100,4294,79166,5915,7953,1811,71213,5925
310M300US47300,47300,"Visalia-Porterville, CA Metro Area",460437,,340284,8818,6167,1041,6233,1839,20506,5985,908,349,72610,7194,13729,2347,4245,1268,9484,2052
310M300US47380,47380,"Waco, TX Metro Area",264869,2261,204150,3467,39976,1601,1135,537,3911,680,149,256,9646,2204,5902,1571,1377,679,4525,1185
310M300US47460,47460,"Walla Walla, WA Metro Area",64210,1147,53488,2060,764,348,593,325,1295,492,154,175,5459,1505,2457,985,899,832,1558,417
310M300US47580,47580,"Warner Robins, GA Metro Area",189753,2051,111391,3120,61592,2664,725,564,5369,1045,139,242,3899,1651,6638,2279,1551,1225,5087,1916
310M300US47900,47900,"Washington-Arlington-Alexandria, DC-VA-MD-WV Metro Area",6133552,2850,3308818,16667,1559363,9466,18553,2906,616946,6296,3654,1062,385082,16747,241136,9712,32729,4374,208407,9223
310M300US47940,47940,"Waterloo-Cedar Falls, IA Metro Area",170015,,149217,1038,12235,1111,834,538,3684,440,719,819,1086,656,2240,797,122,134,2118,784
310M300US48060,48060,"Watertown-Fort Drum, NY Metro Area",114006,,98583,1004,5871,1264,1667,1090,1998,456,41,57,1425,603,4421,1155,629,575,3792,1023
310M300US48140,48140,"Wausau, WI Metro Area",135603,,123417,670,483,271,456,220,7976,482,0,147,760,537,2511,560,62,90,2449,562
310M300US48300,48300,"Wenatchee, WA Metro Area",117665,,96917,2866,1622,1143,249,272,1460,625,157,234,11801,2267,5459,2347,1515,1056,3944,2084
310M300US48540,48540,"Wheeling, WV-OH Metro Area",142982,,134731,395,5219,824,403,315,426,426,0,193,383,263,1820,600,253,313,1567,608
310M300US48620,48620,"Wichita, KS Metro Area",645447,1106,525495,5003,45754,3144,5621,1331,21727,1116,469,623,19382,4817,26999,3489,2151,870,24848,3376
310M300US48660,48660,"Wichita Falls, TX Metro Area",150734,,121951,1946,13154,1252,1514,884,3773,561,151,188,4036,1729,6155,1950,1605,1332,4550,1411
310M300US48700,48700,"Williamsport, PA Metro Area",115248,,106461,330,5208,901,11,24,637,265,17,34,296,357,2618,889,166,202,2452,887
310M300US48900,48900,"Wilmington, NC Metro Area",282573,,225809,1907,40496,1878,707,482,2296,802,176,237,5710,1322,7379,1818,205,230,7174,1820
310M300US49020,49020,"Winchester, VA-WV Metro Area",138878,2454,125917,3109,5407,1783,675,581,1764,544,0,193,1114,879,4001,1145,126,146,3875,1155
310M300US49180,49180,"Winston-Salem, NC Metro Area",662079,,501220,3937,117632,2677,1818,726,11444,812,21,40,14309,3401,15635,2801,1640,864,13995,2467
310M300US49340,49340,"Worcester, MA-CT Metro Area",935781,,786293,6016,43461,2318,2087,989,41557,1306,292,202,36219,5235,25872,2934,5208,1649,20664,2419
310M300US49420,49420,"Yakima, WA Metro Area",249636,,194416,4876,3499,2488,10785,973,2502,726,35,69,30169,5097,8230,2109,1946,1218,6284,1880
310M300US49620,49620,"York-Hanover, PA Metro Area",443744,,391834,2860,25561,2355,943,475,6918,424,231,303,7853,2749,10404,2081,737,428,9667,2137
310M300US49660,49660,"Youngstown-Warren-Boardman, OH-PA Metro Area",544746,,465185,1540,59014,2253,837,420,3812,627,18,34,1983,756,13897,2599,626,409,13271,2523
310M300US49700,49700,"Yuba City, CA Metro Area",171926,,125342,2634,4003,697,1699,672,18505,2846,1877,1002,7302,2514,13198,3652,598,324,12600,3598
310M300US49740,49740,"Yuma, AZ Metro Area",205631,,112651,5219,3696,1174,2926,987,2719,429,266,298,78192,5352,5181,1581,628,434,4553,1517
